{
"type": "FeatureCollection",
"crs": { "type": "name", "properties": { "name": "urn:ogc:def:crs:OGC:1.3:CRS84" } },
"features": [
{ "type": "Feature", "properties": { "cduid": "5901", "cd_name": "East Kootenay", "hazard_score": 0.0080711253124747338, "annual_burn_share": 0.0023539457803008726, "owner_households": 22125.0 }, "geometry": { "type": "Polygon", "coordinates": [ [ [ -116.21908, 51.2945 ], [ -116.18851, 51.30148 ], [ -116.18215, 51.29544 ], [ -116.16413, 51.29779 ], [ -116.15157, 51.28716 ], [ -116.15324, 51.26343 ], [ -116.06517, 51.24793 ], [ -116.04927, 51.22744 ], [ -116.02668, 51.21988 ], [ -116.0076, 51.22201 ], [ -116.00002, 51.19395 ], [ -116.02136, 51.18708 ], [ -116.03684, 51.17005 ], [ -116.00741, 51.15634 ], [ -116.01561, 51.1381 ], [ -116.00875, 51.12604 ], [ -115.9683, 51.12216 ], [ -115.92361, 51.08311 ], [ -115.90386, 51.0829 ], [ -115.9009, 51.09376 ], [ -115.89474, 51.08613 ], [ -115.86793, 51.08929 ], [ -115.84246, 51.07648 ], [ -115.81278, 51.08649 ], [ -115.80281, 51.0696 ], [ -115.77626, 51.06654 ], [ -115.75342, 51.07441 ], [ -115.77359, 51.05772 ], [ -115.76704, 51.03939 ], [ -115.74311, 51.03395 ], [ -115.72676, 51.01869 ], [ -115.69235, 51.02856 ], [ -115.67056, 50.99996 ], [ -115.64883, 50.99752 ], [ -115.59704, 50.93986 ], [ -115.6098, 50.92628 ], [ -115.57846, 50.91336 ], [ -115.56208, 50.89425 ], [ -115.57786, 50.88834 ], [ -115.59265, 50.89264 ], [ -115.61691, 50.87941 ], [ -115.64893, 50.87415 ], [ -115.64151, 50.83983 ], [ -115.62698, 50.83343 ], [ -115.60656, 50.84564 ], [ -115.57309, 50.83774 ], [ -115.56078, 50.82653 ], [ -115.56043, 50.80473 ], [ -115.51694, 50.7802 ], [ -115.51209, 50.78639 ], [ -115.49756, 50.78235 ], [ -115.48111, 50.75518 ], [ -115.43628, 50.75573 ], [ -115.41239, 50.7336 ], [ -115.4138, 50.71126 ], [ -115.37892, 50.70533 ], [ -115.35456, 50.72271 ], [ -115.3123, 50.72393 ], [ -115.27415, 50.64892 ], [ -115.28843, 50.63765 ], [ -115.31194, 50.63824 ], [ -115.31145, 50.62858 ], [ -115.29687, 50.62621 ], [ -115.29535, 50.61304 ], [ -115.27791, 50.60107 ], [ -115.23965, 50.5892 ], [ -115.23018, 50.57751 ], [ -115.24191, 50.57122 ], [ -115.23098, 50.54488 ], [ -115.20813, 50.52782 ], [ -115.18617, 50.53979 ], [ -115.19089, 50.55405 ], [ -115.17355, 50.56759 ], [ -115.13614, 50.57438 ], [ -115.11752, 50.56975 ], [ -115.08527, 50.58975 ], [ -115.05208, 50.57145 ], [ -115.02053, 50.58469 ], [ -114.91217, 50.45137 ], [ -114.88778, 50.43563 ], [ -114.87471, 50.43956 ], [ -114.85983, 50.4238 ], [ -114.86226, 50.39449 ], [ -114.82482, 50.39332 ], [ -114.81253, 50.37826 ], [ -114.81916, 50.36906 ], [ -114.80879, 50.3707 ], [ -114.7891, 50.35805 ], [ -114.78449, 50.36282 ], [ -114.76863, 50.35879 ], [ -114.76622, 50.35074 ], [ -114.80002, 50.32977 ], [ -114.78042, 50.31527 ], [ -114.78035, 50.29984 ], [ -114.7694, 50.30259 ], [ -114.75283, 50.29382 ], [ -114.75212, 50.27318 ], [ -114.77023, 50.24999 ], [ -114.72467, 50.19018 ], [ -114.73263, 50.1693 ], [ -114.72496, 50.14074 ], [ -114.736, 50.12035 ], [ -114.70371, 50.09484 ], [ -114.6913, 50.07134 ], [ -114.66247, 50.06491 ], [ -114.67607, 50.04812 ], [ -114.65772, 50.02968 ], [ -114.66658, 50.00329 ], [ -114.65205, 49.99273 ], [ -114.6515, 49.97552 ], [ -114.65594, 49.96806 ], [ -114.68331, 49.96706 ], [ -114.69486, 49.94191 ], [ -114.69179, 49.89629 ], [ -114.63993, 49.82772 ], [ -114.64747, 49.81729 ], [ -114.63605, 49.78481 ], [ -114.65914, 49.76508 ], [ -114.63312, 49.73408 ], [ -114.63891, 49.71784 ], [ -114.67678, 49.69619 ], [ -114.65771, 49.66125 ], [ -114.66775, 49.63745 ], [ -114.67434, 49.64291 ], [ -114.69641, 49.62936 ], [ -114.70211, 49.63738 ], [ -114.72255, 49.62291 ], [ -114.74648, 49.61851 ], [ -114.7524, 49.6088 ], [ -114.73259, 49.57638 ], [ -114.69623, 49.54683 ], [ -114.68382, 49.55687 ], [ -114.64847, 49.54333 ], [ -114.62013, 49.54681 ], [ -114.58896, 49.5659 ], [ -114.5736, 49.55746 ], [ -114.57301, 49.52496 ], [ -114.59658, 49.50198 ], [ -114.59345, 49.47144 ], [ -114.60507, 49.43894 ], [ -114.59059, 49.39611 ], [ -114.57337, 49.38957 ], [ -114.56693, 49.37688 ], [ -114.52629, 49.3751 ], [ -114.52472, 49.35737 ], [ -114.48762, 49.34732 ], [ -114.47893, 49.32678 ], [ -114.49216, 49.3222 ], [ -114.49206, 49.31382 ], [ -114.45397, 49.2981 ], [ -114.44794, 49.26437 ], [ -114.38143, 49.25076 ], [ -114.40268, 49.24165 ], [ -114.39896, 49.21037 ], [ -114.34559, 49.19357 ], [ -114.31844, 49.19997 ], [ -114.2873, 49.17802 ], [ -114.25713, 49.17701 ], [ -114.24672, 49.18728 ], [ -114.22154, 49.18906 ], [ -114.21265, 49.17344 ], [ -114.16125, 49.15483 ], [ -114.14904, 49.14365 ], [ -114.16606, 49.13556 ], [ -114.14964, 49.11806 ], [ -114.15315, 49.09951 ], [ -114.12959, 49.0781 ], [ -114.09648, 49.05975 ], [ -114.08098, 49.05969 ], [ -114.0635, 49.04531 ], [ -114.05376, 49.02654 ], [ -114.06833, 48.99885 ], [ -116.02706, 49.00092 ], [ -116.02481, 49.04495 ], [ -116.03561, 49.05484 ], [ -116.02847, 49.19755 ], [ -116.10077, 49.19845 ], [ -116.07007, 49.23202 ], [ -116.07262, 49.25864 ], [ -116.10771, 49.28772 ], [ -116.13084, 49.27845 ], [ -116.168, 49.28926 ], [ -116.18896, 49.32193 ], [ -116.18522, 49.33702 ], [ -116.16533, 49.35228 ], [ -116.16682, 49.3684 ], [ -116.21052, 49.41355 ], [ -116.24166, 49.42016 ], [ -116.2374, 49.42814 ], [ -116.25988, 49.44797 ], [ -116.24527, 49.45798 ], [ -116.25779, 49.46799 ], [ -116.28485, 49.4724 ], [ -116.28783, 49.50534 ], [ -116.30345, 49.52098 ], [ -116.34951, 49.52376 ], [ -116.36239, 49.51309 ], [ -116.42351, 49.53366 ], [ -116.44023, 49.53245 ], [ -116.46392, 49.49703 ], [ -116.57958, 49.4552 ], [ -116.59515, 49.47702 ], [ -116.61779, 49.47211 ], [ -116.63234, 49.45868 ], [ -116.66735, 49.47222 ], [ -116.62517, 49.53884 ], [ -116.64465, 49.55872 ], [ -116.68921, 49.57274 ], [ -116.64536, 49.61976 ], [ -116.64829, 49.63075 ], [ -116.67757, 49.63335 ], [ -116.67539, 49.64829 ], [ -116.65733, 49.66781 ], [ -116.59457, 49.69475 ], [ -116.60763, 49.71578 ], [ -116.59092, 49.72489 ], [ -116.62384, 49.76389 ], [ -116.62438, 49.77691 ], [ -116.63946, 49.78514 ], [ -116.65846, 49.78166 ], [ -116.68504, 49.81181 ], [ -116.67359, 49.81685 ], [ -116.69717, 49.87453 ], [ -116.64563, 49.88259 ], [ -116.62254, 49.89726 ], [ -116.62076, 49.90997 ], [ -116.58481, 49.92968 ], [ -116.57883, 49.95462 ], [ -116.56557, 49.95298 ], [ -116.51014, 49.98499 ], [ -116.47188, 49.96624 ], [ -116.45126, 49.96561 ], [ -116.44207, 49.98776 ], [ -116.46582, 50.00143 ], [ -116.47144, 50.03791 ], [ -116.49826, 50.05618 ], [ -116.49517, 50.09379 ], [ -116.48011, 50.1147 ], [ -116.45917, 50.11779 ], [ -116.44992, 50.13346 ], [ -116.45361, 50.15501 ], [ -116.47563, 50.15947 ], [ -116.49052, 50.19089 ], [ -116.55681, 50.21288 ], [ -116.55496, 50.28349 ], [ -116.54079, 50.319 ], [ -116.59087, 50.30842 ], [ -116.61819, 50.31751 ], [ -116.62487, 50.33838 ], [ -116.6138, 50.35018 ], [ -116.64457, 50.4124 ], [ -116.68323, 50.43048 ], [ -116.72243, 50.46151 ], [ -116.68919, 50.49237 ], [ -116.69919, 50.5185 ], [ -116.67286, 50.53099 ], [ -116.65413, 50.5986 ], [ -116.63134, 50.59743 ], [ -116.61439, 50.63085 ], [ -116.59412, 50.61934 ], [ -116.57866, 50.63455 ], [ -116.57961, 50.64728 ], [ -116.60228, 50.65333 ], [ -116.60762, 50.66855 ], [ -116.65282, 50.67084 ], [ -116.65566, 50.68221 ], [ -116.6992, 50.67081 ], [ -116.74436, 50.67809 ], [ -116.74995, 50.69318 ], [ -116.76895, 50.70208 ], [ -116.7804, 50.69901 ], [ -116.79525, 50.71255 ], [ -116.78857, 50.72161 ], [ -116.79655, 50.7293 ], [ -116.783, 50.73455 ], [ -116.78997, 50.74553 ], [ -116.7752, 50.75116 ], [ -116.77195, 50.76674 ], [ -116.74535, 50.7713 ], [ -116.74952, 50.79085 ], [ -116.73763, 50.81323 ], [ -116.76534, 50.84574 ], [ -116.72321, 50.85402 ], [ -116.73358, 50.87541 ], [ -116.72709, 50.88028 ], [ -116.67216, 50.88978 ], [ -116.62873, 50.92067 ], [ -116.53571, 50.92097 ], [ -116.53538, 50.93514 ], [ -116.48819, 50.94052 ], [ -116.44365, 50.9352 ], [ -116.44436, 50.94982 ], [ -116.31832, 50.94908 ], [ -116.33704, 50.97548 ], [ -116.38098, 50.99924 ], [ -116.38459, 51.01187 ], [ -116.41847, 51.03659 ], [ -116.39106, 51.05558 ], [ -116.33978, 51.06435 ], [ -116.31847, 51.09546 ], [ -116.26216, 51.12655 ], [ -116.25645, 51.14079 ], [ -116.28434, 51.15139 ], [ -116.29754, 51.17997 ], [ -116.33212, 51.18061 ], [ -116.3434, 51.1922 ], [ -116.34647, 51.20778 ], [ -116.3271, 51.21461 ], [ -116.30109, 51.20866 ], [ -116.26337, 51.2218 ], [ -116.26223, 51.24301 ], [ -116.29657, 51.26169 ], [ -116.29024, 51.29085 ], [ -116.30519, 51.32538 ], [ -116.2826, 51.3315 ], [ -116.26802, 51.31193 ], [ -116.21908, 51.2945 ] ] ] } },
{ "type": "Feature", "properties": { "cduid": "5903", "cd_name": "Central Kootenay", "hazard_score": 0.0090369514973190328, "annual_burn_share": 0.0026356292363617518, "owner_households": 21800.0 }, "geometry": { "type": "Polygon", "coordinates": [ [ [ -117.26404, 51.0543 ], [ -117.20376, 51.06593 ], [ -117.19875, 51.05505 ], [ -117.16267, 51.04435 ], [ -117.16383, 51.02632 ], [ -117.13788, 51.02801 ], [ -117.13098, 51.02247 ], [ -117.13806, 51.00578 ], [ -117.16523, 50.99352 ], [ -117.15523, 50.97585 ], [ -117.12236, 50.97774 ], [ -117.10884, 50.96755 ], [ -117.06658, 50.97177 ], [ -117.03311, 50.95809 ], [ -117.06896, 50.92015 ], [ -117.0634, 50.90984 ], [ -117.08395, 50.86457 ], [ -117.06466, 50.85323 ], [ -117.04153, 50.85641 ], [ -117.05043, 50.82989 ], [ -117.03811, 50.815 ], [ -117.01556, 50.81988 ], [ -116.98964, 50.80921 ], [ -116.96426, 50.81029 ], [ -116.93258, 50.79678 ], [ -116.91616, 50.77057 ], [ -116.88027, 50.77015 ], [ -116.86108, 50.75669 ], [ -116.82819, 50.7589 ], [ -116.8206, 50.73515 ], [ -116.80956, 50.72659 ], [ -116.79655, 50.7293 ], [ -116.78857, 50.72161 ], [ -116.79525, 50.71255 ], [ -116.7804, 50.69901 ], [ -116.76895, 50.70208 ], [ -116.74995, 50.69318 ], [ -116.74436, 50.67809 ], [ -116.6992, 50.67081 ], [ -116.65566, 50.68221 ], [ -116.65282, 50.67084 ], [ -116.60762, 50.66855 ], [ -116.60228, 50.65333 ], [ -116.57961, 50.64728 ], [ -116.57866, 50.63455 ], [ -116.59412, 50.61934 ], [ -116.61439, 50.63085 ], [ -116.63134, 50.59743 ], [ -116.65413, 50.5986 ], [ -116.67286, 50.53099 ], [ -116.69919, 50.5185 ], [ -116.68919, 50.49237 ], [ -116.72243, 50.46151 ], [ -116.68323, 50.43048 ], [ -116.64457, 50.4124 ], [ -116.6138, 50.35018 ], [ -116.62487, 50.33838 ], [ -116.61819, 50.31751 ], [ -116.59087, 50.30842 ], [ -116.54079, 50.319 ], [ -116.55496, 50.28349 ], [ -116.55681, 50.21288 ], [ -116.50033, 50.19791 ], [ -116.47563, 50.15947 ], [ -116.45361, 50.15501 ], [ -116.45214, 50.12421 ], [ -116.48011, 50.1147 ], [ -116.49517, 50.09379 ], [ -116.49826, 50.05618 ], [ -116.47144, 50.03791 ], [ -116.46582, 50.00143 ], [ -116.44207, 49.98776 ], [ -116.45126, 49.96561 ], [ -116.47188, 49.96624 ], [ -116.51014, 49.98499 ], [ -116.56557, 49.95298 ], [ -116.57883, 49.95462 ], [ -116.58481, 49.92968 ], [ -116.62076, 49.90997 ], [ -116.62254, 49.89726 ], [ -116.64563, 49.88259 ], [ -116.69717, 49.87453 ], [ -116.67359, 49.81685 ], [ -116.68504, 49.81181 ], [ -116.65846, 49.78166 ], [ -116.63946, 49.78514 ], [ -116.62438, 49.77691 ], [ -116.62384, 49.76389 ], [ -116.59092, 49.72489 ], [ -116.60763, 49.71578 ], [ -116.59457, 49.69475 ], [ -116.65733, 49.66781 ], [ -116.67539, 49.64829 ], [ -116.67757, 49.63335 ], [ -116.64829, 49.63075 ], [ -116.64536, 49.61976 ], [ -116.68921, 49.57274 ], [ -116.64465, 49.55872 ], [ -116.62517, 49.53884 ], [ -116.66735, 49.47222 ], [ -116.63234, 49.45868 ], [ -116.61779, 49.47211 ], [ -116.59515, 49.47702 ], [ -116.57958, 49.4552 ], [ -116.46392, 49.49703 ], [ -116.44023, 49.53245 ], [ -116.42351, 49.53366 ], [ -116.36239, 49.51309 ], [ -116.34951, 49.52376 ], [ -116.30345, 49.52098 ], [ -116.28783, 49.50534 ], [ -116.28485, 49.4724 ], [ -116.25779, 49.46799 ], [ -116.24527, 49.45798 ], [ -116.25988, 49.44797 ], [ -116.2374, 49.42814 ], [ -116.24166, 49.42016 ], [ -116.21052, 49.41355 ], [ -116.16682, 49.3684 ], [ -116.16533, 49.35228 ], [ -116.18522, 49.33702 ], [ -116.18896, 49.32193 ], [ -116.168, 49.28926 ], [ -116.13084, 49.27845 ], [ -116.10771, 49.28772 ], [ -116.07262, 49.25864 ], [ -116.07007, 49.23202 ], [ -116.10077, 49.19845 ], [ -116.02847, 49.19755 ], [ -116.03561, 49.05484 ], [ -116.02481, 49.04495 ], [ -116.02706, 49.00003 ], [ -117.46965, 49.00067 ], [ -117.46543, 49.08817 ], [ -117.52108, 49.08806 ], [ -117.52052, 49.12367 ], [ -117.51082, 49.12358 ], [ -117.5058, 49.15775 ], [ -117.47195, 49.17571 ], [ -117.67427, 49.17504 ], [ -117.67408, 49.20772 ], [ -117.68361, 49.20853 ], [ -117.67534, 49.22454 ], [ -117.70199, 49.22805 ], [ -117.70309, 49.26534 ], [ -118.13587, 49.264 ], [ -118.14222, 49.27768 ], [ -118.16629, 49.2504 ], [ -118.17682, 49.24932 ], [ -118.17689, 49.2744 ], [ -118.19699, 49.28024 ], [ -118.20773, 49.29466 ], [ -118.20913, 49.32608 ], [ -118.2381, 49.34104 ], [ -118.23863, 49.35764 ], [ -118.25179, 49.36361 ], [ -118.25102, 49.37861 ], [ -118.26419, 49.38895 ], [ -118.25965, 49.41281 ], [ -118.27373, 49.4196 ], [ -118.26148, 49.42248 ], [ -118.25283, 49.44449 ], [ -118.28273, 49.46796 ], [ -118.28768, 49.48884 ], [ -118.26115, 49.54955 ], [ -118.24488, 49.56157 ], [ -118.25465, 49.61755 ], [ -118.24189, 49.63616 ], [ -118.25299, 49.65642 ], [ -118.27544, 49.65838 ], [ -118.27937, 49.67089 ], [ -118.27391, 49.71011 ], [ -118.28532, 49.74326 ], [ -118.3013, 49.75019 ], [ -118.28769, 49.75983 ], [ -118.29911, 49.76628 ], [ -118.28827, 49.79102 ], [ -118.30678, 49.79626 ], [ -118.30519, 49.81464 ], [ -118.32459, 49.8306 ], [ -118.37441, 49.82458 ], [ -118.38448, 49.87115 ], [ -118.36847, 49.87464 ], [ -118.35359, 49.89457 ], [ -118.37738, 49.91364 ], [ -118.40694, 49.90833 ], [ -118.4187, 49.9136 ], [ -118.41589, 49.97304 ], [ -118.43204, 49.97948 ], [ -118.4487, 49.97379 ], [ -118.47298, 49.98839 ], [ -118.47351, 49.99953 ], [ -118.43682, 50.00522 ], [ -118.43384, 50.01382 ], [ -118.49589, 50.03258 ], [ -118.39976, 50.03342 ], [ -118.3983, 50.07876 ], [ -118.38396, 50.07717 ], [ -118.37843, 50.0897 ], [ -118.33817, 50.10072 ], [ -118.29352, 50.09782 ], [ -118.29601, 50.13468 ], [ -118.28015, 50.14312 ], [ -118.27819, 50.15605 ], [ -118.25235, 50.1691 ], [ -118.26372, 50.18142 ], [ -118.23912, 50.1963 ], [ -118.27606, 50.27866 ], [ -118.26343, 50.30012 ], [ -118.26945, 50.31389 ], [ -118.25525, 50.32559 ], [ -118.26011, 50.33434 ], [ -118.27546, 50.3398 ], [ -118.30828, 50.3362 ], [ -118.32773, 50.3487 ], [ -118.30137, 50.37989 ], [ -118.28208, 50.39242 ], [ -118.25475, 50.39722 ], [ -118.27698, 50.40134 ], [ -118.27257, 50.43497 ], [ -118.21205, 50.43942 ], [ -118.2043, 50.46433 ], [ -118.2196, 50.46945 ], [ -118.2181, 50.47634 ], [ -118.19216, 50.47465 ], [ -118.17607, 50.49312 ], [ -118.20208, 50.5118 ], [ -118.19661, 50.52669 ], [ -118.2153, 50.53807 ], [ -118.20388, 50.55161 ], [ -118.18251, 50.55089 ], [ -118.16952, 50.56968 ], [ -118.17774, 50.5803 ], [ -118.16332, 50.58985 ], [ -118.16269, 50.61147 ], [ -118.18076, 50.63524 ], [ -118.19781, 50.63552 ], [ -118.20633, 50.65539 ], [ -118.17074, 50.66545 ], [ -118.21459, 50.68211 ], [ -118.20728, 50.69028 ], [ -118.12326, 50.68123 ], [ -118.0766, 50.69326 ], [ -118.06838, 50.66654 ], [ -118.01382, 50.65312 ], [ -117.99434, 50.5481 ], [ -117.97792, 50.53285 ], [ -117.85698, 50.52786 ], [ -117.84989, 50.54239 ], [ -117.81836, 50.541 ], [ -117.74685, 50.55521 ], [ -117.69425, 50.54513 ], [ -117.67111, 50.53243 ], [ -117.64874, 50.53223 ], [ -117.63769, 50.5486 ], [ -117.61586, 50.5437 ], [ -117.58527, 50.50423 ], [ -117.5588, 50.50231 ], [ -117.54548, 50.48974 ], [ -117.55022, 50.4842 ], [ -117.4997, 50.45712 ], [ -117.49892, 50.48524 ], [ -117.47327, 50.49449 ], [ -117.45103, 50.49353 ], [ -117.4359, 50.48437 ], [ -117.34273, 50.48344 ], [ -117.29571, 50.49703 ], [ -117.24069, 50.52404 ], [ -117.24504, 50.53508 ], [ -117.30705, 50.57241 ], [ -117.27337, 50.5978 ], [ -117.26783, 50.61357 ], [ -117.22959, 50.63211 ], [ -117.23271, 50.65133 ], [ -117.25432, 50.65447 ], [ -117.27591, 50.6713 ], [ -117.25208, 50.74201 ], [ -117.27354, 50.74459 ], [ -117.30137, 50.7334 ], [ -117.30874, 50.73839 ], [ -117.32311, 50.72418 ], [ -117.35636, 50.71997 ], [ -117.37083, 50.70198 ], [ -117.39775, 50.71139 ], [ -117.38228, 50.74757 ], [ -117.40085, 50.77659 ], [ -117.4291, 50.78277 ], [ -117.43269, 50.79683 ], [ -117.45875, 50.80039 ], [ -117.46679, 50.81119 ], [ -117.45326, 50.83004 ], [ -117.4603, 50.84969 ], [ -117.49064, 50.88311 ], [ -117.46729, 50.90241 ], [ -117.44493, 50.90026 ], [ -117.4176, 50.90925 ], [ -117.41891, 50.92454 ], [ -117.44098, 50.93437 ], [ -117.43862, 50.9468 ], [ -117.3978, 50.9612 ], [ -117.40181, 50.97881 ], [ -117.3902, 50.9998 ], [ -117.3475, 51.03888 ], [ -117.32438, 51.0355 ], [ -117.30431, 51.05132 ], [ -117.26404, 51.0543 ] ] ] } },
{ "type": "Feature", "properties": { "cduid": "5905", "cd_name": "Kootenay Boundary", "hazard_score": 0.0026474266265375016, "annual_burn_share": 0.00077212265885180859, "owner_households": 12155.0 }, "geometry": { "type": "Polygon", "coordinates": [ [ [ -119.11034, 49.79232 ], [ -119.0655, 49.79821 ], [ -119.05568, 49.81232 ], [ -118.30288, 49.80812 ], [ -118.30678, 49.79626 ], [ -118.28721, 49.78758 ], [ -118.29911, 49.76628 ], [ -118.28769, 49.75983 ], [ -118.3013, 49.75019 ], [ -118.28532, 49.74326 ], [ -118.27391, 49.71011 ], [ -118.27544, 49.65838 ], [ -118.25299, 49.65642 ], [ -118.24189, 49.63616 ], [ -118.25465, 49.61755 ], [ -118.24488, 49.56157 ], [ -118.26054, 49.55054 ], [ -118.28736, 49.4949 ], [ -118.28273, 49.46796 ], [ -118.25283, 49.44449 ], [ -118.26148, 49.42248 ], [ -118.27373, 49.4196 ], [ -118.25965, 49.41281 ], [ -118.26419, 49.38895 ], [ -118.25102, 49.37861 ], [ -118.25179, 49.36361 ], [ -118.23863, 49.35764 ], [ -118.2381, 49.34104 ], [ -118.20913, 49.32608 ], [ -118.20773, 49.29466 ], [ -118.19699, 49.28024 ], [ -118.17689, 49.2744 ], [ -118.17682, 49.24932 ], [ -118.16629, 49.2504 ], [ -118.14222, 49.27768 ], [ -118.13587, 49.264 ], [ -117.70309, 49.26534 ], [ -117.70199, 49.22805 ], [ -117.67534, 49.22454 ], [ -117.68361, 49.20853 ], [ -117.67408, 49.20772 ], [ -117.67427, 49.17504 ], [ -117.47195, 49.17571 ], [ -117.5058, 49.15775 ], [ -117.51082, 49.12358 ], [ -117.52052, 49.12367 ], [ -117.52108, 49.08806 ], [ -117.46543, 49.08817 ], [ -117.46965, 49.00067 ], [ -119.29492, 49.00005 ], [ -119.30038, 49.08179 ], [ -119.29245, 49.09756 ], [ -119.27403, 49.10036 ], [ -119.27042, 49.11566 ], [ -119.28458, 49.13484 ], [ -119.2634, 49.1407 ], [ -119.25477, 49.16524 ], [ -119.21722, 49.19461 ], [ -119.18098, 49.20444 ], [ -119.18047, 49.21832 ], [ -119.19809, 49.21645 ], [ -119.23738, 49.23894 ], [ -119.21335, 49.2857 ], [ -119.17504, 49.31003 ], [ -119.20788, 49.32539 ], [ -119.20516, 49.34339 ], [ -119.25694, 49.34639 ], [ -119.25139, 49.36877 ], [ -119.26207, 49.38227 ], [ -119.30036, 49.38571 ], [ -119.3008, 49.50364 ], [ -119.30989, 49.50504 ], [ -119.30207, 49.52175 ], [ -119.32788, 49.53913 ], [ -119.3481, 49.59291 ], [ -119.36382, 49.59577 ], [ -119.34986, 49.60665 ], [ -119.35865, 49.61789 ], [ -119.34986, 49.63424 ], [ -119.37283, 49.65405 ], [ -119.37591, 49.67903 ], [ -119.32309, 49.69813 ], [ -119.27182, 49.73021 ], [ -119.26294, 49.74478 ], [ -119.22855, 49.73515 ], [ -119.20686, 49.73725 ], [ -119.2016, 49.75363 ], [ -119.16375, 49.75783 ], [ -119.16401, 49.76386 ], [ -119.15273, 49.76401 ], [ -119.15385, 49.79952 ], [ -119.11034, 49.79232 ] ] ] } },
{ "type": "Feature", "properties": { "cduid": "5907", "cd_name": "Okanagan-Similkameen", "hazard_score": 0.022160711685414756, "annual_burn_share": 0.0064631772820724128, "owner_households": 30525.0 }, "geometry": { "type": "Polygon", "coordinates": [ [ [ -120.92444, 49.76078 ], [ -120.77179, 49.76339 ], [ -120.76063, 49.75987 ], [ -120.75989, 49.74973 ], [ -120.70437, 49.74691 ], [ -120.60433, 49.74958 ], [ -120.60377, 49.77077 ], [ -120.48571, 49.77223 ], [ -120.44534, 49.81061 ], [ -120.39679, 49.83787 ], [ -120.39015, 49.87389 ], [ -120.36376, 49.89154 ], [ -120.36334, 49.90318 ], [ -120.33006, 49.91201 ], [ -120.26843, 49.88794 ], [ -120.22871, 49.89592 ], [ -120.21413, 49.88624 ], [ -120.21025, 49.8593 ], [ -120.17624, 49.85668 ], [ -120.16113, 49.86526 ], [ -120.13017, 49.84583 ], [ -120.09458, 49.84453 ], [ -120.07952, 49.83456 ], [ -120.0548, 49.85571 ], [ -120.03891, 49.85659 ], [ -119.96879, 49.81959 ], [ -119.98432, 49.78963 ], [ -119.97954, 49.76625 ], [ -119.83699, 49.76566 ], [ -119.83591, 49.71263 ], [ -119.72866, 49.71206 ], [ -119.74046, 49.73656 ], [ -119.71955, 49.76525 ], [ -119.69746, 49.77516 ], [ -119.69709, 49.76074 ], [ -119.55662, 49.76019 ], [ -119.55632, 49.75314 ], [ -119.51902, 49.7529 ], [ -119.51082, 49.72538 ], [ -119.48031, 49.74471 ], [ -119.45876, 49.72547 ], [ -119.44678, 49.69126 ], [ -119.42703, 49.67539 ], [ -119.40552, 49.68405 ], [ -119.37591, 49.67903 ], [ -119.37283, 49.65405 ], [ -119.35036, 49.63609 ], [ -119.35865, 49.61789 ], [ -119.34986, 49.60665 ], [ -119.36382, 49.59577 ], [ -119.3481, 49.59291 ], [ -119.32788, 49.53913 ], [ -119.30207, 49.52175 ], [ -119.30989, 49.50504 ], [ -119.3008, 49.50364 ], [ -119.30036, 49.38571 ], [ -119.26207, 49.38227 ], [ -119.25139, 49.36877 ], [ -119.25694, 49.34639 ], [ -119.20516, 49.34339 ], [ -119.20788, 49.32539 ], [ -119.17504, 49.31003 ], [ -119.21335, 49.2857 ], [ -119.23738, 49.23894 ], [ -119.19809, 49.21645 ], [ -119.18047, 49.21832 ], [ -119.18098, 49.20444 ], [ -119.21722, 49.19461 ], [ -119.25477, 49.16524 ], [ -119.2634, 49.1407 ], [ -119.28458, 49.13484 ], [ -119.27042, 49.11566 ], [ -119.27403, 49.10036 ], [ -119.29245, 49.09756 ], [ -119.30038, 49.08179 ], [ -119.29492, 49.00005 ], [ -120.84841, 49.00008 ], [ -120.84657, 49.01112 ], [ -120.83926, 49.00842 ], [ -120.8257, 49.02546 ], [ -120.83239, 49.04225 ], [ -120.86867, 49.05271 ], [ -120.89383, 49.0777 ], [ -120.96311, 49.09484 ], [ -120.96551, 49.10378 ], [ -120.94422, 49.10419 ], [ -120.91432, 49.11711 ], [ -120.89706, 49.11274 ], [ -120.85964, 49.13077 ], [ -120.86609, 49.14573 ], [ -120.90543, 49.17371 ], [ -120.88111, 49.17743 ], [ -120.89404, 49.18921 ], [ -120.89527, 49.21451 ], [ -120.8736, 49.20451 ], [ -120.85959, 49.20824 ], [ -120.84738, 49.21971 ], [ -120.84578, 49.24076 ], [ -120.818, 49.25124 ], [ -120.81207, 49.28443 ], [ -120.82397, 49.29497 ], [ -120.90579, 49.30568 ], [ -120.94435, 49.27064 ], [ -120.99229, 49.2729 ], [ -121.00142, 49.27824 ], [ -120.99742, 49.31367 ], [ -121.02432, 49.3041 ], [ -121.04524, 49.33073 ], [ -121.07837, 49.32862 ], [ -121.10177, 49.3486 ], [ -121.07525, 49.35313 ], [ -121.09804, 49.35391 ], [ -121.09927, 49.44109 ], [ -121.09061, 49.44234 ], [ -121.08142, 49.46517 ], [ -121.05093, 49.47367 ], [ -121.08206, 49.51596 ], [ -121.04881, 49.52956 ], [ -121.04939, 49.54431 ], [ -121.03589, 49.55092 ], [ -121.03788, 49.58691 ], [ -120.99011, 49.59772 ], [ -120.98358, 49.61196 ], [ -120.97036, 49.60827 ], [ -120.96268, 49.6138 ], [ -120.97064, 49.62844 ], [ -120.9595, 49.64221 ], [ -120.95959, 49.74412 ], [ -120.94845, 49.76058 ], [ -120.92444, 49.76078 ] ] ] } },
{ "type": "Feature", "properties": { "cduid": "5909", "cd_name": "Fraser Valley", "hazard_score": 0.003155428493298266, "annual_burn_share": 0.00092028153439277244, "owner_households": 85430.0 }, "geometry": { "type": "Polygon", "coordinates": [ [ [ -122.71365, 50.14881 ], [ -122.65992, 50.14315 ], [ -122.63823, 50.12326 ], [ -122.25594, 50.1218 ], [ -122.22825, 50.12698 ], [ -122.22125, 50.11914 ], [ -122.22992, 50.11051 ], [ -122.15322, 50.11444 ], [ -122.11637, 50.10731 ], [ -122.09908, 50.12431 ], [ -122.07007, 50.12637 ], [ -122.02363, 50.08584 ], [ -122.00115, 50.08754 ], [ -121.98118, 50.08007 ], [ -121.95343, 50.09071 ], [ -121.95066, 50.0796 ], [ -121.91991, 50.07176 ], [ -121.90868, 50.05353 ], [ -121.85846, 50.04638 ], [ -121.84801, 50.0762 ], [ -121.75346, 50.09234 ], [ -121.71458, 50.08621 ], [ -121.70267, 50.07495 ], [ -121.66222, 50.081 ], [ -121.65461, 50.07133 ], [ -121.66125, 50.06497 ], [ -121.60975, 50.04188 ], [ -121.56498, 50.05223 ], [ -121.31533, 50.05247 ], [ -121.32832, 50.0378 ], [ -121.2905, 50.01113 ], [ -121.29255, 49.99999 ], [ -121.27331, 49.9886 ], [ -121.26777, 49.96375 ], [ -121.28361, 49.95968 ], [ -121.28952, 49.91822 ], [ -121.3158, 49.91181 ], [ -121.3238, 49.90092 ], [ -121.32004, 49.88428 ], [ -121.26551, 49.87074 ], [ -121.20817, 49.89412 ], [ -121.1815, 49.8831 ], [ -121.15762, 49.88745 ], [ -121.17159, 49.87338 ], [ -121.16978, 49.86102 ], [ -121.13111, 49.86234 ], [ -121.09804, 49.87333 ], [ -121.08707, 49.85654 ], [ -121.11734, 49.84613 ], [ -121.10325, 49.8351 ], [ -121.10935, 49.82935 ], [ -121.18023, 49.82187 ], [ -121.18776, 49.79853 ], [ -121.21183, 49.77927 ], [ -121.1914, 49.73257 ], [ -121.15536, 49.71614 ], [ -121.11875, 49.67775 ], [ -121.16998, 49.64982 ], [ -121.16169, 49.62086 ], [ -121.13515, 49.62252 ], [ -121.12178, 49.60979 ], [ -121.09953, 49.6254 ], [ -121.06545, 49.62613 ], [ -121.05188, 49.6369 ], [ -121.01882, 49.637 ], [ -121.00715, 49.65852 ], [ -120.98531, 49.65846 ], [ -120.98507, 49.67327 ], [ -120.95707, 49.67019 ], [ -120.97064, 49.62844 ], [ -120.96268, 49.6138 ], [ -120.97036, 49.60827 ], [ -120.98358, 49.61196 ], [ -120.99011, 49.59772 ], [ -121.03788, 49.58691 ], [ -121.03589, 49.55092 ], [ -121.04939, 49.54431 ], [ -121.04881, 49.52956 ], [ -121.08206, 49.51596 ], [ -121.05093, 49.47367 ], [ -121.08142, 49.46517 ], [ -121.09061, 49.44234 ], [ -121.09927, 49.44109 ], [ -121.09804, 49.35391 ], [ -121.07525, 49.35313 ], [ -121.10177, 49.3486 ], [ -121.07837, 49.32862 ], [ -121.04524, 49.33073 ], [ -121.02432, 49.3041 ], [ -120.99742, 49.31367 ], [ -121.00142, 49.27824 ], [ -120.99229, 49.2729 ], [ -120.94435, 49.27064 ], [ -120.90579, 49.30568 ], [ -120.82397, 49.29497 ], [ -120.81207, 49.28443 ], [ -120.818, 49.25124 ], [ -120.84578, 49.24076 ], [ -120.84738, 49.21971 ], [ -120.85959, 49.20824 ], [ -120.8736, 49.20451 ], [ -120.89527, 49.21451 ], [ -120.89404, 49.18921 ], [ -120.88111, 49.17743 ], [ -120.90543, 49.17371 ], [ -120.86609, 49.14573 ], [ -120.85964, 49.13077 ], [ -120.89706, 49.11274 ], [ -120.91432, 49.11711 ], [ -120.94422, 49.10419 ], [ -120.96551, 49.10378 ], [ -120.96311, 49.09484 ], [ -120.89383, 49.0777 ], [ -120.86867, 49.05271 ], [ -120.83239, 49.04225 ], [ -120.8257, 49.02546 ], [ -120.83926, 49.00842 ], [ -120.84657, 49.01112 ], [ -120.84841, 49.00008 ], [ -122.45915, 49.00226 ], [ -122.46148, 49.17133 ], [ -122.4225, 49.17352 ], [ -122.42429, 49.26408 ], [ -122.40914, 49.26427 ], [ -122.40997, 49.35298 ], [ -122.6033, 49.35313 ], [ -122.56315, 49.39143 ], [ -122.52786, 49.46654 ], [ -122.58169, 49.49058 ], [ -122.60814, 49.5417 ], [ -122.65542, 49.53965 ], [ -122.68314, 49.55348 ], [ -122.70009, 49.57355 ], [ -122.81609, 49.57235 ], [ -122.85208, 49.60804 ], [ -122.81136, 49.61923 ], [ -122.80908, 49.62576 ], [ -122.82099, 49.63197 ], [ -122.83123, 49.65809 ], [ -122.85383, 49.66596 ], [ -122.81529, 49.69631 ], [ -122.8142, 49.71124 ], [ -122.85592, 49.74277 ], [ -122.85579, 49.75618 ], [ -122.88983, 49.79877 ], [ -122.87221, 49.82196 ], [ -122.96465, 49.835 ], [ -122.98524, 49.85747 ], [ -123.00248, 49.85611 ], [ -122.96201, 49.90258 ], [ -122.93648, 49.91741 ], [ -122.91635, 49.91314 ], [ -122.89245, 49.894 ], [ -122.85714, 49.91816 ], [ -122.80056, 49.9206 ], [ -122.79541, 49.93618 ], [ -122.76779, 49.93271 ], [ -122.76123, 49.94797 ], [ -122.72366, 49.95428 ], [ -122.68214, 49.97734 ], [ -122.6811, 50.02467 ], [ -122.74585, 50.01733 ], [ -122.79184, 50.0411 ], [ -122.80392, 50.05592 ], [ -122.8058, 50.0871 ], [ -122.78969, 50.13007 ], [ -122.74353, 50.13788 ], [ -122.72564, 50.15368 ], [ -122.71365, 50.14881 ] ] ] } },
{ "type": "Feature", "properties": { "cduid": "5915", "cd_name": "Greater Vancouver", "hazard_score": 8.0846377280756595e-05, "annual_burn_share": 2.3578866797980354e-05, "owner_households": 647870.0 }, "geometry": { "type": "MultiPolygon", "coordinates": [ [ [ [ -123.13336, 49.0776 ], [ -123.15113, 49.07239 ], [ -123.16971, 49.07763 ], [ -123.18624, 49.10973 ], [ -123.13315, 49.0888 ], [ -123.13336, 49.0776 ] ] ], [ [ [ -123.07518, 49.20787 ], [ -123.06787, 49.20508 ], [ -123.0904, 49.19938 ], [ -123.11599, 49.20369 ], [ -123.09396, 49.20379 ], [ -123.07518, 49.20787 ] ] ], [ [ [ -123.19936, 49.21039 ], [ -123.16943, 49.21409 ], [ -123.14668, 49.2014 ], [ -123.13522, 49.19805 ], [ -123.146, 49.18139 ], [ -123.17997, 49.17853 ], [ -123.22031, 49.19147 ], [ -123.20932, 49.19055 ], [ -123.20271, 49.21648 ], [ -123.26385, 49.2049 ], [ -123.21457, 49.21949 ], [ -123.23079, 49.22724 ], [ -123.28009, 49.25754 ], [ -123.20267, 49.22037 ], [ -123.17794, 49.21421 ], [ -123.19936, 49.21039 ] ] ], [ [ [ -122.70009, 49.57355 ], [ -122.68314, 49.55348 ], [ -122.65542, 49.53965 ], [ -122.60814, 49.5417 ], [ -122.58169, 49.49058 ], [ -122.54023, 49.47631 ], [ -122.52684, 49.46235 ], [ -122.56315, 49.39143 ], [ -122.6033, 49.35313 ], [ -122.40997, 49.35298 ], [ -122.40914, 49.26427 ], [ -122.42429, 49.26408 ], [ -122.4225, 49.17352 ], [ -122.46148, 49.17133 ], [ -122.45915, 49.00226 ], [ -122.75791, 49.00222 ], [ -122.81723, 49.02409 ], [ -122.867, 49.02447 ], [ -122.88788, 49.05685 ], [ -122.86077, 49.06299 ], [ -122.86109, 49.07827 ], [ -122.84951, 49.0827 ], [ -122.88841, 49.09143 ], [ -123.01179, 49.06248 ], [ -123.04594, 49.04724 ], [ -123.05654, 49.02778 ], [ -123.04025, 49.01853 ], [ -123.03527, 49.00207 ], [ -123.09086, 49.00193 ], [ -123.10315, 49.02326 ], [ -123.13268, 49.00453 ], [ -123.10225, 49.02649 ], [ -123.09806, 49.03528 ], [ -123.12149, 49.04987 ], [ -123.15037, 49.03008 ], [ -123.15823, 49.01369 ], [ -123.17201, 49.01798 ], [ -123.12382, 49.0508 ], [ -123.15755, 49.06715 ], [ -123.13534, 49.07174 ], [ -123.12182, 49.08594 ], [ -123.10502, 49.08629 ], [ -123.0943, 49.08956 ], [ -123.0841, 49.09474 ], [ -123.08043, 49.09821 ], [ -123.07918, 49.10849 ], [ -123.08423, 49.11116 ], [ -123.06697, 49.11411 ], [ -123.06735, 49.11054 ], [ -123.07214, 49.10665 ], [ -123.07241, 49.10452 ], [ -123.05261, 49.1266 ], [ -123.06745, 49.11538 ], [ -123.08018, 49.11644 ], [ -123.03377, 49.14367 ], [ -123.00152, 49.1478 ], [ -123.0, 49.15759 ], [ -123.04798, 49.14557 ], [ -123.07682, 49.12407 ], [ -123.14363, 49.1107 ], [ -123.20062, 49.12586 ], [ -123.19947, 49.17448 ], [ -123.15383, 49.17525 ], [ -123.11764, 49.20055 ], [ -123.09059, 49.19681 ], [ -123.04142, 49.20249 ], [ -122.97788, 49.17913 ], [ -122.96697, 49.18119 ], [ -122.94452, 49.19692 ], [ -122.91804, 49.19795 ], [ -122.93135, 49.20078 ], [ -122.94015, 49.2 ], [ -122.97777, 49.18092 ], [ -123.04238, 49.2055 ], [ -123.07591, 49.20883 ], [ -123.11341, 49.20526 ], [ -123.13702, 49.20015 ], [ -123.16101, 49.21333 ], [ -123.20178, 49.22253 ], [ -123.25886, 49.25996 ], [ -123.26468, 49.25835 ], [ -123.26594, 49.25482 ], [ -123.26771, 49.25424 ], [ -123.26241, 49.27078 ], [ -123.24329, 49.27992 ], [ -123.17263, 49.27171 ], [ -123.14413, 49.27889 ], [ -123.1315, 49.26732 ], [ -123.10312, 49.27236 ], [ -123.13003, 49.27152 ], [ -123.15791, 49.29792 ], [ -123.15602, 49.30862 ], [ -123.1418, 49.31408 ], [ -123.11637, 49.30046 ], [ -123.13375, 49.29402 ], [ -123.08414, 49.28379 ], [ -123.0502, 49.29387 ], [ -122.98714, 49.29528 ], [ -122.96632, 49.28808 ], [ -122.8735, 49.29219 ], [ -122.85957, 49.27911 ], [ -122.83602, 49.28119 ], [ -122.87192, 49.30179 ], [ -122.91944, 49.29354 ], [ -122.93214, 49.31758 ], [ -122.91198, 49.33069 ], [ -122.91783, 49.31424 ], [ -122.88691, 49.33602 ], [ -122.88902, 49.35009 ], [ -122.86263, 49.38356 ], [ -122.87145, 49.39457 ], [ -122.8587, 49.40871 ], [ -122.85423, 49.438 ], [ -122.86278, 49.45441 ], [ -122.88774, 49.47013 ], [ -122.87322, 49.43317 ], [ -122.88698, 49.39695 ], [ -122.87956, 49.38073 ], [ -122.89158, 49.37529 ], [ -122.89353, 49.35953 ], [ -122.94895, 49.32935 ], [ -122.93681, 49.3216 ], [ -122.94857, 49.31571 ], [ -122.95596, 49.30057 ], [ -122.99695, 49.30824 ], [ -123.00927, 49.30207 ], [ -122.99995, 49.2981 ], [ -123.02104, 49.29662 ], [ -123.02381, 49.3034 ], [ -123.02483, 49.29624 ], [ -123.10222, 49.31707 ], [ -123.11502, 49.30854 ], [ -123.15325, 49.32662 ], [ -123.21215, 49.34105 ], [ -123.24879, 49.34042 ], [ -123.26503, 49.32978 ], [ -123.26827, 49.35691 ], [ -123.28434, 49.35774 ], [ -123.28453, 49.37215 ], [ -123.29349, 49.3728 ], [ -123.27509, 49.38078 ], [ -123.27204, 49.37472 ], [ -123.23436, 49.41793 ], [ -123.24445, 49.4815 ], [ -123.1028, 49.4822 ], [ -123.10231, 49.54778 ], [ -122.9599, 49.54832 ], [ -122.92421, 49.54843 ], [ -122.93989, 49.57117 ], [ -122.70009, 49.57355 ] ] ], [ [ [ -123.33332, 49.38597 ], [ -123.33421, 49.38148 ], [ -123.32655, 49.38139 ], [ -123.33413, 49.37772 ], [ -123.32237, 49.38024 ], [ -123.3212, 49.37618 ], [ -123.33997, 49.35148 ], [ -123.36247, 49.33509 ], [ -123.42664, 49.33657 ], [ -123.42977, 49.3474 ], [ -123.41885, 49.35233 ], [ -123.42768, 49.37126 ], [ -123.36049, 49.41332 ], [ -123.31059, 49.41729 ], [ -123.31911, 49.38742 ], [ -123.33332, 49.38597 ] ] ] ] } },
{ "type": "Feature", "properties": { "cduid": "5917", "cd_name": "Capital", "hazard_score": 0.00047373045114247159, "annual_burn_share": 0.00013816360833145477, "owner_households": 116530.0 }, "geometry": { "type": "MultiPolygon", "coordinates": [ [ [ [ -124.1748, 48.65593 ], [ -124.14217, 48.63573 ], [ -124.11376, 48.63593 ], [ -124.11366, 48.64982 ], [ -123.94642, 48.64436 ], [ -123.94607, 48.6385 ], [ -123.93182, 48.63851 ], [ -123.90617, 48.65227 ], [ -123.89634, 48.6368 ], [ -123.8532, 48.63957 ], [ -123.8536, 48.60329 ], [ -123.83106, 48.60572 ], [ -123.83114, 48.59912 ], [ -123.80115, 48.59393 ], [ -123.80112, 48.5884 ], [ -123.8208, 48.5884 ], [ -123.82104, 48.57498 ], [ -123.77949, 48.57464 ], [ -123.79029, 48.59365 ], [ -123.74444, 48.60556 ], [ -123.74567, 48.62289 ], [ -123.72261, 48.6228 ], [ -123.71459, 48.61311 ], [ -123.68838, 48.62213 ], [ -123.68821, 48.60282 ], [ -123.66117, 48.59895 ], [ -123.66685, 48.60846 ], [ -123.65827, 48.60837 ], [ -123.64757, 48.59665 ], [ -123.64568, 48.56197 ], [ -123.63462, 48.5618 ], [ -123.62747, 48.53237 ], [ -123.60883, 48.52902 ], [ -123.60866, 48.52171 ], [ -123.58644, 48.52121 ], [ -123.57926, 48.53568 ], [ -123.55548, 48.53602 ], [ -123.54465, 48.52669 ], [ -123.55396, 48.49997 ], [ -123.55086, 48.48498 ], [ -123.5348, 48.51734 ], [ -123.53722, 48.5468 ], [ -123.50576, 48.55345 ], [ -123.48756, 48.57767 ], [ -123.47366, 48.57304 ], [ -123.47662, 48.56639 ], [ -123.47544, 48.5602 ], [ -123.4643, 48.55912 ], [ -123.47524, 48.56399 ], [ -123.46174, 48.57088 ], [ -123.47034, 48.57986 ], [ -123.46464, 48.59026 ], [ -123.48056, 48.59751 ], [ -123.48118, 48.60665 ], [ -123.4644, 48.62899 ], [ -123.47988, 48.62862 ], [ -123.47393, 48.64102 ], [ -123.44601, 48.6552 ], [ -123.48889, 48.67715 ], [ -123.47403, 48.68057 ], [ -123.48333, 48.69268 ], [ -123.4392, 48.69905 ], [ -123.40256, 48.6887 ], [ -123.40531, 48.68287 ], [ -123.39625, 48.67593 ], [ -123.3969, 48.67454 ], [ -123.40699, 48.67573 ], [ -123.41051, 48.67429 ], [ -123.41391, 48.68185 ], [ -123.42497, 48.67625 ], [ -123.41597, 48.67881 ], [ -123.4219, 48.67188 ], [ -123.39247, 48.66204 ], [ -123.39361, 48.64618 ], [ -123.41029, 48.62832 ], [ -123.38881, 48.59958 ], [ -123.3947, 48.59285 ], [ -123.37292, 48.58926 ], [ -123.37755, 48.59152 ], [ -123.36991, 48.59661 ], [ -123.36467, 48.51474 ], [ -123.32762, 48.49496 ], [ -123.31482, 48.49794 ], [ -123.30678, 48.49641 ], [ -123.30283, 48.47668 ], [ -123.26457, 48.45119 ], [ -123.29725, 48.45714 ], [ -123.29157, 48.4382 ], [ -123.30759, 48.42709 ], [ -123.29373, 48.41156 ], [ -123.31456, 48.4128 ], [ -123.32154, 48.40565 ], [ -123.34061, 48.41016 ], [ -123.34891, 48.4029 ], [ -123.39148, 48.4146 ], [ -123.38754, 48.42358 ], [ -123.36919, 48.421 ], [ -123.36861, 48.43419 ], [ -123.3799, 48.44249 ], [ -123.38847, 48.44079 ], [ -123.40418, 48.44864 ], [ -123.41957, 48.4529 ], [ -123.42274, 48.45241 ], [ -123.41128, 48.45949 ], [ -123.41729, 48.46353 ], [ -123.43084, 48.46023 ], [ -123.42985, 48.45316 ], [ -123.42197, 48.46083 ], [ -123.42325, 48.45147 ], [ -123.38297, 48.43846 ], [ -123.37564, 48.42561 ], [ -123.39276, 48.43014 ], [ -123.39714, 48.41931 ], [ -123.40988, 48.41684 ], [ -123.41919, 48.42614 ], [ -123.42438, 48.42518 ], [ -123.43741, 48.42801 ], [ -123.43855, 48.43277 ], [ -123.42042, 48.43257 ], [ -123.42286, 48.43572 ], [ -123.42871, 48.43538 ], [ -123.43653, 48.44067 ], [ -123.43375, 48.44998 ], [ -123.45457, 48.4585 ], [ -123.46361, 48.45674 ], [ -123.44991, 48.44921 ], [ -123.44705, 48.43087 ], [ -123.45971, 48.43253 ], [ -123.47405, 48.42851 ], [ -123.47259, 48.41741 ], [ -123.46163, 48.4275 ], [ -123.45741, 48.43043 ], [ -123.45467, 48.4309 ], [ -123.48873, 48.39596 ], [ -123.478, 48.38615 ], [ -123.52225, 48.38849 ], [ -123.51085, 48.38609 ], [ -123.54445, 48.35399 ], [ -123.54002, 48.34025 ], [ -123.52702, 48.34303 ], [ -123.53467, 48.33725 ], [ -123.5736, 48.35104 ], [ -123.57905, 48.34943 ], [ -123.5597, 48.34279 ], [ -123.54045, 48.32004 ], [ -123.54777, 48.3183 ], [ -123.55756, 48.31312 ], [ -123.56068, 48.30893 ], [ -123.56432, 48.31355 ], [ -123.60109, 48.31473 ], [ -123.60347, 48.31973 ], [ -123.59857, 48.32168 ], [ -123.59488, 48.32725 ], [ -123.59168, 48.32784 ], [ -123.58873, 48.34268 ], [ -123.6086, 48.33386 ], [ -123.6273, 48.33707 ], [ -123.63786, 48.31682 ], [ -123.65431, 48.31381 ], [ -123.6707, 48.32181 ], [ -123.68582, 48.33579 ], [ -123.71424, 48.33867 ], [ -123.7155, 48.35341 ], [ -123.70301, 48.35864 ], [ -123.71713, 48.36577 ], [ -123.68248, 48.37646 ], [ -123.68219, 48.37011 ], [ -123.67787, 48.36717 ], [ -123.65201, 48.36571 ], [ -123.66221, 48.36141 ], [ -123.65224, 48.35777 ], [ -123.65007, 48.36541 ], [ -123.63546, 48.36293 ], [ -123.63668, 48.372 ], [ -123.62355, 48.36994 ], [ -123.63701, 48.37376 ], [ -123.6383, 48.38189 ], [ -123.63502, 48.38328 ], [ -123.63529, 48.38673 ], [ -123.63259, 48.38845 ], [ -123.63279, 48.3896 ], [ -123.64794, 48.38589 ], [ -123.65493, 48.39451 ], [ -123.66229, 48.38886 ], [ -123.65416, 48.38711 ], [ -123.68181, 48.3883 ], [ -123.6915, 48.37748 ], [ -123.70645, 48.38264 ], [ -123.73197, 48.36435 ], [ -123.7263, 48.35678 ], [ -123.71639, 48.36024 ], [ -123.71112, 48.35829 ], [ -123.73409, 48.35389 ], [ -123.75365, 48.3592 ], [ -123.76205, 48.37147 ], [ -123.82274, 48.35704 ], [ -123.86593, 48.38121 ], [ -123.92111, 48.37656 ], [ -123.94883, 48.39552 ], [ -123.98562, 48.39499 ], [ -123.99345, 48.40696 ], [ -124.03667, 48.42064 ], [ -124.06967, 48.42282 ], [ -124.09568, 48.43537 ], [ -124.10681, 48.43227 ], [ -124.20685, 48.45735 ], [ -124.29231, 48.48483 ], [ -124.30947, 48.50426 ], [ -124.44633, 48.52544 ], [ -124.45877, 48.53189 ], [ -124.45353, 48.53953 ], [ -124.39846, 48.55948 ], [ -124.41381, 48.57663 ], [ -124.50061, 48.54395 ], [ -124.49858, 48.59212 ], [ -124.48799, 48.5922 ], [ -124.49018, 48.63414 ], [ -124.44727, 48.63491 ], [ -124.44731, 48.62652 ], [ -124.42134, 48.62629 ], [ -124.4137, 48.66569 ], [ -124.38186, 48.66548 ], [ -124.37998, 48.69527 ], [ -124.35684, 48.69519 ], [ -124.35686, 48.68075 ], [ -124.28083, 48.68074 ], [ -124.28005, 48.72121 ], [ -124.2003, 48.65609 ], [ -124.1748, 48.65593 ] ] ], [ [ [ -123.35584, 48.60487 ], [ -123.37839, 48.61739 ], [ -123.35801, 48.61678 ], [ -123.34397, 48.60335 ], [ -123.33712, 48.60516 ], [ -123.33392, 48.59574 ], [ -123.34975, 48.58926 ], [ -123.35584, 48.60487 ] ] ], [ [ [ -123.37374, 48.68907 ], [ -123.36566, 48.68432 ], [ -123.38623, 48.67874 ], [ -123.38832, 48.69119 ], [ -123.37374, 48.68907 ] ] ], [ [ [ -123.33286, 48.71828 ], [ -123.32823, 48.73078 ], [ -123.31078, 48.7314 ], [ -123.29138, 48.71594 ], [ -123.29827, 48.69902 ], [ -123.33286, 48.71828 ] ] ], [ [ [ -123.36775, 48.73443 ], [ -123.36025, 48.72623 ], [ -123.37617, 48.71742 ], [ -123.38703, 48.72604 ], [ -123.36775, 48.73443 ] ] ], [ [ [ -123.44304, 48.85557 ], [ -123.44329, 48.85702 ], [ -123.46204, 48.86043 ], [ -123.46949, 48.8652 ], [ -123.47621, 48.867 ], [ -123.48135, 48.86694 ], [ -123.48197, 48.86768 ], [ -123.48273, 48.86788 ], [ -123.48025, 48.86578 ], [ -123.47614, 48.86402 ], [ -123.47081, 48.86502 ], [ -123.42505, 48.84046 ], [ -123.44545, 48.85095 ], [ -123.44239, 48.8435 ], [ -123.48926, 48.85965 ], [ -123.48465, 48.85516 ], [ -123.50166, 48.85765 ], [ -123.49602, 48.84717 ], [ -123.47342, 48.84009 ], [ -123.41967, 48.80255 ], [ -123.39166, 48.79714 ], [ -123.36654, 48.77545 ], [ -123.38663, 48.75353 ], [ -123.40964, 48.75975 ], [ -123.42852, 48.75526 ], [ -123.46139, 48.77234 ], [ -123.42549, 48.73339 ], [ -123.47382, 48.71556 ], [ -123.50064, 48.71592 ], [ -123.56257, 48.75989 ], [ -123.54417, 48.779 ], [ -123.55399, 48.78779 ], [ -123.51751, 48.79024 ], [ -123.57104, 48.82088 ], [ -123.57165, 48.84761 ], [ -123.54909, 48.86604 ], [ -123.52636, 48.86104 ], [ -123.57241, 48.87775 ], [ -123.58105, 48.88725 ], [ -123.57326, 48.88654 ], [ -123.59075, 48.89657 ], [ -123.59487, 48.94484 ], [ -123.42205, 48.84908 ], [ -123.41943, 48.84245 ], [ -123.42614, 48.84754 ], [ -123.44304, 48.85557 ] ] ], [ [ [ -123.36014, 48.81638 ], [ -123.37865, 48.82017 ], [ -123.36435, 48.80901 ], [ -123.40009, 48.8286 ], [ -123.37926, 48.82293 ], [ -123.40371, 48.83412 ], [ -123.39362, 48.83186 ], [ -123.40808, 48.84281 ], [ -123.39453, 48.83975 ], [ -123.40413, 48.84945 ], [ -123.35326, 48.83037 ], [ -123.35427, 48.82096 ], [ -123.36624, 48.82558 ], [ -123.36014, 48.81638 ] ] ], [ [ [ -123.42833, 48.89393 ], [ -123.4133, 48.89371 ], [ -123.39709, 48.8775 ], [ -123.41146, 48.88045 ], [ -123.42833, 48.89393 ] ] ], [ [ [ -123.34481, 48.90477 ], [ -123.3345, 48.89321 ], [ -123.34187, 48.89209 ], [ -123.32457, 48.87976 ], [ -123.32505, 48.88705 ], [ -123.31205, 48.87996 ], [ -123.31352, 48.86204 ], [ -123.34681, 48.86707 ], [ -123.35414, 48.85918 ], [ -123.38382, 48.86598 ], [ -123.39911, 48.88727 ], [ -123.39068, 48.88455 ], [ -123.38919, 48.89176 ], [ -123.40913, 48.89457 ], [ -123.41512, 48.90574 ], [ -123.52087, 48.94523 ], [ -123.55397, 48.96529 ], [ -123.5887, 48.99875 ], [ -123.58412, 49.01132 ], [ -123.56998, 49.01064 ], [ -123.4892, 48.95003 ], [ -123.40634, 48.91895 ], [ -123.34481, 48.90477 ] ] ], [ [ [ -123.24569, 48.42976 ], [ -123.22925, 48.42874 ], [ -123.22525, 48.42267 ], [ -123.24214, 48.41946 ], [ -123.24569, 48.42976 ] ] ], [ [ [ -123.29538, 48.58886 ], [ -123.33681, 48.62666 ], [ -123.34115, 48.63311 ], [ -123.34119, 48.63762 ], [ -123.3354, 48.63703 ], [ -123.33951, 48.63173 ], [ -123.3293, 48.62392 ], [ -123.32788, 48.63454 ], [ -123.34649, 48.65413 ], [ -123.3146, 48.62885 ], [ -123.30852, 48.61742 ], [ -123.26875, 48.60202 ], [ -123.26959, 48.59019 ], [ -123.29538, 48.58886 ] ] ], [ [ [ -123.18355, 48.73581 ], [ -123.20784, 48.73212 ], [ -123.2569, 48.76754 ], [ -123.1904, 48.7526 ], [ -123.17362, 48.74415 ], [ -123.18735, 48.74586 ], [ -123.18355, 48.73581 ] ] ], [ [ [ -123.23969, 48.77013 ], [ -123.27336, 48.77951 ], [ -123.27525, 48.77313 ], [ -123.25694, 48.76435 ], [ -123.26795, 48.76082 ], [ -123.26437, 48.75572 ], [ -123.24004, 48.74622 ], [ -123.23157, 48.73616 ], [ -123.31405, 48.76992 ], [ -123.31933, 48.77847 ], [ -123.3077, 48.77945 ], [ -123.31786, 48.78879 ], [ -123.30221, 48.79646 ], [ -123.32613, 48.80522 ], [ -123.31819, 48.80837 ], [ -123.32259, 48.82181 ], [ -123.28901, 48.81742 ], [ -123.27792, 48.80045 ], [ -123.25599, 48.7926 ], [ -123.23969, 48.77013 ] ] ], [ [ [ -123.0993, 48.78884 ], [ -123.0446, 48.78382 ], [ -123.11128, 48.77953 ], [ -123.09018, 48.77223 ], [ -123.09361, 48.76427 ], [ -123.16313, 48.76452 ], [ -123.20247, 48.77481 ], [ -123.21361, 48.79567 ], [ -123.20179, 48.79522 ], [ -123.20077, 48.78701 ], [ -123.20136, 48.79802 ], [ -123.17207, 48.79543 ], [ -123.20291, 48.81078 ], [ -123.19199, 48.80746 ], [ -123.18852, 48.81035 ], [ -123.18894, 48.8139 ], [ -123.0993, 48.78884 ] ] ], [ [ [ -123.10221, 48.79815 ], [ -123.0883, 48.79579 ], [ -123.06129, 48.79781 ], [ -123.05109, 48.79356 ], [ -123.07005, 48.79042 ], [ -123.10221, 48.79815 ] ] ], [ [ [ -123.2253, 48.83222 ], [ -123.21004, 48.82566 ], [ -123.1893, 48.81426 ], [ -123.22371, 48.82262 ], [ -123.23369, 48.8289 ], [ -123.2253, 48.83222 ] ] ], [ [ [ -123.27319, 48.85889 ], [ -123.24397, 48.84683 ], [ -123.25471, 48.82922 ], [ -123.23084, 48.82288 ], [ -123.22787, 48.81419 ], [ -123.32747, 48.83287 ], [ -123.31856, 48.83483 ], [ -123.3341, 48.84202 ], [ -123.32095, 48.84276 ], [ -123.34518, 48.85761 ], [ -123.30155, 48.85063 ], [ -123.30471, 48.86535 ], [ -123.28496, 48.8728 ], [ -123.2461, 48.8561 ], [ -123.27319, 48.85889 ] ] ] ] } },
{ "type": "Feature", "properties": { "cduid": "5919", "cd_name": "Cowichan Valley", "hazard_score": 7.3830284351269652e-05, "annual_burn_share": 2.1532621484450379e-05, "owner_households": 29380.0 }, "geometry": { "type": "MultiPolygon", "coordinates": [ [ [ [ -124.54821, 49.1281 ], [ -124.52822, 49.12418 ], [ -124.53722, 49.10918 ], [ -124.51577, 49.05106 ], [ -124.50305, 49.04715 ], [ -124.5037, 49.0549 ], [ -124.46108, 49.05917 ], [ -124.45644, 49.04352 ], [ -124.48841, 49.0423 ], [ -124.48705, 49.03166 ], [ -124.50197, 49.03418 ], [ -124.5034, 49.02795 ], [ -124.47015, 49.01999 ], [ -124.46319, 49.03244 ], [ -124.45227, 49.02329 ], [ -124.41713, 49.02546 ], [ -124.38493, 48.98206 ], [ -124.36448, 48.98219 ], [ -124.36617, 48.98812 ], [ -124.38742, 48.99076 ], [ -124.37646, 48.99966 ], [ -124.33317, 48.99593 ], [ -124.31699, 49.00744 ], [ -124.31379, 48.99975 ], [ -124.29209, 48.99723 ], [ -124.29456, 49.01327 ], [ -124.28242, 49.01311 ], [ -124.28273, 48.99641 ], [ -124.24956, 48.99978 ], [ -124.24882, 48.98954 ], [ -124.23412, 48.99409 ], [ -124.23353, 49.00715 ], [ -124.17294, 49.00891 ], [ -124.17283, 49.00152 ], [ -124.10255, 48.99816 ], [ -124.09271, 48.98134 ], [ -124.08075, 48.98474 ], [ -124.08466, 49.00469 ], [ -124.05494, 48.99989 ], [ -124.06194, 49.01007 ], [ -124.01017, 48.99727 ], [ -124.03475, 49.02618 ], [ -123.99445, 49.03231 ], [ -123.95247, 49.01932 ], [ -123.95319, 49.03143 ], [ -123.92094, 49.03224 ], [ -123.88531, 49.02414 ], [ -123.88553, 49.03718 ], [ -123.86465, 49.03795 ], [ -123.86445, 49.05733 ], [ -123.76158, 49.05505 ], [ -123.74717, 49.03709 ], [ -123.76373, 49.02788 ], [ -123.79168, 49.02637 ], [ -123.76093, 49.00448 ], [ -123.75731, 48.98679 ], [ -123.77232, 48.98891 ], [ -123.76849, 48.98133 ], [ -123.77947, 48.99227 ], [ -123.84514, 49.02505 ], [ -123.85124, 49.02354 ], [ -123.85122, 49.02877 ], [ -123.86023, 49.02123 ], [ -123.84561, 49.01839 ], [ -123.84756, 49.01392 ], [ -123.81464, 48.99539 ], [ -123.80767, 48.99551 ], [ -123.79831, 48.97604 ], [ -123.75592, 48.95824 ], [ -123.70675, 48.91784 ], [ -123.70577, 48.92985 ], [ -123.69252, 48.90398 ], [ -123.66626, 48.89139 ], [ -123.67504, 48.88744 ], [ -123.66498, 48.88612 ], [ -123.665, 48.88547 ], [ -123.66562, 48.8861 ], [ -123.66895, 48.88594 ], [ -123.67361, 48.88486 ], [ -123.67438, 48.88395 ], [ -123.67392, 48.88237 ], [ -123.67334, 48.88213 ], [ -123.67234, 48.88215 ], [ -123.67215, 48.88197 ], [ -123.6736, 48.88121 ], [ -123.67384, 48.88088 ], [ -123.6451, 48.88335 ], [ -123.63593, 48.86182 ], [ -123.59237, 48.84822 ], [ -123.58422, 48.82436 ], [ -123.60976, 48.8134 ], [ -123.59909, 48.78776 ], [ -123.58885, 48.80856 ], [ -123.56251, 48.79897 ], [ -123.55803, 48.78109 ], [ -123.58061, 48.76825 ], [ -123.56979, 48.74282 ], [ -123.59791, 48.76846 ], [ -123.5966, 48.75794 ], [ -123.60531, 48.7556 ], [ -123.62493, 48.76645 ], [ -123.63166, 48.76098 ], [ -123.63091, 48.76529 ], [ -123.63247, 48.76808 ], [ -123.63552, 48.7709 ], [ -123.63194, 48.76253 ], [ -123.63726, 48.76008 ], [ -123.64397, 48.76048 ], [ -123.64523, 48.75968 ], [ -123.63783, 48.75927 ], [ -123.63299, 48.76047 ], [ -123.63784, 48.75796 ], [ -123.63942, 48.75576 ], [ -123.63564, 48.75166 ], [ -123.62586, 48.75039 ], [ -123.62421, 48.74844 ], [ -123.64985, 48.75532 ], [ -123.64018, 48.74891 ], [ -123.65605, 48.74973 ], [ -123.65217, 48.74736 ], [ -123.58654, 48.73396 ], [ -123.53491, 48.69391 ], [ -123.53391, 48.65994 ], [ -123.55955, 48.65565 ], [ -123.51854, 48.6149 ], [ -123.52089, 48.56079 ], [ -123.54962, 48.55715 ], [ -123.55548, 48.53602 ], [ -123.57926, 48.53568 ], [ -123.58644, 48.52121 ], [ -123.60866, 48.52171 ], [ -123.60883, 48.52902 ], [ -123.62747, 48.53237 ], [ -123.63462, 48.5618 ], [ -123.64568, 48.56197 ], [ -123.64757, 48.59665 ], [ -123.65827, 48.60837 ], [ -123.66685, 48.60846 ], [ -123.66117, 48.59895 ], [ -123.68821, 48.60282 ], [ -123.68838, 48.62213 ], [ -123.71459, 48.61311 ], [ -123.72261, 48.6228 ], [ -123.74567, 48.62289 ], [ -123.74444, 48.60556 ], [ -123.79029, 48.59365 ], [ -123.77949, 48.57464 ], [ -123.82104, 48.57498 ], [ -123.8208, 48.5884 ], [ -123.80112, 48.5884 ], [ -123.80115, 48.59393 ], [ -123.83114, 48.59912 ], [ -123.83106, 48.60572 ], [ -123.8536, 48.60329 ], [ -123.8532, 48.63957 ], [ -123.89634, 48.6368 ], [ -123.90617, 48.65227 ], [ -123.93182, 48.63851 ], [ -123.94607, 48.6385 ], [ -123.94642, 48.64436 ], [ -124.11366, 48.64982 ], [ -124.11376, 48.63593 ], [ -124.14217, 48.63573 ], [ -124.1748, 48.65593 ], [ -124.2003, 48.65609 ], [ -124.28005, 48.72121 ], [ -124.28083, 48.68074 ], [ -124.35686, 48.68075 ], [ -124.35684, 48.69519 ], [ -124.37998, 48.69527 ], [ -124.38186, 48.66548 ], [ -124.4137, 48.66569 ], [ -124.42134, 48.62629 ], [ -124.44731, 48.62652 ], [ -124.44727, 48.63491 ], [ -124.49018, 48.63414 ], [ -124.48799, 48.5922 ], [ -124.49858, 48.59212 ], [ -124.50061, 48.54395 ], [ -124.64424, 48.57308 ], [ -124.65626, 48.57957 ], [ -124.65258, 48.58227 ], [ -124.6567, 48.58664 ], [ -124.65274, 48.58864 ], [ -124.65321, 48.59038 ], [ -124.65583, 48.59216 ], [ -124.6585, 48.57948 ], [ -124.71474, 48.59347 ], [ -124.73726, 48.61204 ], [ -124.75654, 48.61357 ], [ -124.81555, 48.66198 ], [ -124.80958, 48.66302 ], [ -124.80475, 48.66499 ], [ -124.80311, 48.66253 ], [ -124.80137, 48.66158 ], [ -124.79997, 48.66165 ], [ -124.79871, 48.66206 ], [ -124.79715, 48.66373 ], [ -124.80515, 48.6652 ], [ -124.83167, 48.65993 ], [ -124.84984, 48.66722 ], [ -124.85496, 48.68325 ], [ -124.80197, 48.69658 ], [ -124.77344, 48.73169 ], [ -124.74161, 48.74484 ], [ -124.73087, 48.77072 ], [ -124.67896, 48.81343 ], [ -124.66963, 48.84084 ], [ -124.65904, 48.83703 ], [ -124.64931, 48.8435 ], [ -124.6517, 48.86832 ], [ -124.63886, 48.8617 ], [ -124.61636, 48.87682 ], [ -124.58888, 48.87901 ], [ -124.57054, 48.89839 ], [ -124.55938, 48.89484 ], [ -124.55027, 48.90047 ], [ -124.54978, 48.9321 ], [ -124.53934, 48.93439 ], [ -124.63825, 49.01432 ], [ -124.60174, 49.01457 ], [ -124.60581, 49.03496 ], [ -124.61558, 49.04812 ], [ -124.6304, 49.05152 ], [ -124.63869, 49.07556 ], [ -124.61629, 49.10411 ], [ -124.60738, 49.10341 ], [ -124.61179, 49.08126 ], [ -124.59733, 49.0756 ], [ -124.59859, 49.109 ], [ -124.58869, 49.11525 ], [ -124.58863, 49.10598 ], [ -124.57739, 49.10776 ], [ -124.5824, 49.14499 ], [ -124.57186, 49.14872 ], [ -124.54987, 49.14171 ], [ -124.54821, 49.1281 ] ] ], [ [ [ -123.63159, 48.93399 ], [ -123.65696, 48.949 ], [ -123.66758, 48.9828 ], [ -123.6357, 48.9826 ], [ -123.63159, 48.93399 ] ] ], [ [ [ -123.68837, 49.0169 ], [ -123.67805, 49.00486 ], [ -123.68999, 49.02248 ], [ -123.6803, 49.01911 ], [ -123.65319, 48.99447 ], [ -123.65263, 48.98854 ], [ -123.67621, 48.98364 ], [ -123.66811, 48.96942 ], [ -123.67845, 48.98138 ], [ -123.69141, 48.98153 ], [ -123.70837, 49.01981 ], [ -123.6949, 49.01143 ], [ -123.68837, 49.0169 ] ] ], [ [ [ -123.67224, 49.10977 ], [ -123.66974, 49.09316 ], [ -123.61852, 49.05741 ], [ -123.59529, 49.02842 ], [ -123.60035, 49.01274 ], [ -123.62948, 49.03858 ], [ -123.64394, 49.0407 ], [ -123.65642, 49.06947 ], [ -123.6982, 49.09936 ], [ -123.71419, 49.12747 ], [ -123.70052, 49.12802 ], [ -123.67224, 49.10977 ] ] ] ] } },
{ "type": "Feature", "properties": { "cduid": "5921", "cd_name": "Nanaimo", "hazard_score": 0.00056840612514150006, "annual_burn_share": 0.00016577579308624967, "owner_households": 55165.0 }, "geometry": { "type": "MultiPolygon", "coordinates": [ [ [ [ -123.73042, 49.09958 ], [ -123.72373, 49.09697 ], [ -123.71985, 49.09236 ], [ -123.73603, 49.09176 ], [ -123.75669, 49.11199 ], [ -123.72759, 49.09524 ], [ -123.73042, 49.09958 ] ] ], [ [ [ -123.76721, 49.12311 ], [ -123.81195, 49.13262 ], [ -123.81342, 49.13694 ], [ -123.7859, 49.13462 ], [ -123.76721, 49.12311 ] ] ], [ [ [ -123.85677, 49.19399 ], [ -123.81869, 49.20243 ], [ -123.81934, 49.18613 ], [ -123.77212, 49.16774 ], [ -123.70423, 49.15945 ], [ -123.69219, 49.13362 ], [ -123.70496, 49.13005 ], [ -123.71009, 49.13866 ], [ -123.72112, 49.13655 ], [ -123.71743, 49.12945 ], [ -123.74724, 49.12782 ], [ -123.85197, 49.15373 ], [ -123.87147, 49.16938 ], [ -123.87003, 49.17626 ], [ -123.85634, 49.17732 ], [ -123.86403, 49.17994 ], [ -123.86089, 49.18347 ], [ -123.87359, 49.19033 ], [ -123.86028, 49.19289 ], [ -123.86301, 49.19852 ], [ -123.8535, 49.19968 ], [ -123.85677, 49.19399 ] ] ], [ [ [ -123.92121, 49.18967 ], [ -123.93584, 49.17667 ], [ -123.94409, 49.20271 ], [ -123.92511, 49.19874 ], [ -123.9274, 49.19401 ], [ -123.92121, 49.18967 ] ] ], [ [ [ -124.82325, 49.41943 ], [ -124.82314, 49.4049 ], [ -124.73357, 49.40474 ], [ -124.73345, 49.43958 ], [ -124.75676, 49.44062 ], [ -124.75666, 49.45566 ], [ -124.74589, 49.45157 ], [ -124.72549, 49.46765 ], [ -124.64118, 49.42204 ], [ -124.62995, 49.40449 ], [ -124.5735, 49.38031 ], [ -124.5028, 49.36517 ], [ -124.48589, 49.36904 ], [ -124.45843, 49.35426 ], [ -124.41648, 49.3603 ], [ -124.3558, 49.35185 ], [ -124.35724, 49.34565 ], [ -124.32005, 49.3234 ], [ -124.28425, 49.33155 ], [ -124.26397, 49.32508 ], [ -124.25235, 49.30532 ], [ -124.23863, 49.30379 ], [ -124.2411, 49.3132 ], [ -124.20691, 49.29385 ], [ -124.19799, 49.29955 ], [ -124.21425, 49.31502 ], [ -124.19369, 49.304 ], [ -124.18573, 49.31262 ], [ -124.16626, 49.29406 ], [ -124.13584, 49.29074 ], [ -124.10886, 49.27024 ], [ -124.13777, 49.26468 ], [ -124.17368, 49.27346 ], [ -124.19333, 49.26849 ], [ -124.17959, 49.25633 ], [ -124.14107, 49.25161 ], [ -124.12662, 49.25842 ], [ -124.08301, 49.25724 ], [ -124.00767, 49.23868 ], [ -123.96443, 49.23655 ], [ -123.94861, 49.22307 ], [ -123.95298, 49.22792 ], [ -123.94826, 49.22889 ], [ -123.94023, 49.2129 ], [ -123.96686, 49.20767 ], [ -123.96963, 49.20172 ], [ -123.94848, 49.19313 ], [ -123.94403, 49.17237 ], [ -123.92344, 49.16204 ], [ -123.92755, 49.14531 ], [ -123.92037, 49.13898 ], [ -123.91942, 49.13585 ], [ -123.91841, 49.13416 ], [ -123.91529, 49.13108 ], [ -123.91717, 49.13603 ], [ -123.90148, 49.13028 ], [ -123.8956, 49.13021 ], [ -123.90808, 49.13306 ], [ -123.91133, 49.1368 ], [ -123.89841, 49.13492 ], [ -123.90077, 49.14104 ], [ -123.8966, 49.13846 ], [ -123.89173, 49.13838 ], [ -123.88811, 49.13945 ], [ -123.88712, 49.14201 ], [ -123.88921, 49.13535 ], [ -123.88477, 49.13782 ], [ -123.88535, 49.14078 ], [ -123.88133, 49.13706 ], [ -123.87387, 49.13407 ], [ -123.88709, 49.14632 ], [ -123.8945, 49.16665 ], [ -123.87171, 49.14233 ], [ -123.81886, 49.13594 ], [ -123.80451, 49.11991 ], [ -123.80051, 49.09129 ], [ -123.80957, 49.09403 ], [ -123.79397, 49.08911 ], [ -123.79378, 49.09027 ], [ -123.78508, 49.07346 ], [ -123.7671, 49.05738 ], [ -123.86445, 49.05733 ], [ -123.86465, 49.03795 ], [ -123.88553, 49.03718 ], [ -123.88531, 49.02414 ], [ -123.92094, 49.03224 ], [ -123.95319, 49.03143 ], [ -123.95247, 49.01932 ], [ -123.99445, 49.03231 ], [ -124.03475, 49.02618 ], [ -124.01017, 48.99727 ], [ -124.06194, 49.01007 ], [ -124.05494, 48.99989 ], [ -124.08466, 49.00469 ], [ -124.08075, 48.98474 ], [ -124.09271, 48.98134 ], [ -124.10255, 48.99816 ], [ -124.17283, 49.00152 ], [ -124.17294, 49.00891 ], [ -124.23353, 49.00715 ], [ -124.23412, 48.99409 ], [ -124.24882, 48.98954 ], [ -124.24956, 48.99978 ], [ -124.28273, 48.99641 ], [ -124.28242, 49.01311 ], [ -124.29456, 49.01327 ], [ -124.29209, 48.99723 ], [ -124.31379, 48.99975 ], [ -124.31699, 49.00744 ], [ -124.33317, 48.99593 ], [ -124.37646, 48.99966 ], [ -124.38742, 48.99076 ], [ -124.36617, 48.98812 ], [ -124.36448, 48.98219 ], [ -124.38493, 48.98206 ], [ -124.41713, 49.02546 ], [ -124.45227, 49.02329 ], [ -124.46319, 49.03244 ], [ -124.47015, 49.01999 ], [ -124.5034, 49.02795 ], [ -124.50197, 49.03418 ], [ -124.48705, 49.03166 ], [ -124.48841, 49.0423 ], [ -124.45644, 49.04352 ], [ -124.45603, 49.04904 ], [ -124.47155, 49.06052 ], [ -124.4753, 49.05455 ], [ -124.5037, 49.0549 ], [ -124.50305, 49.04715 ], [ -124.51577, 49.05106 ], [ -124.53722, 49.10918 ], [ -124.52822, 49.12418 ], [ -124.54821, 49.1281 ], [ -124.54987, 49.14171 ], [ -124.56709, 49.1488 ], [ -124.58993, 49.1418 ], [ -124.59047, 49.15967 ], [ -124.62927, 49.15825 ], [ -124.64064, 49.17189 ], [ -124.65649, 49.17386 ], [ -124.65372, 49.17913 ], [ -124.66532, 49.18107 ], [ -124.67259, 49.17158 ], [ -124.69879, 49.17504 ], [ -124.69732, 49.19129 ], [ -124.6803, 49.2056 ], [ -124.69295, 49.20547 ], [ -124.67474, 49.22056 ], [ -124.67966, 49.22768 ], [ -124.66307, 49.22402 ], [ -124.69835, 49.28217 ], [ -124.71502, 49.27516 ], [ -124.74749, 49.27551 ], [ -124.75323, 49.30096 ], [ -124.7707, 49.29045 ], [ -124.78389, 49.32546 ], [ -124.80059, 49.32212 ], [ -124.82777, 49.34487 ], [ -124.86354, 49.35939 ], [ -124.87271, 49.37783 ], [ -124.89992, 49.37954 ], [ -124.90055, 49.38716 ], [ -124.92322, 49.39442 ], [ -124.92955, 49.4096 ], [ -124.96813, 49.43339 ], [ -124.92005, 49.42935 ], [ -124.85934, 49.43309 ], [ -124.85656, 49.41962 ], [ -124.82325, 49.41943 ] ] ] ] } },
{ "type": "Feature", "properties": { "cduid": "5923", "cd_name": "Alberni-Clayoquot", "hazard_score": 0.00062454803940976099, "annual_burn_share": 0.00018214959687114782, "owner_households": 10390.0 }, "geometry": { "type": "MultiPolygon", "coordinates": [ [ [ [ -125.77687, 49.12156 ], [ -125.75926, 49.12048 ], [ -125.75109, 49.11377 ], [ -125.77658, 49.11326 ], [ -125.77687, 49.12156 ] ] ], [ [ [ -125.74719, 49.14045 ], [ -125.73482, 49.13883 ], [ -125.73328, 49.12901 ], [ -125.74799, 49.13067 ], [ -125.74719, 49.14045 ] ] ], [ [ [ -125.94372, 49.14728 ], [ -125.93378, 49.14248 ], [ -125.94043, 49.1299 ], [ -125.95121, 49.14317 ], [ -125.94372, 49.14728 ] ] ], [ [ [ -126.38319, 49.56073 ], [ -126.3544, 49.57816 ], [ -126.35465, 49.59529 ], [ -126.33651, 49.59734 ], [ -126.33092, 49.60608 ], [ -126.31822, 49.60423 ], [ -126.28108, 49.57164 ], [ -126.25699, 49.57172 ], [ -126.24376, 49.55374 ], [ -126.22122, 49.55972 ], [ -126.21077, 49.55207 ], [ -126.1917, 49.55572 ], [ -126.17982, 49.55022 ], [ -126.17886, 49.56796 ], [ -126.14664, 49.57867 ], [ -126.12253, 49.5654 ], [ -126.09962, 49.57149 ], [ -126.06415, 49.55123 ], [ -126.02777, 49.57638 ], [ -126.00224, 49.57109 ], [ -125.99474, 49.58259 ], [ -125.98705, 49.5775 ], [ -125.96969, 49.58488 ], [ -125.9433, 49.569 ], [ -125.89781, 49.55764 ], [ -125.88433, 49.54466 ], [ -125.78461, 49.53984 ], [ -125.76104, 49.51322 ], [ -125.7361, 49.52346 ], [ -125.70074, 49.51114 ], [ -125.65658, 49.51202 ], [ -125.64312, 49.51885 ], [ -125.63266, 49.49811 ], [ -125.55299, 49.49869 ], [ -125.5512, 49.48892 ], [ -125.49981, 49.47817 ], [ -125.48312, 49.51614 ], [ -125.44615, 49.53493 ], [ -125.43427, 49.55367 ], [ -125.38159, 49.54071 ], [ -125.39589, 49.59402 ], [ -125.42425, 49.62633 ], [ -125.42652, 49.64267 ], [ -125.23395, 49.49103 ], [ -125.16884, 49.49053 ], [ -125.1732, 49.51015 ], [ -125.13418, 49.50335 ], [ -125.1286, 49.51198 ], [ -125.14116, 49.51169 ], [ -125.14323, 49.5289 ], [ -125.12631, 49.51516 ], [ -125.10851, 49.51479 ], [ -125.10718, 49.50401 ], [ -125.0928, 49.50221 ], [ -125.09316, 49.49343 ], [ -125.06906, 49.47758 ], [ -125.05272, 49.47762 ], [ -125.03492, 49.48703 ], [ -125.03675, 49.49391 ], [ -125.02568, 49.49394 ], [ -125.01572, 49.46476 ], [ -124.99519, 49.4571 ], [ -125.00062, 49.45325 ], [ -124.98242, 49.45321 ], [ -124.968, 49.42849 ], [ -124.94207, 49.41972 ], [ -124.92322, 49.39442 ], [ -124.90384, 49.38933 ], [ -124.89992, 49.37954 ], [ -124.87271, 49.37783 ], [ -124.86354, 49.35939 ], [ -124.82777, 49.34487 ], [ -124.80059, 49.32212 ], [ -124.78389, 49.32546 ], [ -124.7707, 49.29045 ], [ -124.75323, 49.30096 ], [ -124.74749, 49.27551 ], [ -124.71502, 49.27516 ], [ -124.69835, 49.28217 ], [ -124.66307, 49.22402 ], [ -124.67966, 49.22768 ], [ -124.67474, 49.22056 ], [ -124.69295, 49.20547 ], [ -124.6803, 49.2056 ], [ -124.69732, 49.19129 ], [ -124.69879, 49.17504 ], [ -124.67259, 49.17158 ], [ -124.66532, 49.18107 ], [ -124.64064, 49.17189 ], [ -124.62927, 49.15825 ], [ -124.59047, 49.15967 ], [ -124.59546, 49.14806 ], [ -124.5785, 49.13147 ], [ -124.57739, 49.10776 ], [ -124.58863, 49.10598 ], [ -124.58869, 49.11525 ], [ -124.59859, 49.109 ], [ -124.59733, 49.0756 ], [ -124.61179, 49.08126 ], [ -124.60738, 49.10341 ], [ -124.61629, 49.10411 ], [ -124.63869, 49.07556 ], [ -124.6304, 49.05152 ], [ -124.61558, 49.04812 ], [ -124.60581, 49.03496 ], [ -124.60174, 49.01457 ], [ -124.63825, 49.01432 ], [ -124.53934, 48.93439 ], [ -124.54978, 48.9321 ], [ -124.55027, 48.90047 ], [ -124.55938, 48.89484 ], [ -124.57054, 48.89839 ], [ -124.58888, 48.87901 ], [ -124.61636, 48.87682 ], [ -124.63886, 48.8617 ], [ -124.6517, 48.86832 ], [ -124.64931, 48.8435 ], [ -124.65904, 48.83703 ], [ -124.66963, 48.84084 ], [ -124.67896, 48.81343 ], [ -124.73087, 48.77072 ], [ -124.74161, 48.74484 ], [ -124.77344, 48.73169 ], [ -124.80197, 48.69658 ], [ -124.84975, 48.68743 ], [ -124.85407, 48.66888 ], [ -124.87061, 48.67621 ], [ -124.88099, 48.67684 ], [ -124.8826, 48.67515 ], [ -124.90155, 48.68126 ], [ -124.9116, 48.681 ], [ -124.91744, 48.68646 ], [ -124.95207, 48.70006 ], [ -125.06189, 48.72208 ], [ -125.07924, 48.72368 ], [ -125.09971, 48.72111 ], [ -125.13258, 48.75725 ], [ -125.12581, 48.75982 ], [ -125.13334, 48.77305 ], [ -125.11589, 48.78752 ], [ -125.11465, 48.79086 ], [ -125.12617, 48.79814 ], [ -125.11564, 48.80428 ], [ -125.11568, 48.80657 ], [ -125.11071, 48.80601 ], [ -125.1055, 48.80956 ], [ -125.1159, 48.80669 ], [ -125.11596, 48.80445 ], [ -125.12027, 48.80451 ], [ -125.14274, 48.78732 ], [ -125.1417, 48.78215 ], [ -125.15576, 48.77527 ], [ -125.15525, 48.77017 ], [ -125.17281, 48.78705 ], [ -125.18828, 48.78627 ], [ -125.19903, 48.78028 ], [ -125.20398, 48.78559 ], [ -125.20989, 48.78098 ], [ -125.2126, 48.78138 ], [ -125.21148, 48.78308 ], [ -125.21153, 48.78741 ], [ -125.21545, 48.79017 ], [ -125.18211, 48.80137 ], [ -125.18592, 48.80876 ], [ -125.16379, 48.81739 ], [ -125.14102, 48.83935 ], [ -125.14144, 48.82475 ], [ -125.16316, 48.81418 ], [ -125.14649, 48.81551 ], [ -125.13515, 48.82249 ], [ -125.13502, 48.8364 ], [ -125.12855, 48.82864 ], [ -125.11263, 48.82901 ], [ -125.10616, 48.83773 ], [ -125.12285, 48.83017 ], [ -125.13442, 48.83982 ], [ -125.09767, 48.86135 ], [ -125.10565, 48.85886 ], [ -125.10696, 48.86374 ], [ -125.08874, 48.87773 ], [ -125.06857, 48.88545 ], [ -125.04952, 48.88376 ], [ -125.04773, 48.87711 ], [ -125.04795, 48.88412 ], [ -125.03273, 48.88351 ], [ -125.01692, 48.89678 ], [ -125.0, 48.89639 ], [ -125.00514, 48.90282 ], [ -125.00943, 48.90296 ], [ -125.01094, 48.90698 ], [ -125.00591, 48.91947 ], [ -125.01513, 48.91786 ], [ -125.02106, 48.92936 ], [ -125.03253, 48.93336 ], [ -125.01866, 48.94368 ], [ -125.0025, 48.94744 ], [ -124.98172, 48.93595 ], [ -124.98709, 48.95072 ], [ -124.97594, 48.95264 ], [ -124.98889, 48.95758 ], [ -124.97156, 48.96994 ], [ -124.94667, 48.97712 ], [ -124.90526, 48.97342 ], [ -124.88144, 48.99559 ], [ -124.85776, 49.00609 ], [ -124.85741, 49.0056 ], [ -124.85838, 49.0027 ], [ -124.85821, 49.00142 ], [ -124.83539, 49.07074 ], [ -124.81389, 49.09541 ], [ -124.81987, 49.10073 ], [ -124.81155, 49.10073 ], [ -124.81487, 49.11251 ], [ -124.78742, 49.14209 ], [ -124.81646, 49.18412 ], [ -124.81248, 49.25 ], [ -124.83655, 49.24362 ], [ -124.82734, 49.2539 ], [ -124.83982, 49.24785 ], [ -124.82332, 49.18959 ], [ -124.83247, 49.17624 ], [ -124.80848, 49.15555 ], [ -124.8166, 49.12053 ], [ -124.83745, 49.10167 ], [ -124.83136, 49.0879 ], [ -124.85552, 49.06989 ], [ -124.88611, 49.0638 ], [ -124.86311, 49.05542 ], [ -124.86581, 49.0272 ], [ -124.87243, 49.01233 ], [ -124.91146, 48.98493 ], [ -124.97459, 48.98647 ], [ -124.98451, 48.98049 ], [ -124.97932, 48.99057 ], [ -125.03384, 49.0163 ], [ -125.02799, 49.02768 ], [ -125.0515, 49.01386 ], [ -125.01294, 48.99988 ], [ -124.99352, 48.97744 ], [ -125.02959, 48.95504 ], [ -125.0171, 48.97374 ], [ -125.02409, 48.97959 ], [ -125.01092, 48.9798 ], [ -125.02103, 48.98754 ], [ -125.03617, 48.98769 ], [ -125.02526, 48.99449 ], [ -125.04359, 48.98991 ], [ -125.05237, 48.99757 ], [ -125.09527, 48.97288 ], [ -125.12706, 48.97958 ], [ -125.13166, 48.99678 ], [ -125.15243, 49.00024 ], [ -125.14414, 49.01067 ], [ -125.16038, 49.00306 ], [ -125.16239, 48.98502 ], [ -125.18544, 48.99016 ], [ -125.14977, 49.01966 ], [ -125.13715, 49.03955 ], [ -125.144, 49.0438 ], [ -125.13521, 49.0459 ], [ -125.15292, 49.07482 ], [ -125.17182, 49.08661 ], [ -125.18885, 49.0912 ], [ -125.18852, 49.09262 ], [ -125.1965, 49.09669 ], [ -125.20061, 49.09778 ], [ -125.20748, 49.09458 ], [ -125.17393, 49.08236 ], [ -125.14551, 49.05317 ], [ -125.16408, 49.05077 ], [ -125.17091, 49.05668 ], [ -125.17272, 49.05739 ], [ -125.17466, 49.05739 ], [ -125.1571, 49.02709 ], [ -125.165, 49.01627 ], [ -125.17605, 49.01927 ], [ -125.19336, 49.00703 ], [ -125.19459, 48.98367 ], [ -125.19162, 48.981 ], [ -125.18378, 48.97896 ], [ -125.22166, 48.95113 ], [ -125.24185, 48.94411 ], [ -125.27649, 48.96823 ], [ -125.32351, 48.96933 ], [ -125.287, 48.97421 ], [ -125.29407, 48.98009 ], [ -125.29655, 48.99257 ], [ -125.28904, 49.00662 ], [ -125.30551, 48.99931 ], [ -125.32359, 49.01224 ], [ -125.29228, 49.02003 ], [ -125.2785, 49.01602 ], [ -125.28187, 49.01822 ], [ -125.28233, 49.02096 ], [ -125.27684, 49.01825 ], [ -125.199, 49.03992 ], [ -125.29007, 49.0236 ], [ -125.31521, 49.03408 ], [ -125.33077, 49.03066 ], [ -125.33756, 49.03759 ], [ -125.35663, 49.0383 ], [ -125.35851, 49.04163 ], [ -125.36891, 48.99809 ], [ -125.44169, 48.95321 ], [ -125.44676, 48.94289 ], [ -125.46099, 48.94128 ], [ -125.48017, 48.92126 ], [ -125.50388, 48.92737 ], [ -125.50015, 48.92107 ], [ -125.51045, 48.92204 ], [ -125.57444, 48.97805 ], [ -125.58644, 48.97594 ], [ -125.59028, 48.96358 ], [ -125.56575, 48.95353 ], [ -125.57642, 48.95124 ], [ -125.57301, 48.94769 ], [ -125.55585, 48.94969 ], [ -125.52898, 48.93263 ], [ -125.53776, 48.93293 ], [ -125.52851, 48.92225 ], [ -125.5418, 48.92076 ], [ -125.54111, 48.93458 ], [ -125.55119, 48.93059 ], [ -125.58902, 48.95663 ], [ -125.60415, 48.95826 ], [ -125.60109, 48.96157 ], [ -125.60761, 48.97118 ], [ -125.61761, 48.97432 ], [ -125.61114, 48.98465 ], [ -125.63511, 49.00077 ], [ -125.6539, 49.0034 ], [ -125.66894, 48.99539 ], [ -125.67337, 49.00436 ], [ -125.67589, 49.00672 ], [ -125.68032, 49.0086 ], [ -125.67499, 49.01954 ], [ -125.69534, 49.03828 ], [ -125.68682, 49.03277 ], [ -125.69713, 49.04049 ], [ -125.72276, 49.05162 ], [ -125.72542, 49.0561 ], [ -125.73969, 49.06431 ], [ -125.76956, 49.07268 ], [ -125.78754, 49.06362 ], [ -125.81045, 49.06994 ], [ -125.82151, 49.06288 ], [ -125.83115, 49.07169 ], [ -125.8822, 49.08897 ], [ -125.88953, 49.09489 ], [ -125.87394, 49.09641 ], [ -125.87364, 49.10628 ], [ -125.89216, 49.11301 ], [ -125.90649, 49.12496 ], [ -125.90134, 49.12853 ], [ -125.90345, 49.13273 ], [ -125.91502, 49.1392 ], [ -125.91298, 49.15356 ], [ -125.88989, 49.15055 ], [ -125.88773, 49.1231 ], [ -125.87912, 49.1132 ], [ -125.86739, 49.11463 ], [ -125.87116, 49.12338 ], [ -125.84966, 49.11953 ], [ -125.86222, 49.11458 ], [ -125.85683, 49.09884 ], [ -125.84467, 49.0944 ], [ -125.85766, 49.11316 ], [ -125.84243, 49.11454 ], [ -125.83799, 49.09762 ], [ -125.82319, 49.09842 ], [ -125.81618, 49.10266 ], [ -125.83554, 49.12211 ], [ -125.81842, 49.11926 ], [ -125.80744, 49.12 ], [ -125.78116, 49.1064 ], [ -125.7784, 49.09389 ], [ -125.77049, 49.10155 ], [ -125.76657, 49.08876 ], [ -125.76234, 49.09866 ], [ -125.75992, 49.08788 ], [ -125.74648, 49.09066 ], [ -125.74209, 49.08335 ], [ -125.75283, 49.07417 ], [ -125.73823, 49.07852 ], [ -125.73316, 49.07328 ], [ -125.73956, 49.08169 ], [ -125.72534, 49.08623 ], [ -125.72647, 49.09489 ], [ -125.75763, 49.10906 ], [ -125.72133, 49.1111 ], [ -125.72284, 49.12326 ], [ -125.6988, 49.13 ], [ -125.68489, 49.14083 ], [ -125.66803, 49.1363 ], [ -125.66409, 49.14528 ], [ -125.67546, 49.14522 ], [ -125.67455, 49.14753 ], [ -125.68019, 49.15416 ], [ -125.66895, 49.14949 ], [ -125.64968, 49.15434 ], [ -125.62414, 49.19268 ], [ -125.64129, 49.19366 ], [ -125.60013, 49.20552 ], [ -125.59567, 49.23359 ], [ -125.60879, 49.21199 ], [ -125.61997, 49.21682 ], [ -125.65678, 49.20055 ], [ -125.65431, 49.19183 ], [ -125.65614, 49.18835 ], [ -125.65413, 49.18591 ], [ -125.6568, 49.18056 ], [ -125.65633, 49.17834 ], [ -125.65521, 49.17795 ], [ -125.65554, 49.17719 ], [ -125.65469, 49.17489 ], [ -125.66419, 49.16839 ], [ -125.67286, 49.17058 ], [ -125.67041, 49.20305 ], [ -125.66462, 49.20312 ], [ -125.67085, 49.21471 ], [ -125.68797, 49.18083 ], [ -125.70127, 49.17352 ], [ -125.71413, 49.17662 ], [ -125.70307, 49.16832 ], [ -125.71443, 49.16596 ], [ -125.72448, 49.14431 ], [ -125.73483, 49.14498 ], [ -125.7353, 49.15191 ], [ -125.73138, 49.1536 ], [ -125.73174, 49.15462 ], [ -125.73093, 49.15536 ], [ -125.73114, 49.1562 ], [ -125.74453, 49.1711 ], [ -125.74892, 49.16976 ], [ -125.74297, 49.1497 ], [ -125.77003, 49.14541 ], [ -125.76134, 49.13119 ], [ -125.79085, 49.14047 ], [ -125.78253, 49.15189 ], [ -125.77029, 49.14741 ], [ -125.77237, 49.15661 ], [ -125.75923, 49.177 ], [ -125.74607, 49.18072 ], [ -125.75419, 49.22313 ], [ -125.72527, 49.25837 ], [ -125.74735, 49.25886 ], [ -125.77879, 49.24015 ], [ -125.81215, 49.24564 ], [ -125.79186, 49.30994 ], [ -125.80174, 49.33456 ], [ -125.77082, 49.35794 ], [ -125.77643, 49.37064 ], [ -125.80695, 49.3419 ], [ -125.821, 49.29843 ], [ -125.83787, 49.29203 ], [ -125.8343, 49.26148 ], [ -125.86814, 49.25715 ], [ -125.85361, 49.26277 ], [ -125.86227, 49.27239 ], [ -125.84973, 49.2733 ], [ -125.84236, 49.27766 ], [ -125.86603, 49.27294 ], [ -125.88365, 49.2834 ], [ -125.88982, 49.27746 ], [ -125.91272, 49.27963 ], [ -125.91989, 49.27718 ], [ -125.91392, 49.26714 ], [ -125.94449, 49.25079 ], [ -125.9364, 49.24486 ], [ -125.97344, 49.22687 ], [ -126.00138, 49.24248 ], [ -126.01304, 49.24328 ], [ -126.03245, 49.28456 ], [ -126.02119, 49.2862 ], [ -126.01607, 49.27965 ], [ -126.00853, 49.28659 ], [ -126.00446, 49.28306 ], [ -126.00259, 49.28312 ], [ -126.00377, 49.29218 ], [ -126.0186, 49.29548 ], [ -126.01176, 49.30553 ], [ -125.9763, 49.2935 ], [ -125.9666, 49.29413 ], [ -125.96695, 49.30263 ], [ -125.94813, 49.29894 ], [ -125.94895, 49.30851 ], [ -125.95973, 49.31095 ], [ -125.94866, 49.31668 ], [ -125.94711, 49.32126 ], [ -125.953, 49.33395 ], [ -125.92357, 49.3795 ], [ -125.9352, 49.38366 ], [ -125.93062, 49.39188 ], [ -125.9041, 49.39823 ], [ -125.89587, 49.4109 ], [ -125.902, 49.4206 ], [ -125.9131, 49.4217 ], [ -125.91904, 49.40266 ], [ -125.94524, 49.39838 ], [ -125.95655, 49.36256 ], [ -125.97309, 49.34634 ], [ -125.98304, 49.34401 ], [ -125.98623, 49.35845 ], [ -125.99048, 49.35537 ], [ -125.99008, 49.32944 ], [ -125.99991, 49.32118 ], [ -126.02337, 49.32097 ], [ -126.05867, 49.34031 ], [ -126.06373, 49.38307 ], [ -126.0828, 49.39475 ], [ -126.05832, 49.40751 ], [ -126.06832, 49.41988 ], [ -126.03823, 49.42693 ], [ -126.04421, 49.44465 ], [ -126.0287, 49.45611 ], [ -126.05221, 49.44289 ], [ -126.0572, 49.43162 ], [ -126.07132, 49.43048 ], [ -126.07866, 49.43822 ], [ -126.12187, 49.42999 ], [ -126.1445, 49.4104 ], [ -126.17304, 49.40325 ], [ -126.14878, 49.40087 ], [ -126.21433, 49.40156 ], [ -126.23797, 49.41876 ], [ -126.23105, 49.42773 ], [ -126.21574, 49.42799 ], [ -126.23328, 49.43294 ], [ -126.21499, 49.44708 ], [ -126.23711, 49.44318 ], [ -126.23158, 49.45233 ], [ -126.24048, 49.46729 ], [ -126.23424, 49.472 ], [ -126.22971, 49.47312 ], [ -126.22891, 49.47431 ], [ -126.24729, 49.46994 ], [ -126.24111, 49.45207 ], [ -126.24888, 49.4347 ], [ -126.29135, 49.51083 ], [ -126.30116, 49.51536 ], [ -126.27725, 49.45441 ], [ -126.29124, 49.45203 ], [ -126.3043, 49.42775 ], [ -126.32223, 49.41995 ], [ -126.30306, 49.42198 ], [ -126.27096, 49.44532 ], [ -126.26091, 49.43721 ], [ -126.25088, 49.42224 ], [ -126.26292, 49.3875 ], [ -126.25792, 49.34813 ], [ -126.26668, 49.37932 ], [ -126.27434, 49.37488 ], [ -126.2696, 49.36049 ], [ -126.28662, 49.35274 ], [ -126.29283, 49.36304 ], [ -126.33182, 49.37917 ], [ -126.33719, 49.38922 ], [ -126.35072, 49.40164 ], [ -126.40791, 49.41337 ], [ -126.40367, 49.42812 ], [ -126.43232, 49.44806 ], [ -126.41524, 49.45687 ], [ -126.40519, 49.4751 ], [ -126.44839, 49.4693 ], [ -126.46174, 49.44462 ], [ -126.47709, 49.44565 ], [ -126.48756, 49.43268 ], [ -126.48914, 49.42099 ], [ -126.46221, 49.40652 ], [ -126.47494, 49.37781 ], [ -126.53261, 49.37773 ], [ -126.57749, 49.41557 ], [ -126.55774, 49.44335 ], [ -126.54832, 49.4441 ], [ -126.54656, 49.44525 ], [ -126.57427, 49.46429 ], [ -126.55011, 49.51139 ], [ -126.57063, 49.53448 ], [ -126.55919, 49.54131 ], [ -126.50654, 49.54038 ], [ -126.45852, 49.57715 ], [ -126.43443, 49.57806 ], [ -126.38319, 49.56073 ] ] ], [ [ [ -125.79127, 49.22444 ], [ -125.80436, 49.22373 ], [ -125.80329, 49.20726 ], [ -125.79149, 49.20223 ], [ -125.79952, 49.19946 ], [ -125.79236, 49.14998 ], [ -125.82008, 49.13808 ], [ -125.79901, 49.14016 ], [ -125.7943, 49.12119 ], [ -125.81231, 49.13091 ], [ -125.81861, 49.12437 ], [ -125.85308, 49.13416 ], [ -125.85567, 49.14754 ], [ -125.87488, 49.15312 ], [ -125.85996, 49.16025 ], [ -125.86756, 49.18171 ], [ -125.85946, 49.18922 ], [ -125.85827, 49.20143 ], [ -125.8374, 49.21256 ], [ -125.84567, 49.23134 ], [ -125.85479, 49.22297 ], [ -125.8616, 49.22728 ], [ -125.86363, 49.22139 ], [ -125.85394, 49.21847 ], [ -125.86338, 49.20897 ], [ -125.87912, 49.21619 ], [ -125.8906, 49.21434 ], [ -125.88205, 49.1939 ], [ -125.89321, 49.19498 ], [ -125.89334, 49.17311 ], [ -125.92583, 49.17763 ], [ -125.91213, 49.18212 ], [ -125.93337, 49.22392 ], [ -125.89826, 49.2247 ], [ -125.89996, 49.2365 ], [ -125.88835, 49.24148 ], [ -125.775, 49.22912 ], [ -125.77098, 49.19354 ], [ -125.78783, 49.20273 ], [ -125.79127, 49.22444 ] ] ], [ [ [ -125.94502, 49.1826 ], [ -125.96108, 49.18731 ], [ -125.95744, 49.17595 ], [ -125.96905, 49.17071 ], [ -125.96206, 49.15079 ], [ -125.96975, 49.14766 ], [ -126.02159, 49.16433 ], [ -126.00895, 49.1685 ], [ -126.00518, 49.18582 ], [ -126.03081, 49.18584 ], [ -126.03466, 49.20357 ], [ -126.03874, 49.20517 ], [ -126.0113, 49.21636 ], [ -125.96029, 49.20473 ], [ -125.95623, 49.20883 ], [ -125.93311, 49.18985 ], [ -125.94502, 49.1826 ] ] ], [ [ [ -126.05679, 49.32398 ], [ -126.03689, 49.31274 ], [ -126.03242, 49.30639 ], [ -126.05262, 49.30418 ], [ -126.05679, 49.32398 ] ] ], [ [ [ -126.09886, 49.38891 ], [ -126.10255, 49.38212 ], [ -126.07999, 49.35971 ], [ -126.08341, 49.34424 ], [ -126.07499, 49.32576 ], [ -126.08147, 49.30913 ], [ -126.07137, 49.28035 ], [ -126.08105, 49.27514 ], [ -126.07325, 49.26738 ], [ -126.05764, 49.26706 ], [ -126.06539, 49.27548 ], [ -126.05769, 49.27913 ], [ -126.06972, 49.28288 ], [ -126.06895, 49.30045 ], [ -126.04703, 49.27048 ], [ -126.05487, 49.26062 ], [ -126.08122, 49.257 ], [ -126.08106, 49.24825 ], [ -126.09259, 49.25357 ], [ -126.0992, 49.24782 ], [ -126.11274, 49.25738 ], [ -126.12597, 49.25806 ], [ -126.13576, 49.2563 ], [ -126.13313, 49.26628 ], [ -126.14755, 49.27511 ], [ -126.16948, 49.27475 ], [ -126.18879, 49.26232 ], [ -126.21462, 49.28198 ], [ -126.23075, 49.28352 ], [ -126.21575, 49.29831 ], [ -126.22377, 49.31143 ], [ -126.23747, 49.31393 ], [ -126.23141, 49.32496 ], [ -126.24089, 49.33271 ], [ -126.22876, 49.34393 ], [ -126.23673, 49.34855 ], [ -126.2285, 49.35447 ], [ -126.2344, 49.35891 ], [ -126.22605, 49.36228 ], [ -126.23432, 49.38832 ], [ -126.22745, 49.39278 ], [ -126.2042, 49.39073 ], [ -126.19031, 49.3736 ], [ -126.12824, 49.39825 ], [ -126.09886, 49.38891 ] ] ], [ [ [ -126.06647, 49.40969 ], [ -126.09218, 49.40029 ], [ -126.08497, 49.3944 ], [ -126.09554, 49.39073 ], [ -126.12599, 49.40555 ], [ -126.10918, 49.41684 ], [ -126.08453, 49.41963 ], [ -126.07212, 49.41529 ], [ -126.07861, 49.41019 ], [ -126.06647, 49.40969 ] ] ], [ [ [ -125.21284, 48.83539 ], [ -125.2035, 48.8289 ], [ -125.22066, 48.8197 ], [ -125.22541, 48.82466 ], [ -125.21284, 48.83539 ] ] ], [ [ [ -125.20687, 48.84875 ], [ -125.18319, 48.84801 ], [ -125.18964, 48.82988 ], [ -125.20153, 48.84707 ], [ -125.20687, 48.84875 ] ] ], [ [ [ -125.31842, 48.87466 ], [ -125.3025, 48.87377 ], [ -125.31091, 48.88052 ], [ -125.30313, 48.88055 ], [ -125.28949, 48.86712 ], [ -125.30091, 48.8663 ], [ -125.30968, 48.86374 ], [ -125.31842, 48.87466 ] ] ], [ [ [ -125.14228, 48.88287 ], [ -125.13106, 48.8958 ], [ -125.13328, 48.89768 ], [ -125.11486, 48.89309 ], [ -125.12193, 48.88473 ], [ -125.16193, 48.87566 ], [ -125.14228, 48.88287 ] ] ], [ [ [ -125.08139, 48.90755 ], [ -125.08533, 48.89732 ], [ -125.11316, 48.89388 ], [ -125.11854, 48.90478 ], [ -125.10444, 48.90919 ], [ -125.11224, 48.91458 ], [ -125.10079, 48.91907 ], [ -125.10684, 48.92567 ], [ -125.06772, 48.95329 ], [ -125.04666, 48.94915 ], [ -125.05725, 48.92099 ], [ -125.06748, 48.90926 ], [ -125.08139, 48.90755 ] ] ], [ [ [ -125.25437, 48.93203 ], [ -125.26497, 48.92968 ], [ -125.27073, 48.93028 ], [ -125.25802, 48.93821 ], [ -125.25, 48.93631 ], [ -125.23857, 48.92851 ], [ -125.25349, 48.92452 ], [ -125.25437, 48.93203 ] ] ], [ [ [ -125.21029, 48.94462 ], [ -125.22573, 48.94409 ], [ -125.22445, 48.94871 ], [ -125.2061, 48.95953 ], [ -125.21029, 48.94462 ] ] ], [ [ [ -125.04406, 48.9796 ], [ -125.04801, 48.9687 ], [ -125.06651, 48.96233 ], [ -125.0834, 48.96669 ], [ -125.06505, 48.98496 ], [ -125.03933, 48.98854 ], [ -125.02192, 48.98154 ], [ -125.03405, 48.97346 ], [ -125.03125, 48.9843 ], [ -125.04406, 48.9796 ] ] ] ] } },
{ "type": "Feature", "properties": { "cduid": "5924", "cd_name": "Strathcona", "hazard_score": 0.0010647310699124465, "annual_burn_share": 0.00031052909131541653, "owner_households": 15740.0 }, "geometry": { "type": "MultiPolygon", "coordinates": [ [ [ [ -126.52464, 49.60679 ], [ -126.54112, 49.60238 ], [ -126.54955, 49.60551 ], [ -126.51067, 49.64882 ], [ -126.52232, 49.65127 ], [ -126.53478, 49.62715 ], [ -126.53643, 49.62853 ], [ -126.54313, 49.62716 ], [ -126.53403, 49.63546 ], [ -126.54501, 49.63102 ], [ -126.55825, 49.63856 ], [ -126.56288, 49.63485 ], [ -126.56799, 49.63427 ], [ -126.55203, 49.65725 ], [ -126.54263, 49.65525 ], [ -126.53005, 49.66302 ], [ -126.53609, 49.67171 ], [ -126.51885, 49.68598 ], [ -126.47999, 49.66232 ], [ -126.49855, 49.65914 ], [ -126.48398, 49.65185 ], [ -126.5104, 49.63817 ], [ -126.52464, 49.60679 ] ] ], [ [ [ -126.39239, 49.65448 ], [ -126.35902, 49.64052 ], [ -126.37543, 49.63859 ], [ -126.43004, 49.65038 ], [ -126.39239, 49.65448 ] ] ], [ [ [ -126.61212, 49.68295 ], [ -126.62659, 49.72167 ], [ -126.60272, 49.68831 ], [ -126.59695, 49.69365 ], [ -126.58789, 49.6846 ], [ -126.59177, 49.67898 ], [ -126.61212, 49.68295 ] ] ], [ [ [ -126.90482, 49.83174 ], [ -126.90274, 49.84706 ], [ -126.88745, 49.84627 ], [ -126.86898, 49.85086 ], [ -126.83731, 49.8644 ], [ -126.79337, 49.86142 ], [ -126.80315, 49.86742 ], [ -126.80796, 49.87307 ], [ -126.79814, 49.88645 ], [ -126.77169, 49.87777 ], [ -126.74618, 49.85107 ], [ -126.72995, 49.84437 ], [ -126.69878, 49.8503 ], [ -126.703, 49.85594 ], [ -126.7237, 49.85249 ], [ -126.72993, 49.86081 ], [ -126.72004, 49.86681 ], [ -126.70712, 49.85723 ], [ -126.67126, 49.85594 ], [ -126.67572, 49.828 ], [ -126.63275, 49.74808 ], [ -126.64455, 49.74602 ], [ -126.64644, 49.74421 ], [ -126.64587, 49.74055 ], [ -126.63827, 49.73072 ], [ -126.64453, 49.73448 ], [ -126.65031, 49.7228 ], [ -126.61238, 49.66434 ], [ -126.62277, 49.66681 ], [ -126.63454, 49.65579 ], [ -126.62311, 49.65126 ], [ -126.62128, 49.62365 ], [ -126.62935, 49.61939 ], [ -126.63093, 49.61282 ], [ -126.62042, 49.6212 ], [ -126.6187, 49.60918 ], [ -126.61527, 49.60419 ], [ -126.62063, 49.60456 ], [ -126.62293, 49.6015 ], [ -126.61527, 49.60124 ], [ -126.62027, 49.59444 ], [ -126.61455, 49.58996 ], [ -126.65671, 49.59463 ], [ -126.65912, 49.58137 ], [ -126.6725, 49.58226 ], [ -126.67719, 49.57991 ], [ -126.71628, 49.60368 ], [ -126.74356, 49.60885 ], [ -126.77032, 49.60418 ], [ -126.82668, 49.61839 ], [ -126.84019, 49.65788 ], [ -126.86341, 49.66121 ], [ -126.87298, 49.67407 ], [ -126.90062, 49.67728 ], [ -126.93281, 49.719 ], [ -126.95421, 49.72411 ], [ -126.95097, 49.73221 ], [ -126.93327, 49.74284 ], [ -126.93181, 49.72411 ], [ -126.9311, 49.7431 ], [ -126.91392, 49.75315 ], [ -126.92207, 49.76062 ], [ -126.88738, 49.75706 ], [ -126.8632, 49.76235 ], [ -126.85661, 49.77542 ], [ -126.84726, 49.77543 ], [ -126.8587, 49.77873 ], [ -126.83018, 49.77441 ], [ -126.82759, 49.77847 ], [ -126.83466, 49.7879 ], [ -126.82271, 49.80075 ], [ -126.8061, 49.79618 ], [ -126.79952, 49.79871 ], [ -126.77241, 49.78891 ], [ -126.75993, 49.79898 ], [ -126.73773, 49.79938 ], [ -126.81164, 49.80686 ], [ -126.86008, 49.79347 ], [ -126.87601, 49.77892 ], [ -126.88993, 49.77941 ], [ -126.92655, 49.79131 ], [ -126.92374, 49.79916 ], [ -126.94097, 49.81405 ], [ -126.94975, 49.81496 ], [ -126.94311, 49.79599 ], [ -126.95345, 49.79223 ], [ -126.96979, 49.79884 ], [ -126.97107, 49.80565 ], [ -126.9474, 49.79627 ], [ -126.94868, 49.80164 ], [ -126.95867, 49.8023 ], [ -126.94917, 49.80732 ], [ -126.95023, 49.81224 ], [ -126.97275, 49.81922 ], [ -126.95617, 49.82344 ], [ -126.95917, 49.83726 ], [ -126.95012, 49.83592 ], [ -126.94493, 49.83695 ], [ -126.93062, 49.83031 ], [ -126.9167, 49.82972 ], [ -126.90482, 49.83174 ] ] ], [ [ [ -126.62723, 49.73091 ], [ -126.63177, 49.72429 ], [ -126.64141, 49.74029 ], [ -126.63532, 49.74429 ], [ -126.62723, 49.73091 ] ] ], [ [ [ -126.97449, 49.7445 ], [ -126.98256, 49.74889 ], [ -126.96758, 49.75374 ], [ -126.93817, 49.74868 ], [ -126.94957, 49.74157 ], [ -126.95496, 49.72478 ], [ -126.96629, 49.73081 ], [ -126.97449, 49.7445 ] ] ], [ [ [ -127.06153, 49.83778 ], [ -127.06753, 49.83856 ], [ -127.06833, 49.84376 ], [ -127.04851, 49.84497 ], [ -127.03279, 49.83289 ], [ -127.0469, 49.83109 ], [ -127.05345, 49.8283 ], [ -127.06153, 49.83778 ] ] ], [ [ [ -127.38226, 50.2605 ], [ -127.33393, 50.232 ], [ -127.31309, 50.23081 ], [ -127.2911, 50.24011 ], [ -127.29439, 50.28004 ], [ -127.25703, 50.28315 ], [ -127.22546, 50.26446 ], [ -127.20156, 50.2753 ], [ -127.17872, 50.26281 ], [ -127.14165, 50.3036 ], [ -127.11237, 50.32414 ], [ -127.09734, 50.32251 ], [ -127.09477, 50.3403 ], [ -127.06696, 50.33598 ], [ -127.06491, 50.32672 ], [ -127.04682, 50.32315 ], [ -127.04816, 50.3131 ], [ -127.02455, 50.28831 ], [ -126.99975, 50.28053 ], [ -126.99887, 50.25002 ], [ -126.97281, 50.24027 ], [ -126.98959, 50.22156 ], [ -126.99052, 50.18164 ], [ -126.94061, 50.18258 ], [ -126.91818, 50.19414 ], [ -126.90367, 50.19015 ], [ -126.885, 50.16423 ], [ -126.83962, 50.13876 ], [ -126.82008, 50.14337 ], [ -126.8208, 50.17109 ], [ -126.78117, 50.17858 ], [ -126.78941, 50.16691 ], [ -126.76557, 50.14444 ], [ -126.77244, 50.13624 ], [ -126.78647, 50.13943 ], [ -126.79101, 50.12479 ], [ -126.74711, 50.10345 ], [ -126.70296, 50.11471 ], [ -126.66539, 50.09068 ], [ -126.64706, 50.09336 ], [ -126.65486, 50.07099 ], [ -126.67768, 50.07326 ], [ -126.69789, 50.05966 ], [ -126.69321, 50.03255 ], [ -126.66599, 50.01736 ], [ -126.62792, 50.0282 ], [ -126.60787, 50.02141 ], [ -126.55874, 50.02947 ], [ -126.56236, 50.02085 ], [ -126.54722, 50.01355 ], [ -126.57157, 49.99024 ], [ -126.51205, 49.96062 ], [ -126.49399, 49.96389 ], [ -126.47813, 49.95227 ], [ -126.46952, 49.92904 ], [ -126.4772, 49.91971 ], [ -126.46599, 49.90882 ], [ -126.43167, 49.91709 ], [ -126.38883, 49.90675 ], [ -126.34266, 49.92436 ], [ -126.35662, 49.94262 ], [ -126.34843, 49.95055 ], [ -126.32603, 49.95378 ], [ -126.28183, 49.9885 ], [ -126.22629, 50.01623 ], [ -126.23777, 50.02505 ], [ -126.22669, 50.03562 ], [ -126.23812, 50.04515 ], [ -126.23522, 50.06073 ], [ -126.24487, 50.05793 ], [ -126.25423, 50.069 ], [ -126.23786, 50.08326 ], [ -126.22576, 50.08053 ], [ -126.24171, 50.10032 ], [ -126.21795, 50.11 ], [ -126.22573, 50.12317 ], [ -126.16034, 50.12143 ], [ -126.16766, 50.13132 ], [ -126.14917, 50.14422 ], [ -126.12945, 50.14195 ], [ -126.117, 50.15798 ], [ -126.10081, 50.15951 ], [ -126.09324, 50.1781 ], [ -126.04458, 50.18056 ], [ -126.02771, 50.25922 ], [ -125.9954, 50.28219 ], [ -126.00931, 50.30408 ], [ -126.04017, 50.30786 ], [ -126.03722, 50.32277 ], [ -126.05169, 50.32637 ], [ -126.05485, 50.33959 ], [ -126.03892, 50.34475 ], [ -125.99486, 50.34039 ], [ -125.99404, 50.35625 ], [ -126.0208, 50.36684 ], [ -126.05601, 50.40462 ], [ -126.08118, 50.3964 ], [ -126.11108, 50.39759 ], [ -126.10997, 50.45383 ], [ -126.02215, 50.4288 ], [ -125.97033, 50.40555 ], [ -125.95789, 50.3893 ], [ -125.9563, 50.39487 ], [ -125.95483, 50.39445 ], [ -125.95648, 50.38142 ], [ -125.94956, 50.38024 ], [ -125.93821, 50.37256 ], [ -125.92967, 50.37357 ], [ -125.94175, 50.37678 ], [ -125.94003, 50.37798 ], [ -125.94516, 50.39073 ], [ -125.85851, 50.38005 ], [ -125.82055, 50.38356 ], [ -125.77289, 50.36257 ], [ -125.72177, 50.35646 ], [ -125.68559, 50.35693 ], [ -125.68478, 50.36488 ], [ -125.65404, 50.35996 ], [ -125.57971, 50.36817 ], [ -125.51974, 50.33631 ], [ -125.50401, 50.34154 ], [ -125.47342, 50.32713 ], [ -125.43877, 50.33071 ], [ -125.4544, 50.32446 ], [ -125.44278, 50.32143 ], [ -125.43519, 50.30464 ], [ -125.44105, 50.28009 ], [ -125.41142, 50.27002 ], [ -125.3984, 50.25195 ], [ -125.39717, 50.22296 ], [ -125.36999, 50.17027 ], [ -125.37493, 50.16142 ], [ -125.36365, 50.15351 ], [ -125.35916, 50.12944 ], [ -125.36813, 50.12721 ], [ -125.38745, 50.13852 ], [ -125.38948, 50.12693 ], [ -125.37398, 50.11207 ], [ -125.32466, 50.11324 ], [ -125.29983, 50.07532 ], [ -125.27136, 50.06929 ], [ -125.26189, 50.04657 ], [ -125.2543, 50.04858 ], [ -125.23971, 50.02845 ], [ -125.21936, 49.97396 ], [ -125.18491, 49.94206 ], [ -125.18306, 49.91433 ], [ -125.15711, 49.89719 ], [ -125.12204, 49.88823 ], [ -125.11604, 49.87248 ], [ -125.16145, 49.86504 ], [ -125.1977, 49.8867 ], [ -125.22522, 49.88808 ], [ -125.22685, 49.89681 ], [ -125.26407, 49.89613 ], [ -125.26471, 49.88644 ], [ -125.27783, 49.88297 ], [ -125.3089, 49.9029 ], [ -125.31381, 49.91597 ], [ -125.33209, 49.91945 ], [ -125.35361, 49.90902 ], [ -125.356, 49.87451 ], [ -125.40343, 49.87448 ], [ -125.40256, 49.84829 ], [ -125.38279, 49.84816 ], [ -125.38829, 49.83623 ], [ -125.48571, 49.82747 ], [ -125.49332, 49.83671 ], [ -125.51154, 49.80296 ], [ -125.55307, 49.78519 ], [ -125.54589, 49.75535 ], [ -125.5219, 49.75457 ], [ -125.49129, 49.74081 ], [ -125.51374, 49.71021 ], [ -125.42652, 49.64267 ], [ -125.37957, 49.5479 ], [ -125.38159, 49.54071 ], [ -125.43427, 49.55367 ], [ -125.44615, 49.53493 ], [ -125.48312, 49.51614 ], [ -125.49981, 49.47817 ], [ -125.5512, 49.48892 ], [ -125.55299, 49.49869 ], [ -125.63266, 49.49811 ], [ -125.64312, 49.51885 ], [ -125.65658, 49.51202 ], [ -125.70074, 49.51114 ], [ -125.7361, 49.52346 ], [ -125.76104, 49.51322 ], [ -125.78461, 49.53984 ], [ -125.88433, 49.54466 ], [ -125.89781, 49.55764 ], [ -125.9433, 49.569 ], [ -125.96969, 49.58488 ], [ -125.98705, 49.5775 ], [ -125.99474, 49.58259 ], [ -126.00224, 49.57109 ], [ -126.02777, 49.57638 ], [ -126.06415, 49.55123 ], [ -126.09962, 49.57149 ], [ -126.12253, 49.5654 ], [ -126.14664, 49.57867 ], [ -126.17886, 49.56796 ], [ -126.17982, 49.55022 ], [ -126.1917, 49.55572 ], [ -126.21077, 49.55207 ], [ -126.22122, 49.55972 ], [ -126.24376, 49.55374 ], [ -126.25699, 49.57172 ], [ -126.28108, 49.57164 ], [ -126.31822, 49.60423 ], [ -126.33092, 49.60608 ], [ -126.33651, 49.59734 ], [ -126.35465, 49.59529 ], [ -126.3544, 49.57816 ], [ -126.38319, 49.56073 ], [ -126.43443, 49.57806 ], [ -126.45852, 49.57715 ], [ -126.50654, 49.54038 ], [ -126.55706, 49.53982 ], [ -126.56349, 49.54618 ], [ -126.56892, 49.57922 ], [ -126.55635, 49.57773 ], [ -126.55613, 49.58656 ], [ -126.5263, 49.59063 ], [ -126.5007, 49.60508 ], [ -126.47424, 49.64563 ], [ -126.46243, 49.64427 ], [ -126.45977, 49.63686 ], [ -126.47038, 49.63548 ], [ -126.45279, 49.62935 ], [ -126.42023, 49.63949 ], [ -126.37146, 49.6285 ], [ -126.34708, 49.63039 ], [ -126.34984, 49.63641 ], [ -126.30269, 49.6351 ], [ -126.23451, 49.64415 ], [ -126.1893, 49.65709 ], [ -126.15544, 49.64681 ], [ -126.14338, 49.6584 ], [ -126.10485, 49.65844 ], [ -126.09048, 49.63543 ], [ -126.04616, 49.6076 ], [ -126.04583, 49.61265 ], [ -126.05017, 49.61873 ], [ -126.04865, 49.62144 ], [ -126.08453, 49.64202 ], [ -126.08487, 49.65807 ], [ -126.11613, 49.68448 ], [ -126.12787, 49.67481 ], [ -126.20733, 49.6698 ], [ -126.26676, 49.65072 ], [ -126.34832, 49.64463 ], [ -126.37667, 49.65417 ], [ -126.3738, 49.66506 ], [ -126.4438, 49.65391 ], [ -126.46922, 49.67673 ], [ -126.47362, 49.67562 ], [ -126.50007, 49.68647 ], [ -126.48488, 49.69044 ], [ -126.49175, 49.69852 ], [ -126.47866, 49.71254 ], [ -126.46392, 49.70385 ], [ -126.46666, 49.71908 ], [ -126.43627, 49.75805 ], [ -126.42061, 49.75495 ], [ -126.4135, 49.76076 ], [ -126.39592, 49.75437 ], [ -126.38406, 49.75482 ], [ -126.40455, 49.77235 ], [ -126.4531, 49.76188 ], [ -126.46349, 49.76792 ], [ -126.43867, 49.79577 ], [ -126.46351, 49.78805 ], [ -126.49649, 49.80208 ], [ -126.47482, 49.7635 ], [ -126.45602, 49.74817 ], [ -126.46933, 49.73027 ], [ -126.48873, 49.72701 ], [ -126.48378, 49.73129 ], [ -126.48296, 49.7368 ], [ -126.49411, 49.73167 ], [ -126.51554, 49.74487 ], [ -126.50991, 49.75542 ], [ -126.52072, 49.75286 ], [ -126.52167, 49.73991 ], [ -126.49121, 49.72058 ], [ -126.49645, 49.71173 ], [ -126.51422, 49.71552 ], [ -126.5087, 49.70915 ], [ -126.51873, 49.70638 ], [ -126.54826, 49.71529 ], [ -126.55508, 49.71284 ], [ -126.53924, 49.71093 ], [ -126.53341, 49.70222 ], [ -126.55091, 49.69374 ], [ -126.58853, 49.69518 ], [ -126.61326, 49.72082 ], [ -126.62832, 49.76444 ], [ -126.64215, 49.77651 ], [ -126.65464, 49.85425 ], [ -126.64267, 49.9108 ], [ -126.64375, 49.91213 ], [ -126.64822, 49.91221 ], [ -126.65005, 49.91015 ], [ -126.65245, 49.91167 ], [ -126.6517, 49.92132 ], [ -126.66315, 49.91981 ], [ -126.67268, 49.85947 ], [ -126.67851, 49.86482 ], [ -126.70541, 49.86366 ], [ -126.71197, 49.87324 ], [ -126.73303, 49.86815 ], [ -126.75155, 49.87333 ], [ -126.78074, 49.89943 ], [ -126.802, 49.94898 ], [ -126.81675, 49.95576 ], [ -126.8459, 49.95938 ], [ -126.84312, 49.97933 ], [ -126.85663, 49.98625 ], [ -126.86114, 49.95674 ], [ -126.81852, 49.94474 ], [ -126.80078, 49.907 ], [ -126.82548, 49.8808 ], [ -126.91008, 49.86874 ], [ -126.92337, 49.90347 ], [ -126.9184, 49.92428 ], [ -126.90559, 49.92957 ], [ -126.907, 49.95859 ], [ -126.86606, 49.95716 ], [ -126.91069, 49.96007 ], [ -126.9149, 49.93132 ], [ -126.92984, 49.95665 ], [ -126.92351, 49.9735 ], [ -126.94418, 49.98896 ], [ -126.9418, 49.90081 ], [ -126.93624, 49.89151 ], [ -126.9473, 49.87331 ], [ -126.93106, 49.87155 ], [ -126.94309, 49.86011 ], [ -126.95058, 49.86062 ], [ -126.96354, 49.85555 ], [ -126.97827, 49.86014 ], [ -126.9761, 49.86945 ], [ -126.96303, 49.87225 ], [ -126.98153, 49.87276 ], [ -126.9799, 49.87523 ], [ -126.98174, 49.88482 ], [ -126.98872, 49.88639 ], [ -126.99034, 49.87416 ], [ -127.00867, 49.8837 ], [ -127.01591, 49.9092 ], [ -127.04472, 49.94382 ], [ -127.05265, 49.94206 ], [ -127.02361, 49.88606 ], [ -126.99196, 49.86491 ], [ -126.99469, 49.85983 ], [ -127.00322, 49.86597 ], [ -126.99772, 49.85221 ], [ -127.04346, 49.85233 ], [ -127.07733, 49.86327 ], [ -127.09264, 49.8594 ], [ -127.09462, 49.86636 ], [ -127.11424, 49.86359 ], [ -127.11986, 49.85433 ], [ -127.12795, 49.86129 ], [ -127.15177, 49.85946 ], [ -127.17708, 49.88021 ], [ -127.1772, 49.89078 ], [ -127.20311, 49.92451 ], [ -127.21901, 49.92725 ], [ -127.21624, 49.93041 ], [ -127.22478, 49.95342 ], [ -127.24051, 49.96371 ], [ -127.25154, 49.95996 ], [ -127.25523, 49.96571 ], [ -127.25152, 49.9709 ], [ -127.2301, 49.96889 ], [ -127.23434, 49.97634 ], [ -127.18625, 50.00125 ], [ -127.12311, 49.99614 ], [ -127.15317, 50.00073 ], [ -127.15872, 50.01655 ], [ -127.15286, 50.01827 ], [ -127.14898, 50.02272 ], [ -127.1128, 50.01775 ], [ -127.09375, 50.02533 ], [ -127.07724, 50.02279 ], [ -127.08625, 50.03217 ], [ -127.18192, 50.02496 ], [ -127.18292, 50.02379 ], [ -127.17406, 50.02012 ], [ -127.18444, 50.01605 ], [ -127.19058, 50.02126 ], [ -127.19665, 50.02285 ], [ -127.17182, 50.03887 ], [ -127.18502, 50.06491 ], [ -127.17442, 50.07346 ], [ -127.15071, 50.06882 ], [ -127.17569, 50.05953 ], [ -127.09629, 50.05998 ], [ -127.10913, 50.06609 ], [ -127.14413, 50.06863 ], [ -127.15609, 50.07889 ], [ -127.13204, 50.09437 ], [ -127.09166, 50.10307 ], [ -127.08373, 50.11613 ], [ -127.09168, 50.11806 ], [ -127.09398, 50.1468 ], [ -127.10462, 50.14223 ], [ -127.10102, 50.12389 ], [ -127.12856, 50.10641 ], [ -127.21289, 50.09318 ], [ -127.23483, 50.10548 ], [ -127.21824, 50.10485 ], [ -127.22708, 50.11155 ], [ -127.23212, 50.10996 ], [ -127.23028, 50.11857 ], [ -127.26579, 50.13588 ], [ -127.27039, 50.14648 ], [ -127.30701, 50.15987 ], [ -127.29943, 50.18643 ], [ -127.30844, 50.19612 ], [ -127.31123, 50.15324 ], [ -127.29728, 50.14359 ], [ -127.31122, 50.12796 ], [ -127.27469, 50.11167 ], [ -127.30185, 50.13378 ], [ -127.2909, 50.13535 ], [ -127.26508, 50.1184 ], [ -127.2711, 50.10973 ], [ -127.2631, 50.10374 ], [ -127.2758, 50.10531 ], [ -127.28411, 50.0969 ], [ -127.26997, 50.08243 ], [ -127.28913, 50.07908 ], [ -127.28688, 50.07576 ], [ -127.28598, 50.06665 ], [ -127.26725, 50.05781 ], [ -127.31185, 50.04056 ], [ -127.31631, 50.04444 ], [ -127.34836, 50.02412 ], [ -127.34454, 50.0217 ], [ -127.34415, 50.01959 ], [ -127.35891, 50.02282 ], [ -127.35216, 50.02933 ], [ -127.34929, 50.04587 ], [ -127.35954, 50.04566 ], [ -127.3621, 50.02856 ], [ -127.39197, 50.03279 ], [ -127.39282, 50.02823 ], [ -127.41067, 50.04144 ], [ -127.4287, 50.03589 ], [ -127.42728, 50.04013 ], [ -127.43136, 50.04393 ], [ -127.44019, 50.04714 ], [ -127.44501, 50.06023 ], [ -127.44255, 50.06418 ], [ -127.47755, 50.09109 ], [ -127.48474, 50.09274 ], [ -127.48046, 50.09512 ], [ -127.47763, 50.11488 ], [ -127.42224, 50.12917 ], [ -127.41969, 50.13861 ], [ -127.46828, 50.13112 ], [ -127.49861, 50.11471 ], [ -127.50735, 50.11972 ], [ -127.5147, 50.12188 ], [ -127.5079, 50.12792 ], [ -127.51519, 50.13391 ], [ -127.46998, 50.15577 ], [ -127.43348, 50.18938 ], [ -127.46074, 50.17887 ], [ -127.48508, 50.18559 ], [ -127.47691, 50.17112 ], [ -127.49616, 50.17046 ], [ -127.50999, 50.14572 ], [ -127.52129, 50.14268 ], [ -127.52341, 50.14009 ], [ -127.53012, 50.13972 ], [ -127.53741, 50.12707 ], [ -127.56126, 50.12309 ], [ -127.57765, 50.12797 ], [ -127.60456, 50.10776 ], [ -127.61012, 50.11202 ], [ -127.59996, 50.11609 ], [ -127.59916, 50.12076 ], [ -127.62545, 50.11741 ], [ -127.63866, 50.14406 ], [ -127.64436, 50.14581 ], [ -127.60705, 50.1913 ], [ -127.61955, 50.19071 ], [ -127.62537, 50.17743 ], [ -127.63656, 50.16808 ], [ -127.66118, 50.18249 ], [ -127.63074, 50.20896 ], [ -127.66566, 50.18705 ], [ -127.65076, 50.17095 ], [ -127.66167, 50.16299 ], [ -127.65897, 50.15028 ], [ -127.68649, 50.14921 ], [ -127.68569, 50.14119 ], [ -127.69654, 50.14205 ], [ -127.70131, 50.13564 ], [ -127.68513, 50.13096 ], [ -127.71531, 50.13354 ], [ -127.71689, 50.12421 ], [ -127.73344, 50.12283 ], [ -127.79565, 50.08054 ], [ -127.86342, 50.09208 ], [ -127.91646, 50.11374 ], [ -127.91911, 50.12844 ], [ -127.89541, 50.11541 ], [ -127.86085, 50.14223 ], [ -127.8435, 50.13723 ], [ -127.82791, 50.14531 ], [ -127.77138, 50.14681 ], [ -127.75777, 50.1645 ], [ -127.73622, 50.1638 ], [ -127.72709, 50.17571 ], [ -127.74128, 50.18338 ], [ -127.73473, 50.18965 ], [ -127.70134, 50.18934 ], [ -127.69553, 50.21136 ], [ -127.66186, 50.23977 ], [ -127.63978, 50.23958 ], [ -127.63854, 50.25023 ], [ -127.59808, 50.26711 ], [ -127.59909, 50.28111 ], [ -127.57974, 50.28371 ], [ -127.55146, 50.29383 ], [ -127.52145, 50.27723 ], [ -127.42104, 50.2588 ], [ -127.41039, 50.25048 ], [ -127.38226, 50.2605 ] ] ], [ [ [ -127.42022, 50.01128 ], [ -127.40784, 50.00494 ], [ -127.41997, 49.99164 ], [ -127.42403, 50.00133 ], [ -127.4282, 50.00463 ], [ -127.42022, 50.01128 ] ] ], [ [ [ -127.25435, 50.00123 ], [ -127.25682, 49.98805 ], [ -127.26728, 49.9853 ], [ -127.27918, 49.97261 ], [ -127.28648, 49.99327 ], [ -127.30215, 49.99559 ], [ -127.30187, 49.98692 ], [ -127.30618, 49.98668 ], [ -127.32303, 50.00579 ], [ -127.31858, 50.00967 ], [ -127.31091, 50.00674 ], [ -127.31549, 50.02662 ], [ -127.29628, 50.03811 ], [ -127.26654, 50.03903 ], [ -127.23654, 50.01859 ], [ -127.22888, 50.01836 ], [ -127.23377, 50.00651 ], [ -127.25435, 50.00123 ] ] ], [ [ [ -127.20087, 50.01736 ], [ -127.18342, 50.00993 ], [ -127.20654, 50.00581 ], [ -127.21192, 50.01662 ], [ -127.20087, 50.01736 ] ] ], [ [ [ -127.21681, 50.03856 ], [ -127.22177, 50.0329 ], [ -127.24191, 50.03889 ], [ -127.23187, 50.05222 ], [ -127.19944, 50.06094 ], [ -127.18988, 50.05134 ], [ -127.20781, 50.0533 ], [ -127.18514, 50.04121 ], [ -127.21681, 50.03856 ] ] ], [ [ [ -127.23843, 50.08634 ], [ -127.21947, 50.08794 ], [ -127.19006, 50.07931 ], [ -127.2078, 50.08004 ], [ -127.23606, 50.06673 ], [ -127.23843, 50.08634 ] ] ], [ [ [ -127.54575, 50.09467 ], [ -127.54262, 50.10028 ], [ -127.54689, 50.1 ], [ -127.54358, 50.10452 ], [ -127.529, 50.10377 ], [ -127.54244, 50.10592 ], [ -127.53116, 50.1097 ], [ -127.52732, 50.10306 ], [ -127.5226, 50.10059 ], [ -127.52767, 50.10216 ], [ -127.54575, 50.09467 ] ] ], [ [ [ -127.51757, 50.10169 ], [ -127.50907, 50.10043 ], [ -127.50699, 50.10611 ], [ -127.52312, 50.10759 ], [ -127.5215, 50.11622 ], [ -127.51767, 50.11449 ], [ -127.50873, 50.11471 ], [ -127.50356, 50.11234 ], [ -127.49904, 50.0954 ], [ -127.51757, 50.10169 ] ] ], [ [ [ -125.89088, 50.40388 ], [ -125.87579, 50.40627 ], [ -125.86921, 50.39761 ], [ -125.8561, 50.39447 ], [ -125.87176, 50.394 ], [ -125.89088, 50.40388 ] ] ], [ [ [ -124.95132, 50.03778 ], [ -124.94312, 50.04221 ], [ -124.91572, 50.02564 ], [ -124.92841, 50.01669 ], [ -124.9405, 50.02304 ], [ -124.93573, 50.0324 ], [ -124.95132, 50.03778 ] ] ], [ [ [ -125.0279, 50.06573 ], [ -125.0533, 50.05021 ], [ -125.07501, 50.06971 ], [ -125.04888, 50.08684 ], [ -125.0279, 50.06573 ] ] ], [ [ [ -124.90696, 50.12706 ], [ -124.91604, 50.13157 ], [ -124.91981, 50.13644 ], [ -124.91012, 50.14045 ], [ -124.91763, 50.14826 ], [ -124.93424, 50.1364 ], [ -124.90643, 50.1173 ], [ -124.90431, 50.09611 ], [ -124.88202, 50.06463 ], [ -124.88603, 50.05748 ], [ -124.8886, 50.06275 ], [ -124.90549, 50.05865 ], [ -124.90822, 50.06772 ], [ -124.93911, 50.06552 ], [ -124.9224, 50.05808 ], [ -124.96558, 50.04164 ], [ -124.98706, 50.01167 ], [ -125.0, 50.02383 ], [ -124.99822, 50.04911 ], [ -124.98131, 50.07362 ], [ -124.9803, 50.06529 ], [ -124.97433, 50.07112 ], [ -125.01453, 50.08656 ], [ -124.98698, 50.09003 ], [ -124.98608, 50.09064 ], [ -124.98723, 50.09201 ], [ -124.98493, 50.09291 ], [ -124.98476, 50.09645 ], [ -124.98135, 50.09679 ], [ -124.98128, 50.0997 ], [ -125.03526, 50.10201 ], [ -125.01584, 50.09151 ], [ -125.02248, 50.08445 ], [ -125.05098, 50.09865 ], [ -125.04494, 50.11163 ], [ -125.062, 50.10716 ], [ -125.0716, 50.1139 ], [ -125.05789, 50.11865 ], [ -125.05459, 50.13082 ], [ -125.03936, 50.12798 ], [ -125.02681, 50.14588 ], [ -124.98799, 50.12514 ], [ -125.01553, 50.15824 ], [ -124.99653, 50.1563 ], [ -125.0019, 50.16324 ], [ -124.98268, 50.18217 ], [ -124.96071, 50.1676 ], [ -124.95824, 50.15566 ], [ -124.96724, 50.15905 ], [ -124.95398, 50.14178 ], [ -124.94273, 50.14049 ], [ -124.95656, 50.1652 ], [ -124.93827, 50.1573 ], [ -124.93299, 50.16098 ], [ -124.97715, 50.18218 ], [ -124.97324, 50.19783 ], [ -125.00437, 50.21806 ], [ -125.00047, 50.23895 ], [ -124.9784, 50.22928 ], [ -124.93061, 50.18483 ], [ -124.89532, 50.14068 ], [ -124.90548, 50.13523 ], [ -124.90696, 50.12706 ] ] ], [ [ [ -125.23881, 50.30619 ], [ -125.22253, 50.29084 ], [ -125.22465, 50.27962 ], [ -125.23283, 50.28142 ], [ -125.23461, 50.27234 ], [ -125.25976, 50.26324 ], [ -125.22207, 50.26519 ], [ -125.21461, 50.25214 ], [ -125.19661, 50.2494 ], [ -125.1818, 50.23198 ], [ -125.16377, 50.23198 ], [ -125.1493, 50.21929 ], [ -125.13838, 50.19223 ], [ -125.16108, 50.16479 ], [ -125.16568, 50.1726 ], [ -125.17531, 50.17123 ], [ -125.17557, 50.15879 ], [ -125.1913, 50.16448 ], [ -125.19574, 50.15675 ], [ -125.18279, 50.15277 ], [ -125.18351, 50.14561 ], [ -125.19293, 50.14026 ], [ -125.19482, 50.13369 ], [ -125.21175, 50.14064 ], [ -125.21995, 50.13847 ], [ -125.21122, 50.12537 ], [ -125.23925, 50.12971 ], [ -125.23547, 50.12099 ], [ -125.21997, 50.11564 ], [ -125.22189, 50.11234 ], [ -125.21659, 50.10259 ], [ -125.20487, 50.1033 ], [ -125.18872, 50.08949 ], [ -125.19548, 50.10774 ], [ -125.17907, 50.09029 ], [ -125.16417, 50.03096 ], [ -125.14673, 50.0118 ], [ -125.16674, 49.99824 ], [ -125.19564, 49.99829 ], [ -125.19698, 50.0241 ], [ -125.22146, 50.03868 ], [ -125.22031, 50.05084 ], [ -125.2345, 50.05514 ], [ -125.23376, 50.06045 ], [ -125.23675, 50.06476 ], [ -125.2239, 50.05754 ], [ -125.2277, 50.0658 ], [ -125.21242, 50.06673 ], [ -125.21508, 50.08138 ], [ -125.2386, 50.08483 ], [ -125.25619, 50.10364 ], [ -125.25542, 50.0933 ], [ -125.26722, 50.09386 ], [ -125.31415, 50.1323 ], [ -125.32398, 50.13419 ], [ -125.33055, 50.13169 ], [ -125.33548, 50.14517 ], [ -125.34502, 50.13546 ], [ -125.33868, 50.12878 ], [ -125.34808, 50.13061 ], [ -125.34996, 50.15716 ], [ -125.33591, 50.15412 ], [ -125.33202, 50.16188 ], [ -125.35463, 50.17918 ], [ -125.33574, 50.17089 ], [ -125.32512, 50.17783 ], [ -125.3575, 50.20962 ], [ -125.37019, 50.24446 ], [ -125.33447, 50.24656 ], [ -125.30375, 50.23696 ], [ -125.31578, 50.24218 ], [ -125.30531, 50.24865 ], [ -125.31491, 50.25283 ], [ -125.27051, 50.26211 ], [ -125.28789, 50.26491 ], [ -125.31749, 50.25483 ], [ -125.31653, 50.26017 ], [ -125.34513, 50.25992 ], [ -125.38054, 50.27941 ], [ -125.30327, 50.29139 ], [ -125.2965, 50.29625 ], [ -125.31547, 50.29496 ], [ -125.2986, 50.30257 ], [ -125.23881, 50.30619 ] ] ], [ [ [ -125.04294, 50.24089 ], [ -125.03309, 50.20797 ], [ -125.04895, 50.18373 ], [ -125.06241, 50.19999 ], [ -125.06789, 50.19225 ], [ -125.07526, 50.19647 ], [ -125.06824, 50.2224 ], [ -125.07501, 50.21402 ], [ -125.08221, 50.2175 ], [ -125.08765, 50.20468 ], [ -125.08354, 50.19937 ], [ -125.09144, 50.20477 ], [ -125.09965, 50.20525 ], [ -125.07999, 50.1779 ], [ -125.10167, 50.1674 ], [ -125.09754, 50.15383 ], [ -125.11103, 50.14773 ], [ -125.11522, 50.13998 ], [ -125.11827, 50.14435 ], [ -125.11823, 50.13621 ], [ -125.12371, 50.1348 ], [ -125.12276, 50.13219 ], [ -125.1283, 50.12761 ], [ -125.13033, 50.12725 ], [ -125.13204, 50.13298 ], [ -125.13603, 50.13057 ], [ -125.14357, 50.13012 ], [ -125.15461, 50.14203 ], [ -125.13197, 50.17349 ], [ -125.11977, 50.17647 ], [ -125.13127, 50.21015 ], [ -125.10092, 50.25 ], [ -125.09393, 50.25029 ], [ -125.07427, 50.276 ], [ -125.0541, 50.26037 ], [ -125.05516, 50.2556 ], [ -125.04294, 50.24089 ] ] ], [ [ [ -124.81923, 50.25321 ], [ -124.8236, 50.25053 ], [ -124.82568, 50.24681 ], [ -124.82223, 50.21866 ], [ -124.81665, 50.2163 ], [ -124.81762, 50.21355 ], [ -124.80079, 50.20283 ], [ -124.79292, 50.20189 ], [ -124.79175, 50.19733 ], [ -124.75937, 50.18801 ], [ -124.75138, 50.1638 ], [ -124.77473, 50.15826 ], [ -124.75086, 50.16029 ], [ -124.79904, 50.13413 ], [ -124.81379, 50.11283 ], [ -124.84977, 50.1157 ], [ -124.83823, 50.12418 ], [ -124.84096, 50.12959 ], [ -124.86199, 50.12401 ], [ -124.88113, 50.1675 ], [ -124.90185, 50.16979 ], [ -124.87517, 50.16931 ], [ -124.8619, 50.1797 ], [ -124.81608, 50.18316 ], [ -124.83956, 50.18662 ], [ -124.84197, 50.19941 ], [ -124.87044, 50.18697 ], [ -124.92405, 50.1911 ], [ -124.97909, 50.24374 ], [ -124.97821, 50.25956 ], [ -124.95591, 50.25979 ], [ -124.95987, 50.27199 ], [ -124.91928, 50.30482 ], [ -124.82523, 50.28142 ], [ -124.78642, 50.28587 ], [ -124.805, 50.26675 ], [ -124.81358, 50.248 ], [ -124.81923, 50.25321 ] ] ], [ [ [ -124.71437, 50.16127 ], [ -124.7285, 50.16446 ], [ -124.72226, 50.17596 ], [ -124.74683, 50.20382 ], [ -124.72822, 50.24438 ], [ -124.71221, 50.24857 ], [ -124.69873, 50.26408 ], [ -124.70503, 50.2867 ], [ -124.73622, 50.30061 ], [ -124.72339, 50.27976 ], [ -124.72578, 50.25992 ], [ -124.74547, 50.24585 ], [ -124.75532, 50.21005 ], [ -124.8142, 50.2335 ], [ -124.78712, 50.26519 ], [ -124.78226, 50.2873 ], [ -124.76263, 50.29135 ], [ -124.7528, 50.29552 ], [ -124.74108, 50.30792 ], [ -124.70133, 50.29681 ], [ -124.66685, 50.27587 ], [ -124.64255, 50.23393 ], [ -124.65814, 50.19526 ], [ -124.71437, 50.16127 ] ] ], [ [ [ -125.15501, 50.23154 ], [ -125.15713, 50.24238 ], [ -125.19193, 50.26617 ], [ -125.19518, 50.28119 ], [ -125.20959, 50.29884 ], [ -125.16536, 50.31012 ], [ -125.15295, 50.32367 ], [ -125.12586, 50.32726 ], [ -125.09159, 50.2925 ], [ -125.0886, 50.27069 ], [ -125.10092, 50.25 ], [ -125.12131, 50.24367 ], [ -125.12228, 50.23931 ], [ -125.12624, 50.2407 ], [ -125.13582, 50.24096 ], [ -125.15501, 50.23154 ] ] ], [ [ [ -125.06288, 50.29028 ], [ -125.0605, 50.27827 ], [ -125.07291, 50.28381 ], [ -125.07594, 50.29646 ], [ -125.06288, 50.29028 ] ] ], [ [ [ -125.028, 50.28418 ], [ -125.04001, 50.30044 ], [ -125.00951, 50.31196 ], [ -125.00466, 50.32634 ], [ -124.98817, 50.32581 ], [ -124.96652, 50.31229 ], [ -124.97958, 50.28771 ], [ -125.00343, 50.2737 ], [ -125.028, 50.28418 ] ] ], [ [ [ -125.15866, 50.3652 ], [ -125.12877, 50.33169 ], [ -125.17034, 50.3244 ], [ -125.21923, 50.29806 ], [ -125.22454, 50.31698 ], [ -125.21621, 50.32672 ], [ -125.23739, 50.31453 ], [ -125.26682, 50.328 ], [ -125.28373, 50.31484 ], [ -125.29241, 50.31665 ], [ -125.3373, 50.30693 ], [ -125.34418, 50.29286 ], [ -125.37976, 50.28987 ], [ -125.40704, 50.3084 ], [ -125.40615, 50.3371 ], [ -125.37106, 50.3549 ], [ -125.29877, 50.33542 ], [ -125.31459, 50.35219 ], [ -125.31935, 50.35259 ], [ -125.32127, 50.3449 ], [ -125.33303, 50.35716 ], [ -125.32318, 50.36395 ], [ -125.32379, 50.36029 ], [ -125.31933, 50.35471 ], [ -125.31231, 50.36679 ], [ -125.31691, 50.37899 ], [ -125.33294, 50.37562 ], [ -125.33537, 50.38535 ], [ -125.30143, 50.42042 ], [ -125.30565, 50.43135 ], [ -125.28186, 50.44469 ], [ -125.20459, 50.3987 ], [ -125.1791, 50.38815 ], [ -125.16909, 50.38611 ], [ -125.15774, 50.38654 ], [ -125.15866, 50.3652 ] ] ], [ [ [ -125.13468, 50.3952 ], [ -125.14764, 50.3945 ], [ -125.15016, 50.40187 ], [ -125.13075, 50.42152 ], [ -125.08437, 50.381 ], [ -125.11326, 50.36434 ], [ -125.13606, 50.3614 ], [ -125.14646, 50.37806 ], [ -125.13468, 50.3952 ] ] ], [ [ [ -125.37644, 50.46368 ], [ -125.32276, 50.44534 ], [ -125.32531, 50.42245 ], [ -125.35526, 50.39185 ], [ -125.38788, 50.39954 ], [ -125.38713, 50.39709 ], [ -125.37692, 50.38767 ], [ -125.37426, 50.38242 ], [ -125.38292, 50.36681 ], [ -125.45189, 50.34819 ], [ -125.46202, 50.35018 ], [ -125.45468, 50.35442 ], [ -125.48855, 50.35256 ], [ -125.50943, 50.37081 ], [ -125.55115, 50.37739 ], [ -125.54554, 50.3872 ], [ -125.52432, 50.38658 ], [ -125.48593, 50.39964 ], [ -125.49312, 50.41486 ], [ -125.48116, 50.42061 ], [ -125.49715, 50.42369 ], [ -125.48676, 50.4288 ], [ -125.46622, 50.42917 ], [ -125.40769, 50.4507 ], [ -125.39291, 50.44354 ], [ -125.39679, 50.45825 ], [ -125.37644, 50.46368 ] ] ], [ [ [ -125.69705, 50.40672 ], [ -125.65706, 50.41301 ], [ -125.60632, 50.43567 ], [ -125.52487, 50.44615 ], [ -125.50393, 50.43555 ], [ -125.49992, 50.41755 ], [ -125.49973, 50.40674 ], [ -125.51651, 50.39968 ], [ -125.55186, 50.40001 ], [ -125.59599, 50.385 ], [ -125.61709, 50.39595 ], [ -125.627, 50.38083 ], [ -125.68854, 50.38484 ], [ -125.70041, 50.3791 ], [ -125.76274, 50.3786 ], [ -125.78343, 50.38547 ], [ -125.76933, 50.39027 ], [ -125.78529, 50.4011 ], [ -125.75729, 50.40416 ], [ -125.75461, 50.41066 ], [ -125.72952, 50.40832 ], [ -125.72429, 50.4143 ], [ -125.69705, 50.40672 ] ] ], [ [ [ -125.83877, 50.47227 ], [ -125.80785, 50.47134 ], [ -125.79574, 50.47632 ], [ -125.7337, 50.42762 ], [ -125.78981, 50.40933 ], [ -125.82324, 50.40835 ], [ -125.87054, 50.41957 ], [ -125.92677, 50.41412 ], [ -125.97052, 50.43491 ], [ -125.96596, 50.4424 ], [ -125.92839, 50.44213 ], [ -125.93199, 50.44701 ], [ -125.91444, 50.44776 ], [ -125.90552, 50.45949 ], [ -125.83877, 50.47227 ] ] ], [ [ [ -125.06193, 51.35739 ], [ -125.00901, 51.34972 ], [ -124.96929, 51.33897 ], [ -124.96529, 51.32825 ], [ -124.89939, 51.33271 ], [ -124.87909, 51.32093 ], [ -124.79976, 51.30542 ], [ -124.78226, 51.28909 ], [ -124.76203, 51.23822 ], [ -124.71469, 51.2256 ], [ -124.68661, 51.20445 ], [ -124.67675, 51.21925 ], [ -124.58083, 51.18108 ], [ -124.5448, 51.17954 ], [ -124.43378, 51.1484 ], [ -124.41984, 51.15727 ], [ -124.42984, 51.16887 ], [ -124.36897, 51.20009 ], [ -124.37597, 51.14267 ], [ -124.35088, 51.14692 ], [ -124.29732, 51.13743 ], [ -124.24527, 51.14853 ], [ -124.17563, 51.13212 ], [ -124.17026, 51.08812 ], [ -124.15989, 51.07778 ], [ -124.17317, 51.06148 ], [ -124.16019, 51.04229 ], [ -124.1139, 51.01498 ], [ -124.08715, 51.0097 ], [ -124.09063, 50.99171 ], [ -124.07343, 50.98507 ], [ -124.04217, 50.94262 ], [ -124.00225, 50.95817 ], [ -124.00227, 50.96474 ], [ -123.94344, 50.94634 ], [ -123.93666, 50.93618 ], [ -123.91648, 50.93694 ], [ -123.90979, 50.94419 ], [ -123.89421, 50.94005 ], [ -123.87486, 50.9507 ], [ -123.82724, 50.92409 ], [ -123.83153, 50.90449 ], [ -123.76579, 50.91079 ], [ -123.74606, 50.87279 ], [ -123.71823, 50.87127 ], [ -123.71402, 50.84877 ], [ -123.72951, 50.84286 ], [ -123.7953, 50.83368 ], [ -123.82729, 50.83727 ], [ -123.80119, 50.79718 ], [ -123.86728, 50.74776 ], [ -123.82768, 50.72171 ], [ -123.8476, 50.71083 ], [ -123.86428, 50.71077 ], [ -123.91924, 50.74242 ], [ -123.93036, 50.76678 ], [ -123.97426, 50.80398 ], [ -124.03235, 50.81144 ], [ -124.04992, 50.83813 ], [ -124.06926, 50.84047 ], [ -124.09769, 50.78849 ], [ -124.10927, 50.78746 ], [ -124.1906, 50.8008 ], [ -124.21324, 50.82052 ], [ -124.2457, 50.81835 ], [ -124.26212, 50.82442 ], [ -124.25232, 50.8477 ], [ -124.26109, 50.85709 ], [ -124.3112, 50.8604 ], [ -124.3235, 50.8536 ], [ -124.32748, 50.81835 ], [ -124.36186, 50.79791 ], [ -124.34608, 50.7904 ], [ -124.38216, 50.77301 ], [ -124.35208, 50.75748 ], [ -124.34836, 50.74647 ], [ -124.38189, 50.72347 ], [ -124.42878, 50.72248 ], [ -124.43494, 50.71298 ], [ -124.51233, 50.69598 ], [ -124.53025, 50.68106 ], [ -124.59837, 50.6631 ], [ -124.60334, 50.639 ], [ -124.56871, 50.60457 ], [ -124.58398, 50.59111 ], [ -124.58128, 50.57408 ], [ -124.54943, 50.54087 ], [ -124.53638, 50.54046 ], [ -124.53084, 50.52941 ], [ -124.5126, 50.52346 ], [ -124.51336, 50.4987 ], [ -124.55011, 50.48345 ], [ -124.57407, 50.46259 ], [ -124.57506, 50.41959 ], [ -124.61339, 50.41934 ], [ -124.66198, 50.43713 ], [ -124.67474, 50.43397 ], [ -124.6715, 50.42469 ], [ -124.70376, 50.397 ], [ -124.71206, 50.3734 ], [ -124.80276, 50.31526 ], [ -124.82973, 50.30675 ], [ -124.89626, 50.32521 ], [ -124.93839, 50.32612 ], [ -124.96161, 50.33732 ], [ -124.96441, 50.34782 ], [ -124.93866, 50.38036 ], [ -124.95221, 50.38974 ], [ -124.96322, 50.42946 ], [ -124.99886, 50.44584 ], [ -125.01314, 50.44048 ], [ -124.98731, 50.42021 ], [ -124.96867, 50.37771 ], [ -124.99441, 50.34728 ], [ -125.01128, 50.34193 ], [ -125.04449, 50.35102 ], [ -125.032, 50.33149 ], [ -125.05453, 50.31538 ], [ -125.08051, 50.32546 ], [ -125.07658, 50.33532 ], [ -125.09314, 50.34859 ], [ -125.05413, 50.37224 ], [ -125.06609, 50.41142 ], [ -125.05678, 50.4445 ], [ -125.0431, 50.45196 ], [ -125.05214, 50.47978 ], [ -124.9695, 50.50061 ], [ -124.9355, 50.53402 ], [ -124.94381, 50.55346 ], [ -124.9223, 50.55067 ], [ -124.88633, 50.56041 ], [ -124.86877, 50.58991 ], [ -124.8588, 50.59182 ], [ -124.85775, 50.59817 ], [ -124.87551, 50.6009 ], [ -124.86679, 50.60847 ], [ -124.87514, 50.62632 ], [ -124.86045, 50.64246 ], [ -124.8652, 50.65849 ], [ -124.85252, 50.66538 ], [ -124.86367, 50.68899 ], [ -124.8397, 50.70194 ], [ -124.83215, 50.73267 ], [ -124.85993, 50.75103 ], [ -124.86483, 50.76419 ], [ -124.90302, 50.77509 ], [ -124.91695, 50.80073 ], [ -124.86386, 50.82285 ], [ -124.84394, 50.84552 ], [ -124.83756, 50.87262 ], [ -124.80292, 50.88809 ], [ -124.7957, 50.88556 ], [ -124.78667, 50.88587 ], [ -124.79971, 50.91477 ], [ -124.82478, 50.93143 ], [ -124.86072, 50.93057 ], [ -124.85415, 50.90128 ], [ -124.89474, 50.8718 ], [ -124.91211, 50.83659 ], [ -124.95452, 50.83414 ], [ -124.98242, 50.81009 ], [ -124.98169, 50.79729 ], [ -124.94352, 50.78277 ], [ -124.94776, 50.75495 ], [ -124.91561, 50.74645 ], [ -124.88644, 50.72813 ], [ -124.91581, 50.70336 ], [ -124.91208, 50.68402 ], [ -124.92916, 50.67152 ], [ -124.91648, 50.64618 ], [ -124.8981, 50.63878 ], [ -124.90664, 50.61302 ], [ -124.92915, 50.58975 ], [ -124.95461, 50.58802 ], [ -124.98918, 50.56851 ], [ -124.99308, 50.53647 ], [ -125.04727, 50.51258 ], [ -125.10985, 50.50247 ], [ -125.11057, 50.46052 ], [ -125.09763, 50.44547 ], [ -125.11433, 50.43019 ], [ -125.14448, 50.41994 ], [ -125.15751, 50.42226 ], [ -125.17498, 50.40698 ], [ -125.22526, 50.42331 ], [ -125.22751, 50.4444 ], [ -125.26958, 50.45994 ], [ -125.24515, 50.48829 ], [ -125.25014, 50.50289 ], [ -125.22239, 50.50194 ], [ -125.17046, 50.51154 ], [ -125.13582, 50.50692 ], [ -125.13868, 50.514 ], [ -125.18065, 50.52049 ], [ -125.21676, 50.50849 ], [ -125.25605, 50.50602 ], [ -125.29878, 50.46508 ], [ -125.29738, 50.45704 ], [ -125.31002, 50.45528 ], [ -125.35225, 50.48466 ], [ -125.35199, 50.53704 ], [ -125.36501, 50.56857 ], [ -125.37983, 50.52709 ], [ -125.40307, 50.5303 ], [ -125.37346, 50.5052 ], [ -125.39753, 50.46764 ], [ -125.43964, 50.44775 ], [ -125.47482, 50.44568 ], [ -125.4787, 50.44095 ], [ -125.51638, 50.45335 ], [ -125.59371, 50.44946 ], [ -125.5766, 50.48019 ], [ -125.547, 50.5036 ], [ -125.54837, 50.52194 ], [ -125.52884, 50.53463 ], [ -125.52334, 50.54782 ], [ -125.53971, 50.56721 ], [ -125.52656, 50.58925 ], [ -125.52994, 50.63391 ], [ -125.50899, 50.66036 ], [ -125.5193, 50.66448 ], [ -125.45831, 50.67387 ], [ -125.43134, 50.71546 ], [ -125.42999, 50.71515 ], [ -125.41717, 50.7158 ], [ -125.40604, 50.71531 ], [ -125.40176, 50.71559 ], [ -125.4218, 50.72009 ], [ -125.45426, 50.71337 ], [ -125.47562, 50.72274 ], [ -125.46672, 50.68948 ], [ -125.49384, 50.67753 ], [ -125.52793, 50.6739 ], [ -125.55878, 50.62903 ], [ -125.55279, 50.59536 ], [ -125.57531, 50.57765 ], [ -125.56542, 50.57979 ], [ -125.56088, 50.57814 ], [ -125.54979, 50.55006 ], [ -125.57819, 50.52599 ], [ -125.61167, 50.51671 ], [ -125.58994, 50.51195 ], [ -125.63555, 50.49814 ], [ -125.63696, 50.49321 ], [ -125.58192, 50.50519 ], [ -125.61614, 50.4515 ], [ -125.65715, 50.4287 ], [ -125.71037, 50.42281 ], [ -125.76915, 50.46639 ], [ -125.75367, 50.47719 ], [ -125.71156, 50.48209 ], [ -125.69687, 50.49041 ], [ -125.75557, 50.48351 ], [ -125.76904, 50.47337 ], [ -125.78241, 50.48002 ], [ -125.76264, 50.48167 ], [ -125.77412, 50.48888 ], [ -125.76794, 50.49193 ], [ -125.76513, 50.49497 ], [ -125.81729, 50.48997 ], [ -125.80762, 50.50508 ], [ -125.72081, 50.5245 ], [ -125.75376, 50.52628 ], [ -125.77902, 50.5364 ], [ -125.78149, 50.52839 ], [ -125.80802, 50.52122 ], [ -125.83539, 50.54056 ], [ -125.82638, 50.52021 ], [ -125.84261, 50.49983 ], [ -125.886, 50.49092 ], [ -125.91522, 50.47386 ], [ -125.96142, 50.46759 ], [ -125.99506, 50.47698 ], [ -125.99862, 50.47354 ], [ -125.9997, 50.47875 ], [ -125.98997, 50.48068 ], [ -125.97678, 50.4927 ], [ -125.98492, 50.49403 ], [ -126.00578, 50.49306 ], [ -126.01793, 50.47836 ], [ -126.02671, 50.48231 ], [ -126.03562, 50.47423 ], [ -126.08398, 50.48498 ], [ -126.08772, 50.49591 ], [ -126.07714, 50.50599 ], [ -126.05974, 50.5034 ], [ -126.03936, 50.5104 ], [ -126.02552, 50.51957 ], [ -125.98044, 50.52061 ], [ -125.99825, 50.53002 ], [ -125.9094, 50.54813 ], [ -125.93915, 50.54752 ], [ -125.93888, 50.56156 ], [ -125.99732, 50.53283 ], [ -126.06846, 50.51967 ], [ -126.09082, 50.50402 ], [ -126.09521, 50.48492 ], [ -126.10544, 50.49025 ], [ -126.15531, 50.4856 ], [ -126.20334, 50.50069 ], [ -126.22932, 50.49997 ], [ -126.24182, 50.5082 ], [ -126.27092, 50.50769 ], [ -126.2872, 50.52118 ], [ -126.28439, 50.52728 ], [ -126.22403, 50.53062 ], [ -126.21078, 50.53793 ], [ -126.19011, 50.53119 ], [ -126.1863, 50.51424 ], [ -126.172, 50.52109 ], [ -126.19069, 50.56881 ], [ -126.15043, 50.57952 ], [ -126.15349, 50.58753 ], [ -126.11084, 50.59062 ], [ -126.05284, 50.61024 ], [ -126.00475, 50.61108 ], [ -126.00229, 50.61837 ], [ -125.95891, 50.62246 ], [ -125.94104, 50.63266 ], [ -125.85631, 50.64001 ], [ -125.84626, 50.5983 ], [ -125.82783, 50.57369 ], [ -125.74044, 50.60512 ], [ -125.66288, 50.59634 ], [ -125.60521, 50.60936 ], [ -125.58545, 50.66742 ], [ -125.56162, 50.68455 ], [ -125.57664, 50.71434 ], [ -125.53736, 50.73173 ], [ -125.54901, 50.74421 ], [ -125.54991, 50.77411 ], [ -125.52313, 50.77988 ], [ -125.50323, 50.79423 ], [ -125.52839, 50.80884 ], [ -125.54445, 50.83173 ], [ -125.50489, 50.84294 ], [ -125.49705, 50.90067 ], [ -125.41574, 50.9431 ], [ -125.37454, 50.94073 ], [ -125.32585, 50.95476 ], [ -125.25277, 50.96273 ], [ -125.2548, 50.98823 ], [ -125.27403, 50.9973 ], [ -125.27997, 51.01072 ], [ -125.30897, 51.00703 ], [ -125.32778, 51.04271 ], [ -125.25887, 51.05645 ], [ -125.24562, 51.05361 ], [ -125.2429, 51.06422 ], [ -125.25305, 51.08283 ], [ -125.29669, 51.10347 ], [ -125.28591, 51.1254 ], [ -125.29843, 51.14727 ], [ -125.26009, 51.16037 ], [ -125.28265, 51.16882 ], [ -125.30545, 51.19694 ], [ -125.33151, 51.19974 ], [ -125.32215, 51.22124 ], [ -125.32864, 51.24965 ], [ -125.284, 51.28298 ], [ -125.22512, 51.30186 ], [ -125.20366, 51.32319 ], [ -125.26667, 51.37686 ], [ -125.251, 51.39374 ], [ -125.2146, 51.39229 ], [ -125.17711, 51.39858 ], [ -125.17057, 51.37691 ], [ -125.13119, 51.36407 ], [ -125.0757, 51.35253 ], [ -125.06193, 51.35739 ] ] ] ] } },
{ "type": "Feature", "properties": { "cduid": "5926", "cd_name": "Comox Valley", "hazard_score": 3.8682983349755011e-05, "annual_burn_share": 1.1281902076884618e-05, "owner_households": 24690.0 }, "geometry": { "type": "MultiPolygon", "coordinates": [ [ [ [ -124.66744, 49.55113 ], [ -124.60671, 49.52562 ], [ -124.60165, 49.52926 ], [ -124.58424, 49.51656 ], [ -124.60653, 49.51633 ], [ -124.63474, 49.52783 ], [ -124.64361, 49.51964 ], [ -124.63312, 49.50028 ], [ -124.66982, 49.49193 ], [ -124.71092, 49.51191 ], [ -124.70448, 49.51877 ], [ -124.71314, 49.53528 ], [ -124.68935, 49.54964 ], [ -124.66744, 49.55113 ] ] ], [ [ [ -124.73074, 49.5024 ], [ -124.69343, 49.48892 ], [ -124.68527, 49.47454 ], [ -124.75655, 49.48938 ], [ -124.77201, 49.50644 ], [ -124.83031, 49.53814 ], [ -124.84752, 49.55632 ], [ -124.83086, 49.60162 ], [ -124.84473, 49.60907 ], [ -124.82643, 49.59945 ], [ -124.77696, 49.56988 ], [ -124.73074, 49.5024 ] ] ], [ [ [ -125.3089, 49.9029 ], [ -125.27783, 49.88297 ], [ -125.26471, 49.88644 ], [ -125.26407, 49.89613 ], [ -125.22685, 49.89681 ], [ -125.22522, 49.88808 ], [ -125.1977, 49.8867 ], [ -125.16145, 49.86504 ], [ -125.11604, 49.87248 ], [ -125.1108, 49.85945 ], [ -125.03345, 49.81992 ], [ -124.96337, 49.76137 ], [ -124.89289, 49.72821 ], [ -124.87639, 49.70795 ], [ -124.86245, 49.7076 ], [ -124.86447, 49.69426 ], [ -124.90593, 49.66191 ], [ -124.92623, 49.66107 ], [ -124.90463, 49.66298 ], [ -124.90312, 49.66899 ], [ -124.97357, 49.68122 ], [ -124.97547, 49.68054 ], [ -124.97835, 49.67812 ], [ -124.97924, 49.67343 ], [ -124.95544, 49.65317 ], [ -124.92296, 49.64296 ], [ -124.88076, 49.59338 ], [ -124.88578, 49.58399 ], [ -124.8591, 49.53615 ], [ -124.84514, 49.5226 ], [ -124.83079, 49.52159 ], [ -124.8351, 49.51346 ], [ -124.81845, 49.49605 ], [ -124.80743, 49.50574 ], [ -124.79271, 49.49798 ], [ -124.79979, 49.48017 ], [ -124.79182, 49.4619 ], [ -124.78044, 49.45969 ], [ -124.777, 49.46874 ], [ -124.76262, 49.46507 ], [ -124.75676, 49.44062 ], [ -124.73345, 49.43958 ], [ -124.73357, 49.40474 ], [ -124.82314, 49.4049 ], [ -124.82325, 49.41943 ], [ -124.85656, 49.41962 ], [ -124.85934, 49.43309 ], [ -124.91239, 49.42795 ], [ -124.97084, 49.43351 ], [ -124.98242, 49.45321 ], [ -125.00062, 49.45325 ], [ -124.99519, 49.4571 ], [ -125.01572, 49.46476 ], [ -125.02251, 49.49238 ], [ -125.03675, 49.49391 ], [ -125.03706, 49.48535 ], [ -125.06906, 49.47758 ], [ -125.09316, 49.49343 ], [ -125.0928, 49.50221 ], [ -125.10718, 49.50401 ], [ -125.10851, 49.51479 ], [ -125.12631, 49.51516 ], [ -125.14054, 49.52887 ], [ -125.14905, 49.52166 ], [ -125.14116, 49.51169 ], [ -125.1286, 49.51198 ], [ -125.13418, 49.50335 ], [ -125.1732, 49.51015 ], [ -125.16884, 49.49053 ], [ -125.23395, 49.49103 ], [ -125.51374, 49.71021 ], [ -125.49129, 49.74081 ], [ -125.5219, 49.75457 ], [ -125.54589, 49.75535 ], [ -125.55307, 49.78519 ], [ -125.51154, 49.80296 ], [ -125.49332, 49.83671 ], [ -125.48571, 49.82747 ], [ -125.38829, 49.83623 ], [ -125.38279, 49.84816 ], [ -125.40256, 49.84829 ], [ -125.40343, 49.87448 ], [ -125.356, 49.87451 ], [ -125.35361, 49.90902 ], [ -125.32933, 49.91977 ], [ -125.30983, 49.91318 ], [ -125.3089, 49.9029 ] ] ] ] } },
{ "type": "Feature", "properties": { "cduid": "5927", "cd_name": "Powell River", "hazard_score": 0.0001688426917727983, "annual_burn_share": 4.9243014628818348e-05, "owner_households": 7755.0 }, "geometry": { "type": "MultiPolygon", "coordinates": [ [ [ [ -124.34463, 49.51071 ], [ -124.29537, 49.50889 ], [ -124.29401, 49.51162 ], [ -124.29866, 49.51274 ], [ -124.29165, 49.51486 ], [ -124.28159, 49.50175 ], [ -124.27102, 49.49849 ], [ -124.263, 49.50205 ], [ -124.25797, 49.49382 ], [ -124.25544, 49.4921 ], [ -124.25339, 49.50702 ], [ -124.25153, 49.50751 ], [ -124.23873, 49.5057 ], [ -124.23861, 49.49933 ], [ -124.21082, 49.4768 ], [ -124.19531, 49.47882 ], [ -124.17533, 49.4711 ], [ -124.17972, 49.46431 ], [ -124.16993, 49.46177 ], [ -124.16848, 49.45298 ], [ -124.162, 49.45092 ], [ -124.16931, 49.45079 ], [ -124.16653, 49.44238 ], [ -124.1721, 49.44224 ], [ -124.17341, 49.43873 ], [ -124.18264, 49.43977 ], [ -124.24333, 49.46958 ], [ -124.24598, 49.45816 ], [ -124.26507, 49.46117 ], [ -124.26328, 49.45543 ], [ -124.27344, 49.46244 ], [ -124.28403, 49.45541 ], [ -124.36605, 49.47613 ], [ -124.36185, 49.48743 ], [ -124.34833, 49.4818 ], [ -124.35812, 49.48903 ], [ -124.34635, 49.49314 ], [ -124.35569, 49.49396 ], [ -124.35433, 49.50083 ], [ -124.37163, 49.49499 ], [ -124.38162, 49.49878 ], [ -124.38129, 49.51278 ], [ -124.36065, 49.52056 ], [ -124.3638, 49.52551 ], [ -124.34509, 49.52026 ], [ -124.34965, 49.51786 ], [ -124.34463, 49.51071 ] ] ], [ [ [ -124.18561, 49.48738 ], [ -124.21283, 49.49556 ], [ -124.21351, 49.51014 ], [ -124.19466, 49.50294 ], [ -124.19799, 49.4982 ], [ -124.18561, 49.48738 ] ] ], [ [ [ -124.58756, 49.77854 ], [ -124.56275, 49.76355 ], [ -124.57858, 49.76418 ], [ -124.57736, 49.7625 ], [ -124.53422, 49.757 ], [ -124.49983, 49.73537 ], [ -124.41855, 49.7271 ], [ -124.3575, 49.70871 ], [ -124.32174, 49.66322 ], [ -124.25885, 49.60972 ], [ -124.1481, 49.53714 ], [ -124.12544, 49.4921 ], [ -124.14145, 49.48867 ], [ -124.20749, 49.52817 ], [ -124.22669, 49.52835 ], [ -124.25935, 49.54893 ], [ -124.27913, 49.54773 ], [ -124.30141, 49.56796 ], [ -124.4361, 49.6202 ], [ -124.43868, 49.63912 ], [ -124.46773, 49.65358 ], [ -124.47741, 49.67872 ], [ -124.49916, 49.67164 ], [ -124.52201, 49.69163 ], [ -124.62029, 49.72179 ], [ -124.63916, 49.74637 ], [ -124.63882, 49.75374 ], [ -124.63106, 49.75281 ], [ -124.62305, 49.76737 ], [ -124.63749, 49.78086 ], [ -124.63298, 49.80011 ], [ -124.61445, 49.79239 ], [ -124.60298, 49.80302 ], [ -124.58756, 49.77854 ] ] ], [ [ [ -124.67214, 49.86003 ], [ -124.65056, 49.88066 ], [ -124.6302, 49.86237 ], [ -124.66944, 49.83716 ], [ -124.67214, 49.86003 ] ] ], [ [ [ -124.77791, 49.93845 ], [ -124.81586, 49.93425 ], [ -124.85505, 49.93483 ], [ -124.86662, 49.94172 ], [ -124.85828, 49.94688 ], [ -124.83709, 49.93929 ], [ -124.76192, 49.94974 ], [ -124.77791, 49.93845 ] ] ], [ [ [ -124.91242, 49.96198 ], [ -124.94616, 49.98337 ], [ -124.94459, 50.00334 ], [ -124.91428, 49.9941 ], [ -124.90562, 49.9982 ], [ -124.88786, 49.98768 ], [ -124.91242, 49.96198 ] ] ], [ [ [ -124.78548, 50.09917 ], [ -124.75792, 50.11827 ], [ -124.74823, 50.11569 ], [ -124.75383, 50.10251 ], [ -124.78548, 50.09917 ] ] ], [ [ [ -124.1906, 50.8008 ], [ -124.10927, 50.78746 ], [ -124.09769, 50.78849 ], [ -124.06926, 50.84047 ], [ -124.04992, 50.83813 ], [ -124.03235, 50.81144 ], [ -123.97426, 50.80398 ], [ -123.93036, 50.76678 ], [ -123.91924, 50.74242 ], [ -123.86428, 50.71077 ], [ -123.83205, 50.71394 ], [ -123.8199, 50.70378 ], [ -123.77827, 50.72358 ], [ -123.7454, 50.7136 ], [ -123.72787, 50.69733 ], [ -123.7538, 50.65386 ], [ -123.75581, 50.61535 ], [ -123.76418, 50.61115 ], [ -123.7408, 50.57433 ], [ -123.74412, 50.53805 ], [ -123.77699, 50.5271 ], [ -123.80171, 50.54048 ], [ -123.84211, 50.52877 ], [ -123.88639, 50.53059 ], [ -123.90441, 50.52138 ], [ -123.92513, 50.53146 ], [ -123.99882, 50.50555 ], [ -123.9964, 50.47388 ], [ -123.97644, 50.4787 ], [ -123.9681, 50.49097 ], [ -123.96258, 50.47363 ], [ -123.9365, 50.45143 ], [ -123.95146, 50.42191 ], [ -123.94419, 50.4085 ], [ -123.92301, 50.3989 ], [ -123.90996, 50.35941 ], [ -123.9625, 50.33936 ], [ -123.97902, 50.34884 ], [ -123.99998, 50.3464 ], [ -124.01502, 50.36083 ], [ -124.04117, 50.34638 ], [ -124.0758, 50.36642 ], [ -124.10292, 50.36141 ], [ -124.11463, 50.35096 ], [ -124.13671, 50.35262 ], [ -124.15954, 50.33339 ], [ -124.15482, 50.29772 ], [ -124.17049, 50.28252 ], [ -124.16901, 50.27002 ], [ -124.14423, 50.25575 ], [ -124.17516, 50.22238 ], [ -124.1192, 50.20971 ], [ -124.0775, 50.20963 ], [ -124.07052, 50.20155 ], [ -124.09214, 50.19371 ], [ -124.09694, 50.17498 ], [ -124.06938, 50.15055 ], [ -124.08483, 50.13914 ], [ -124.10731, 50.14221 ], [ -124.1369, 50.13553 ], [ -124.15365, 50.09491 ], [ -124.13778, 50.07953 ], [ -124.15078, 50.06102 ], [ -124.1101, 50.04096 ], [ -124.1133, 50.01751 ], [ -124.06756, 50.00062 ], [ -124.06294, 49.93325 ], [ -124.03911, 49.92362 ], [ -124.07741, 49.86643 ], [ -124.0538, 49.85934 ], [ -124.03831, 49.83602 ], [ -124.0663, 49.83402 ], [ -124.08451, 49.84287 ], [ -124.10047, 49.81724 ], [ -124.07849, 49.79968 ], [ -124.11945, 49.79278 ], [ -124.13053, 49.78173 ], [ -124.27932, 49.77493 ], [ -124.27197, 49.76082 ], [ -124.26113, 49.76039 ], [ -124.26933, 49.74078 ], [ -124.2965, 49.76259 ], [ -124.31081, 49.75721 ], [ -124.31144, 49.76755 ], [ -124.33042, 49.77343 ], [ -124.345, 49.76973 ], [ -124.35234, 49.77666 ], [ -124.37057, 49.77635 ], [ -124.36964, 49.77034 ], [ -124.40733, 49.76745 ], [ -124.44949, 49.77744 ], [ -124.47221, 49.79483 ], [ -124.52639, 49.80427 ], [ -124.53036, 49.84609 ], [ -124.55634, 49.87191 ], [ -124.61941, 49.89549 ], [ -124.63131, 49.90501 ], [ -124.62505, 49.90843 ], [ -124.75216, 49.9635 ], [ -124.76127, 49.98265 ], [ -124.7692, 49.9877 ], [ -124.77527, 49.98563 ], [ -124.77991, 49.99672 ], [ -124.80616, 50.01067 ], [ -124.84364, 50.06244 ], [ -124.80885, 50.06404 ], [ -124.80212, 50.05633 ], [ -124.79048, 50.05632 ], [ -124.77747, 50.03968 ], [ -124.73341, 50.01296 ], [ -124.73655, 50.02635 ], [ -124.71938, 49.99521 ], [ -124.67463, 49.96412 ], [ -124.70638, 49.99899 ], [ -124.71954, 50.03536 ], [ -124.70805, 50.04401 ], [ -124.71054, 50.0562 ], [ -124.70705, 50.05516 ], [ -124.69937, 50.0596 ], [ -124.7069, 50.06636 ], [ -124.68586, 50.06575 ], [ -124.65282, 50.07985 ], [ -124.66373, 50.08271 ], [ -124.69479, 50.0666 ], [ -124.70363, 50.07306 ], [ -124.70779, 50.07119 ], [ -124.70846, 50.08195 ], [ -124.72382, 50.0827 ], [ -124.71765, 50.07344 ], [ -124.73141, 50.05358 ], [ -124.72302, 50.04533 ], [ -124.73977, 50.04138 ], [ -124.74306, 50.03639 ], [ -124.75481, 50.04236 ], [ -124.74023, 50.0525 ], [ -124.7441, 50.05671 ], [ -124.76562, 50.04229 ], [ -124.80609, 50.07529 ], [ -124.7957, 50.0753 ], [ -124.79401, 50.06878 ], [ -124.78671, 50.06716 ], [ -124.74569, 50.08559 ], [ -124.72465, 50.08401 ], [ -124.72167, 50.09254 ], [ -124.70099, 50.09871 ], [ -124.70785, 50.10446 ], [ -124.68974, 50.12441 ], [ -124.70427, 50.12858 ], [ -124.71227, 50.12385 ], [ -124.71296, 50.11418 ], [ -124.72788, 50.12354 ], [ -124.70095, 50.13797 ], [ -124.66946, 50.14184 ], [ -124.68243, 50.1416 ], [ -124.63153, 50.16102 ], [ -124.606, 50.19983 ], [ -124.61632, 50.20409 ], [ -124.61399, 50.2348 ], [ -124.59719, 50.2342 ], [ -124.5905, 50.24743 ], [ -124.62051, 50.26238 ], [ -124.63277, 50.29343 ], [ -124.66419, 50.30681 ], [ -124.66574, 50.31725 ], [ -124.67956, 50.31135 ], [ -124.73592, 50.32559 ], [ -124.69836, 50.33953 ], [ -124.67039, 50.37093 ], [ -124.66683, 50.38947 ], [ -124.6457, 50.40371 ], [ -124.52447, 50.39686 ], [ -124.49862, 50.42253 ], [ -124.47296, 50.42149 ], [ -124.43895, 50.43898 ], [ -124.41111, 50.43961 ], [ -124.38039, 50.45889 ], [ -124.3781, 50.47744 ], [ -124.36354, 50.48522 ], [ -124.36804, 50.5 ], [ -124.42804, 50.46071 ], [ -124.53031, 50.43578 ], [ -124.54509, 50.42056 ], [ -124.57506, 50.41959 ], [ -124.57407, 50.46259 ], [ -124.55011, 50.48345 ], [ -124.51336, 50.4987 ], [ -124.5126, 50.52346 ], [ -124.53084, 50.52941 ], [ -124.53638, 50.54046 ], [ -124.54943, 50.54087 ], [ -124.58128, 50.57408 ], [ -124.58398, 50.59111 ], [ -124.56871, 50.60457 ], [ -124.60334, 50.639 ], [ -124.59837, 50.6631 ], [ -124.53025, 50.68106 ], [ -124.51233, 50.69598 ], [ -124.43494, 50.71298 ], [ -124.42878, 50.72248 ], [ -124.38189, 50.72347 ], [ -124.34836, 50.74647 ], [ -124.35208, 50.75748 ], [ -124.38216, 50.77301 ], [ -124.34608, 50.7904 ], [ -124.36186, 50.79791 ], [ -124.32748, 50.81835 ], [ -124.3235, 50.8536 ], [ -124.3112, 50.8604 ], [ -124.26109, 50.85709 ], [ -124.25232, 50.8477 ], [ -124.26212, 50.82442 ], [ -124.2457, 50.81835 ], [ -124.21324, 50.82052 ], [ -124.1906, 50.8008 ] ] ] ] } },
{ "type": "Feature", "properties": { "cduid": "5929", "cd_name": "Sunshine Coast", "hazard_score": 0.00033903338429220643, "annual_burn_share": 9.8879174023264399e-05, "owner_households": 11905.0 }, "geometry": { "type": "MultiPolygon", "coordinates": [ [ [ [ -123.47183, 49.39328 ], [ -123.49527, 49.384 ], [ -123.45698, 49.41039 ], [ -123.42967, 49.40242 ], [ -123.43477, 49.39339 ], [ -123.47183, 49.39328 ] ] ], [ [ [ -123.97839, 49.4714 ], [ -123.98936, 49.49246 ], [ -123.9786, 49.49281 ], [ -123.97973, 49.50772 ], [ -123.95523, 49.49406 ], [ -123.95196, 49.46788 ], [ -123.97839, 49.4714 ] ] ], [ [ [ -123.35749, 49.52978 ], [ -123.3575, 49.51842 ], [ -123.32944, 49.49619 ], [ -123.33664, 49.49024 ], [ -123.31837, 49.47469 ], [ -123.31655, 49.44732 ], [ -123.32646, 49.44774 ], [ -123.32529, 49.4565 ], [ -123.32982, 49.45326 ], [ -123.33605, 49.44277 ], [ -123.3711, 49.43152 ], [ -123.37503, 49.44 ], [ -123.34479, 49.47857 ], [ -123.3594, 49.47476 ], [ -123.37664, 49.4539 ], [ -123.37559, 49.48152 ], [ -123.38868, 49.47266 ], [ -123.39068, 49.45549 ], [ -123.40731, 49.45714 ], [ -123.39781, 49.46689 ], [ -123.40373, 49.47156 ], [ -123.42031, 49.46081 ], [ -123.42873, 49.44085 ], [ -123.44715, 49.43443 ], [ -123.43837, 49.44974 ], [ -123.45929, 49.4719 ], [ -123.44269, 49.48648 ], [ -123.45068, 49.50279 ], [ -123.42422, 49.52711 ], [ -123.39453, 49.52738 ], [ -123.38044, 49.53524 ], [ -123.35749, 49.52978 ] ] ], [ [ [ -124.00284, 49.49637 ], [ -124.01321, 49.5078 ], [ -123.99719, 49.50863 ], [ -123.98991, 49.49479 ], [ -124.00284, 49.49637 ] ] ], [ [ [ -123.28387, 49.52382 ], [ -123.30275, 49.51032 ], [ -123.32801, 49.53364 ], [ -123.32101, 49.55677 ], [ -123.29467, 49.54685 ], [ -123.29244, 49.5257 ], [ -123.28387, 49.52382 ] ] ], [ [ [ -124.03281, 49.61917 ], [ -124.04203, 49.61371 ], [ -124.0374, 49.60521 ], [ -124.0504, 49.60704 ], [ -124.05914, 49.60344 ], [ -124.0598, 49.62431 ], [ -124.03932, 49.62591 ], [ -124.04867, 49.61564 ], [ -124.03281, 49.61917 ] ] ], [ [ [ -124.0945, 49.74725 ], [ -124.08561, 49.75281 ], [ -124.08937, 49.76195 ], [ -124.09692, 49.76632 ], [ -124.09018, 49.77373 ], [ -124.01663, 49.78319 ], [ -123.99124, 49.77289 ], [ -123.99323, 49.76632 ], [ -124.01427, 49.7676 ], [ -124.0604, 49.74112 ], [ -124.05085, 49.72219 ], [ -124.06983, 49.70268 ], [ -124.08201, 49.71384 ], [ -124.09342, 49.64554 ], [ -124.09983, 49.65289 ], [ -124.11142, 49.65629 ], [ -124.13002, 49.65105 ], [ -124.11794, 49.66019 ], [ -124.12273, 49.66826 ], [ -124.13237, 49.66737 ], [ -124.14211, 49.65927 ], [ -124.1627, 49.66167 ], [ -124.17848, 49.67321 ], [ -124.20556, 49.67264 ], [ -124.18459, 49.68574 ], [ -124.20126, 49.68207 ], [ -124.19832, 49.69741 ], [ -124.16563, 49.7074 ], [ -124.1726, 49.71413 ], [ -124.18842, 49.70092 ], [ -124.20228, 49.70122 ], [ -124.20266, 49.71213 ], [ -124.17469, 49.71685 ], [ -124.15484, 49.73902 ], [ -124.15239, 49.75242 ], [ -124.13648, 49.76001 ], [ -124.11805, 49.76145 ], [ -124.11376, 49.75202 ], [ -124.0945, 49.74725 ] ] ], [ [ [ -124.16352, 49.74165 ], [ -124.19658, 49.74005 ], [ -124.22326, 49.72406 ], [ -124.22295, 49.75149 ], [ -124.19688, 49.74431 ], [ -124.16944, 49.75515 ], [ -124.15637, 49.75284 ], [ -124.16352, 49.74165 ] ] ], [ [ [ -124.04117, 50.34638 ], [ -124.01502, 50.36083 ], [ -123.99998, 50.3464 ], [ -123.97902, 50.34884 ], [ -123.9625, 50.33936 ], [ -123.90996, 50.35941 ], [ -123.87806, 50.33066 ], [ -123.88391, 50.32148 ], [ -123.87036, 50.30268 ], [ -123.84808, 50.30067 ], [ -123.83293, 50.28298 ], [ -123.81103, 50.28138 ], [ -123.76796, 50.26202 ], [ -123.73941, 50.23755 ], [ -123.69841, 50.22952 ], [ -123.72675, 50.19551 ], [ -123.69869, 50.1906 ], [ -123.68666, 50.20253 ], [ -123.63988, 50.21253 ], [ -123.63253, 50.20151 ], [ -123.64604, 50.19702 ], [ -123.64195, 50.17304 ], [ -123.58133, 50.17396 ], [ -123.5811, 50.15378 ], [ -123.59638, 50.13904 ], [ -123.59031, 50.12114 ], [ -123.60398, 50.10801 ], [ -123.59793, 50.09891 ], [ -123.62645, 50.09662 ], [ -123.64906, 50.0848 ], [ -123.61517, 50.05583 ], [ -123.63838, 50.04866 ], [ -123.63043, 50.03794 ], [ -123.64378, 50.03036 ], [ -123.63068, 50.0122 ], [ -123.63403, 50.00038 ], [ -123.60486, 50.01249 ], [ -123.60279, 49.97781 ], [ -123.58626, 49.97112 ], [ -123.62065, 49.92899 ], [ -123.54916, 49.91862 ], [ -123.58744, 49.86048 ], [ -123.57814, 49.84578 ], [ -123.54966, 49.83859 ], [ -123.54666, 49.87685 ], [ -123.52744, 49.87836 ], [ -123.52753, 49.88582 ], [ -123.48795, 49.91135 ], [ -123.45714, 49.91044 ], [ -123.42795, 49.90093 ], [ -123.41662, 49.87911 ], [ -123.39912, 49.88123 ], [ -123.32842, 49.85144 ], [ -123.33331, 49.82733 ], [ -123.30522, 49.79651 ], [ -123.30068, 49.77803 ], [ -123.27251, 49.77092 ], [ -123.28384, 49.75996 ], [ -123.28061, 49.74667 ], [ -123.33573, 49.74731 ], [ -123.33552, 49.73487 ], [ -123.31982, 49.72371 ], [ -123.36402, 49.67435 ], [ -123.29991, 49.61709 ], [ -123.27672, 49.58366 ], [ -123.32435, 49.57987 ], [ -123.35537, 49.55427 ], [ -123.38651, 49.5623 ], [ -123.4812, 49.52217 ], [ -123.48987, 49.52913 ], [ -123.48048, 49.52119 ], [ -123.49276, 49.51853 ], [ -123.49616, 49.50131 ], [ -123.46994, 49.48538 ], [ -123.48318, 49.48135 ], [ -123.48729, 49.46709 ], [ -123.46681, 49.44307 ], [ -123.48238, 49.41648 ], [ -123.50744, 49.40012 ], [ -123.50007, 49.39376 ], [ -123.51439, 49.38752 ], [ -123.53884, 49.38402 ], [ -123.56914, 49.40192 ], [ -123.64511, 49.41868 ], [ -123.68405, 49.43614 ], [ -123.72319, 49.43845 ], [ -123.74558, 49.47067 ], [ -123.79115, 49.46562 ], [ -123.85773, 49.4785 ], [ -123.85647, 49.46873 ], [ -123.88822, 49.47346 ], [ -123.90825, 49.48496 ], [ -123.90834, 49.51211 ], [ -123.95322, 49.50992 ], [ -123.945, 49.50326 ], [ -123.96474, 49.50928 ], [ -123.96858, 49.51449 ], [ -123.96124, 49.51144 ], [ -123.95997, 49.51325 ], [ -123.96109, 49.51542 ], [ -123.96481, 49.51611 ], [ -123.95967, 49.52298 ], [ -123.96404, 49.52782 ], [ -123.94097, 49.52319 ], [ -124.00171, 49.55534 ], [ -124.00174, 49.56613 ], [ -124.01522, 49.59423 ], [ -124.03758, 49.61204 ], [ -124.02884, 49.62406 ], [ -123.98616, 49.62403 ], [ -123.99632, 49.6293 ], [ -123.98495, 49.63903 ], [ -124.01858, 49.6266 ], [ -124.03733, 49.63543 ], [ -124.05809, 49.63116 ], [ -124.06221, 49.63836 ], [ -124.07264, 49.63722 ], [ -124.06691, 49.69384 ], [ -124.0354, 49.72354 ], [ -124.03409, 49.74163 ], [ -124.01407, 49.75352 ], [ -123.9887, 49.75252 ], [ -123.97192, 49.76694 ], [ -123.92974, 49.75432 ], [ -123.93273, 49.74823 ], [ -123.90776, 49.74706 ], [ -123.90612, 49.7406 ], [ -123.88694, 49.72626 ], [ -123.89025, 49.69965 ], [ -123.86411, 49.67575 ], [ -123.85964, 49.65209 ], [ -123.81507, 49.59395 ], [ -123.80175, 49.54876 ], [ -123.79289, 49.54697 ], [ -123.79845, 49.51253 ], [ -123.75594, 49.48059 ], [ -123.74522, 49.50232 ], [ -123.77935, 49.5217 ], [ -123.75913, 49.54354 ], [ -123.76728, 49.55619 ], [ -123.78223, 49.56412 ], [ -123.79007, 49.60207 ], [ -123.73227, 49.62423 ], [ -123.71841, 49.63687 ], [ -123.66355, 49.63764 ], [ -123.63227, 49.65329 ], [ -123.56315, 49.6714 ], [ -123.52497, 49.70624 ], [ -123.53141, 49.71129 ], [ -123.53574, 49.69818 ], [ -123.54761, 49.69689 ], [ -123.56244, 49.68068 ], [ -123.57436, 49.68284 ], [ -123.62955, 49.66248 ], [ -123.65111, 49.66361 ], [ -123.66437, 49.64933 ], [ -123.72869, 49.64916 ], [ -123.80294, 49.63306 ], [ -123.80471, 49.62454 ], [ -123.82499, 49.6347 ], [ -123.84034, 49.65939 ], [ -123.83156, 49.66544 ], [ -123.81823, 49.65471 ], [ -123.82685, 49.67596 ], [ -123.79288, 49.68707 ], [ -123.7751, 49.71193 ], [ -123.73948, 49.72325 ], [ -123.71758, 49.76006 ], [ -123.71582, 49.78616 ], [ -123.72716, 49.78719 ], [ -123.72832, 49.75906 ], [ -123.75111, 49.72418 ], [ -123.78881, 49.71057 ], [ -123.80838, 49.69113 ], [ -123.8389, 49.68636 ], [ -123.86816, 49.72632 ], [ -123.88957, 49.73646 ], [ -123.89254, 49.74931 ], [ -123.94699, 49.77536 ], [ -123.92042, 49.78457 ], [ -123.92419, 49.79754 ], [ -123.89517, 49.81344 ], [ -123.87359, 49.84458 ], [ -123.86817, 49.8796 ], [ -123.88637, 49.90649 ], [ -123.86585, 49.91703 ], [ -123.87494, 49.92464 ], [ -123.89763, 49.91517 ], [ -123.93665, 49.91928 ], [ -123.97422, 49.9572 ], [ -123.97436, 49.98051 ], [ -123.95639, 49.99768 ], [ -123.90801, 50.00368 ], [ -123.86548, 50.02858 ], [ -123.78967, 50.0463 ], [ -123.78705, 50.06846 ], [ -123.74276, 50.0872 ], [ -123.85084, 50.16345 ], [ -123.77355, 50.18837 ], [ -123.77025, 50.20596 ], [ -123.79835, 50.18756 ], [ -123.80809, 50.19018 ], [ -123.83701, 50.1788 ], [ -123.85675, 50.16207 ], [ -123.95049, 50.19474 ], [ -123.97179, 50.21134 ], [ -123.99114, 50.20926 ], [ -123.99096, 50.21539 ], [ -123.99498, 50.21588 ], [ -123.9939, 50.21926 ], [ -123.99481, 50.22394 ], [ -123.99576, 50.22491 ], [ -123.9993, 50.22512 ], [ -124.0, 50.22468 ], [ -123.99525, 50.22415 ], [ -123.9954, 50.21556 ], [ -123.99147, 50.21492 ], [ -123.99242, 50.2099 ], [ -123.97319, 50.18599 ], [ -123.93922, 50.16584 ], [ -123.85389, 50.13542 ], [ -123.83323, 50.10473 ], [ -123.80227, 50.09298 ], [ -123.84238, 50.05765 ], [ -123.93742, 50.01928 ], [ -123.96223, 50.02143 ], [ -123.98982, 50.00182 ], [ -124.01558, 50.0 ], [ -124.00969, 49.96846 ], [ -123.97544, 49.91664 ], [ -123.90332, 49.87833 ], [ -123.92188, 49.82743 ], [ -123.93038, 49.82611 ], [ -123.93089, 49.83774 ], [ -123.94636, 49.83804 ], [ -123.95953, 49.82687 ], [ -123.95285, 49.8224 ], [ -123.96669, 49.81722 ], [ -123.95921, 49.80766 ], [ -123.96918, 49.80466 ], [ -124.00462, 49.81601 ], [ -123.99579, 49.84237 ], [ -124.01604, 49.86961 ], [ -124.03336, 49.87492 ], [ -124.01694, 49.91413 ], [ -124.02463, 49.92094 ], [ -124.03279, 49.91499 ], [ -124.03358, 49.93282 ], [ -124.06294, 49.93325 ], [ -124.06756, 50.00062 ], [ -124.1133, 50.01751 ], [ -124.1101, 50.04096 ], [ -124.15078, 50.06102 ], [ -124.13778, 50.07953 ], [ -124.15365, 50.09491 ], [ -124.1369, 50.13553 ], [ -124.10731, 50.14221 ], [ -124.08483, 50.13914 ], [ -124.06938, 50.15055 ], [ -124.09694, 50.17498 ], [ -124.09214, 50.19371 ], [ -124.07326, 50.1965 ], [ -124.0775, 50.20963 ], [ -124.1192, 50.20971 ], [ -124.17516, 50.22238 ], [ -124.14423, 50.25575 ], [ -124.16901, 50.27002 ], [ -124.17049, 50.28252 ], [ -124.15482, 50.29772 ], [ -124.15954, 50.33339 ], [ -124.13671, 50.35262 ], [ -124.11463, 50.35096 ], [ -124.10292, 50.36141 ], [ -124.0758, 50.36642 ], [ -124.04117, 50.34638 ] ] ] ] } },
{ "type": "Feature", "properties": { "cduid": "5931", "cd_name": "Squamish-Lillooet", "hazard_score": 0.0077966950876119769, "annual_burn_share": 0.0022739081343973629, "owner_households": 13095.0 }, "geometry": { "type": "Polygon", "coordinates": [ [ [ -122.92308, 51.18671 ], [ -122.82252, 51.14479 ], [ -122.79092, 51.14879 ], [ -122.77605, 51.13762 ], [ -122.74303, 51.15911 ], [ -122.71024, 51.16239 ], [ -122.70748, 51.12504 ], [ -122.67519, 51.09865 ], [ -122.62596, 51.07995 ], [ -122.57939, 51.10341 ], [ -122.59401, 51.11335 ], [ -122.58662, 51.1276 ], [ -122.6025, 51.14257 ], [ -122.59414, 51.17339 ], [ -122.56816, 51.17885 ], [ -122.54763, 51.20181 ], [ -122.52213, 51.20939 ], [ -122.50785, 51.18772 ], [ -122.46078, 51.15188 ], [ -122.47897, 51.13229 ], [ -122.46534, 51.11423 ], [ -122.37634, 51.10698 ], [ -122.3584, 51.07455 ], [ -122.32732, 51.06128 ], [ -122.30119, 51.06174 ], [ -122.30639, 51.04442 ], [ -122.19715, 51.01839 ], [ -122.16052, 51.02093 ], [ -122.14413, 51.01486 ], [ -122.14424, 50.9994 ], [ -122.16534, 50.99025 ], [ -121.9136, 50.98709 ], [ -121.9151, 50.99683 ], [ -121.62749, 50.99611 ], [ -121.62534, 50.89604 ], [ -121.64873, 50.89567 ], [ -121.64901, 50.88177 ], [ -121.67283, 50.88163 ], [ -121.6724, 50.85285 ], [ -121.69632, 50.8527 ], [ -121.6966, 50.83799 ], [ -121.71989, 50.8377 ], [ -121.72069, 50.79372 ], [ -121.74291, 50.79371 ], [ -121.74357, 50.75039 ], [ -121.76597, 50.75021 ], [ -121.76193, 50.5464 ], [ -121.78487, 50.53078 ], [ -121.78458, 50.51689 ], [ -121.80697, 50.51731 ], [ -121.85493, 50.47189 ], [ -121.86243, 50.46088 ], [ -121.855, 50.44996 ], [ -121.87213, 50.42201 ], [ -121.91949, 50.41909 ], [ -121.92925, 50.40817 ], [ -121.95504, 50.40131 ], [ -121.96841, 50.41732 ], [ -122.0114, 50.41212 ], [ -122.04265, 50.42076 ], [ -122.04696, 50.43123 ], [ -122.06138, 50.42569 ], [ -122.09312, 50.43323 ], [ -122.13147, 50.42842 ], [ -122.1184, 50.41532 ], [ -122.14009, 50.38708 ], [ -122.16412, 50.3728 ], [ -122.14542, 50.36043 ], [ -122.15295, 50.35157 ], [ -122.17241, 50.33556 ], [ -122.20137, 50.33807 ], [ -122.21529, 50.32596 ], [ -122.24192, 50.32225 ], [ -122.23732, 50.31206 ], [ -122.24895, 50.29662 ], [ -122.23461, 50.27513 ], [ -122.26299, 50.25897 ], [ -122.30307, 50.24937 ], [ -122.30163, 50.22979 ], [ -122.26768, 50.22244 ], [ -122.27795, 50.20332 ], [ -122.30311, 50.19859 ], [ -122.31625, 50.18712 ], [ -122.31355, 50.17231 ], [ -122.29832, 50.17375 ], [ -122.25844, 50.12344 ], [ -122.63823, 50.12326 ], [ -122.65992, 50.14315 ], [ -122.70751, 50.14578 ], [ -122.72564, 50.15368 ], [ -122.74353, 50.13788 ], [ -122.78969, 50.13007 ], [ -122.8058, 50.0871 ], [ -122.80392, 50.05592 ], [ -122.79184, 50.0411 ], [ -122.74585, 50.01733 ], [ -122.6811, 50.02467 ], [ -122.68214, 49.97734 ], [ -122.72366, 49.95428 ], [ -122.76123, 49.94797 ], [ -122.76779, 49.93271 ], [ -122.79541, 49.93618 ], [ -122.80056, 49.9206 ], [ -122.85714, 49.91816 ], [ -122.89245, 49.894 ], [ -122.91635, 49.91314 ], [ -122.93648, 49.91741 ], [ -122.96201, 49.90258 ], [ -123.00248, 49.85611 ], [ -122.98524, 49.85747 ], [ -122.96465, 49.835 ], [ -122.87221, 49.82196 ], [ -122.88983, 49.79877 ], [ -122.85579, 49.75618 ], [ -122.85592, 49.74277 ], [ -122.8142, 49.71124 ], [ -122.81529, 49.69631 ], [ -122.85383, 49.66596 ], [ -122.83123, 49.65809 ], [ -122.82099, 49.63197 ], [ -122.80908, 49.62576 ], [ -122.81136, 49.61923 ], [ -122.85208, 49.60804 ], [ -122.81609, 49.57235 ], [ -122.94504, 49.57054 ], [ -122.92421, 49.54843 ], [ -123.10231, 49.54778 ], [ -123.1028, 49.4822 ], [ -123.24338, 49.48135 ], [ -123.26281, 49.51946 ], [ -123.23695, 49.55105 ], [ -123.2218, 49.58905 ], [ -123.22505, 49.59395 ], [ -123.20586, 49.62064 ], [ -123.2249, 49.64709 ], [ -123.21901, 49.65529 ], [ -123.18966, 49.65695 ], [ -123.16923, 49.66635 ], [ -123.14298, 49.70147 ], [ -123.14348, 49.70818 ], [ -123.16354, 49.6834 ], [ -123.15656, 49.6944 ], [ -123.17098, 49.68351 ], [ -123.2062, 49.68113 ], [ -123.25712, 49.66386 ], [ -123.24921, 49.61147 ], [ -123.27672, 49.58366 ], [ -123.29991, 49.61709 ], [ -123.36402, 49.67435 ], [ -123.31982, 49.72371 ], [ -123.33552, 49.73487 ], [ -123.33573, 49.74731 ], [ -123.27674, 49.74997 ], [ -123.28384, 49.75996 ], [ -123.27251, 49.77092 ], [ -123.30068, 49.77803 ], [ -123.30522, 49.79651 ], [ -123.33331, 49.82733 ], [ -123.32842, 49.85144 ], [ -123.39912, 49.88123 ], [ -123.41662, 49.87911 ], [ -123.42795, 49.90093 ], [ -123.47352, 49.91206 ], [ -123.48795, 49.91135 ], [ -123.52753, 49.88582 ], [ -123.52744, 49.87836 ], [ -123.5484, 49.87524 ], [ -123.54966, 49.83859 ], [ -123.57814, 49.84578 ], [ -123.58744, 49.86048 ], [ -123.54916, 49.91862 ], [ -123.62065, 49.92899 ], [ -123.58626, 49.97112 ], [ -123.60279, 49.97781 ], [ -123.60486, 50.01249 ], [ -123.63403, 50.00038 ], [ -123.63068, 50.0122 ], [ -123.64378, 50.03036 ], [ -123.63043, 50.03794 ], [ -123.63838, 50.04866 ], [ -123.61517, 50.05583 ], [ -123.64906, 50.0848 ], [ -123.62645, 50.09662 ], [ -123.59793, 50.09891 ], [ -123.60398, 50.10801 ], [ -123.59031, 50.12114 ], [ -123.59638, 50.13904 ], [ -123.5811, 50.15378 ], [ -123.58133, 50.17396 ], [ -123.64195, 50.17304 ], [ -123.64604, 50.19702 ], [ -123.63253, 50.20151 ], [ -123.63988, 50.21253 ], [ -123.68666, 50.20253 ], [ -123.69869, 50.1906 ], [ -123.72675, 50.19551 ], [ -123.70357, 50.2195 ], [ -123.70576, 50.23515 ], [ -123.73941, 50.23755 ], [ -123.76796, 50.26202 ], [ -123.81103, 50.28138 ], [ -123.83293, 50.28298 ], [ -123.84808, 50.30067 ], [ -123.87036, 50.30268 ], [ -123.88391, 50.32148 ], [ -123.87806, 50.33066 ], [ -123.89795, 50.34285 ], [ -123.92395, 50.38205 ], [ -123.92301, 50.3989 ], [ -123.94419, 50.4085 ], [ -123.95146, 50.42191 ], [ -123.93446, 50.44609 ], [ -123.96258, 50.47363 ], [ -123.96151, 50.48834 ], [ -123.9681, 50.49097 ], [ -123.97644, 50.4787 ], [ -123.9964, 50.47388 ], [ -124.00331, 50.49679 ], [ -123.98281, 50.51396 ], [ -123.92513, 50.53146 ], [ -123.90441, 50.52138 ], [ -123.88639, 50.53059 ], [ -123.84211, 50.52877 ], [ -123.80171, 50.54048 ], [ -123.77699, 50.5271 ], [ -123.74412, 50.53805 ], [ -123.7408, 50.57433 ], [ -123.76418, 50.61115 ], [ -123.75581, 50.61535 ], [ -123.7538, 50.65386 ], [ -123.72787, 50.69733 ], [ -123.7454, 50.7136 ], [ -123.77827, 50.72358 ], [ -123.8199, 50.70378 ], [ -123.83296, 50.713 ], [ -123.83564, 50.7309 ], [ -123.86728, 50.74776 ], [ -123.80119, 50.79718 ], [ -123.81204, 50.81931 ], [ -123.82871, 50.82877 ], [ -123.82351, 50.8398 ], [ -123.7953, 50.83368 ], [ -123.71402, 50.84877 ], [ -123.71823, 50.87127 ], [ -123.74606, 50.87279 ], [ -123.75822, 50.88346 ], [ -123.69891, 50.88523 ], [ -123.66679, 50.87694 ], [ -123.65508, 50.90149 ], [ -123.61712, 50.89701 ], [ -123.57744, 50.93133 ], [ -123.55259, 50.92814 ], [ -123.50289, 50.95887 ], [ -123.45175, 50.9808 ], [ -123.40226, 50.98823 ], [ -123.38382, 51.00432 ], [ -123.35956, 50.99041 ], [ -123.32548, 50.99139 ], [ -123.31384, 50.98126 ], [ -123.29453, 50.99461 ], [ -123.24344, 51.00039 ], [ -123.25519, 51.02547 ], [ -123.2351, 51.05809 ], [ -123.18232, 51.07227 ], [ -123.14672, 51.12273 ], [ -123.12869, 51.1326 ], [ -123.10927, 51.1394 ], [ -123.08811, 51.13272 ], [ -123.04914, 51.14354 ], [ -123.08003, 51.21229 ], [ -123.06794, 51.22032 ], [ -123.03316, 51.20065 ], [ -122.92308, 51.18671 ] ] ] } },
{ "type": "Feature", "properties": { "cduid": "5933", "cd_name": "Thompson-Nicola", "hazard_score": 0.019715179800596637, "annual_burn_share": 0.0057499372767460958, "owner_households": 44025.0 }, "geometry": { "type": "Polygon", "coordinates": [ [ [ -120.2425, 52.86151 ], [ -120.21837, 52.87787 ], [ -120.17725, 52.86003 ], [ -120.14255, 52.87674 ], [ -120.1156, 52.86175 ], [ -120.11148, 52.84314 ], [ -120.05935, 52.82321 ], [ -120.06175, 52.81094 ], [ -120.02235, 52.75528 ], [ -119.96988, 52.73546 ], [ -119.95116, 52.71008 ], [ -119.9203, 52.7192 ], [ -119.89035, 52.70669 ], [ -119.86643, 52.68039 ], [ -119.85911, 52.6898 ], [ -119.84366, 52.69042 ], [ -119.81248, 52.67239 ], [ -119.76833, 52.66029 ], [ -119.74691, 52.68098 ], [ -119.708, 52.67817 ], [ -119.66803, 52.69933 ], [ -119.6179, 52.70604 ], [ -119.61299, 52.68222 ], [ -119.57795, 52.64799 ], [ -119.54441, 52.66279 ], [ -119.52376, 52.6277 ], [ -119.46491, 52.64921 ], [ -119.43172, 52.63793 ], [ -119.36565, 52.65617 ], [ -119.3644, 52.63251 ], [ -119.05609, 52.6333 ], [ -119.03779, 52.59638 ], [ -119.01821, 52.59307 ], [ -119.00434, 52.60111 ], [ -118.98819, 52.58761 ], [ -118.92756, 52.56879 ], [ -118.93636, 52.55142 ], [ -118.90527, 52.52628 ], [ -118.90733, 52.50206 ], [ -118.88505, 52.47836 ], [ -118.93579, 52.45208 ], [ -118.9417, 52.43971 ], [ -118.92163, 52.42212 ], [ -118.92632, 52.40432 ], [ -118.94793, 52.39121 ], [ -118.92638, 52.3536 ], [ -118.90938, 52.34544 ], [ -118.85515, 52.34142 ], [ -118.79214, 52.31742 ], [ -118.78649, 52.30826 ], [ -118.88212, 52.26409 ], [ -118.90018, 52.23834 ], [ -118.83784, 52.23216 ], [ -118.8329, 52.22165 ], [ -118.8512, 52.21529 ], [ -118.84958, 52.20947 ], [ -118.8032, 52.17722 ], [ -118.83367, 52.16431 ], [ -118.86669, 52.10242 ], [ -118.85455, 52.08802 ], [ -118.87248, 52.07211 ], [ -118.84823, 52.05814 ], [ -118.85131, 52.04936 ], [ -118.93624, 52.03411 ], [ -118.97192, 51.98814 ], [ -118.97185, 51.97722 ], [ -118.89103, 51.95407 ], [ -118.90852, 51.92806 ], [ -118.9766, 51.93456 ], [ -118.98908, 51.92959 ], [ -118.96595, 51.88711 ], [ -118.99013, 51.86455 ], [ -118.94891, 51.84696 ], [ -118.94966, 51.83109 ], [ -118.96503, 51.82434 ], [ -118.96139, 51.81057 ], [ -118.94207, 51.79332 ], [ -118.88885, 51.78581 ], [ -118.88546, 51.77855 ], [ -118.8974, 51.76345 ], [ -118.88631, 51.73096 ], [ -118.91844, 51.71742 ], [ -118.92387, 51.68956 ], [ -118.93783, 51.70272 ], [ -119.00994, 51.68726 ], [ -118.97093, 51.65208 ], [ -118.98318, 51.63523 ], [ -118.95776, 51.60114 ], [ -118.97293, 51.59545 ], [ -118.96613, 51.57496 ], [ -118.98369, 51.54236 ], [ -118.95019, 51.5074 ], [ -118.9647, 51.49064 ], [ -118.95345, 51.46131 ], [ -119.00029, 51.4306 ], [ -119.02903, 51.4229 ], [ -119.05879, 51.39501 ], [ -119.07616, 51.38939 ], [ -119.09153, 51.39503 ], [ -119.13359, 51.36562 ], [ -119.18705, 51.3545 ], [ -119.19242, 51.31761 ], [ -119.22099, 51.31112 ], [ -119.22452, 51.2799 ], [ -119.23722, 51.26811 ], [ -119.29399, 51.24634 ], [ -119.37088, 51.25549 ], [ -119.38667, 51.24127 ], [ -119.44069, 51.22177 ], [ -119.43966, 51.18228 ], [ -119.48393, 51.17373 ], [ -119.50945, 51.14321 ], [ -119.50866, 51.11857 ], [ -119.5257, 51.10665 ], [ -119.50713, 51.06665 ], [ -119.52169, 51.03265 ], [ -119.54807, 51.01103 ], [ -119.53692, 50.98359 ], [ -119.70453, 50.9837 ], [ -119.67532, 50.96982 ], [ -119.64232, 50.92571 ], [ -119.66435, 50.92539 ], [ -119.66966, 50.86558 ], [ -119.64959, 50.85899 ], [ -119.62587, 50.87842 ], [ -119.60123, 50.86268 ], [ -119.60513, 50.85393 ], [ -119.59033, 50.85369 ], [ -119.57437, 50.86694 ], [ -119.51682, 50.86735 ], [ -119.51648, 50.83861 ], [ -119.4608, 50.83839 ], [ -119.46171, 50.8002 ], [ -119.47227, 50.80039 ], [ -119.4721, 50.78547 ], [ -119.46128, 50.78553 ], [ -119.4621, 50.75058 ], [ -119.52467, 50.75095 ], [ -119.5255, 50.57657 ], [ -119.64991, 50.57482 ], [ -119.65083, 50.48533 ], [ -119.66716, 50.48161 ], [ -119.65117, 50.47187 ], [ -119.64449, 50.40211 ], [ -119.65279, 50.39285 ], [ -119.63348, 50.37628 ], [ -119.66422, 50.35341 ], [ -119.68451, 50.34863 ], [ -119.66614, 50.33319 ], [ -119.72053, 50.31718 ], [ -119.68267, 50.30617 ], [ -119.69807, 50.28505 ], [ -119.68231, 50.2624 ], [ -119.751, 50.26021 ], [ -119.76578, 50.20334 ], [ -119.80524, 50.20367 ], [ -119.83284, 50.18378 ], [ -119.81312, 50.17685 ], [ -119.7986, 50.14977 ], [ -119.77965, 50.14773 ], [ -119.77721, 50.11997 ], [ -119.74863, 50.12499 ], [ -119.74113, 50.11605 ], [ -119.74172, 50.09315 ], [ -119.76705, 50.0796 ], [ -119.76194, 50.04761 ], [ -119.81011, 50.03093 ], [ -119.80054, 50.01724 ], [ -119.83682, 49.99044 ], [ -119.82827, 49.98303 ], [ -119.86205, 49.9692 ], [ -119.8955, 49.96579 ], [ -119.8945, 49.95885 ], [ -119.94386, 49.92903 ], [ -119.94347, 49.9184 ], [ -119.97749, 49.93141 ], [ -120.02953, 49.91189 ], [ -120.02764, 49.89468 ], [ -120.07952, 49.83456 ], [ -120.09458, 49.84453 ], [ -120.13017, 49.84583 ], [ -120.16113, 49.86526 ], [ -120.18107, 49.85619 ], [ -120.21339, 49.86053 ], [ -120.21413, 49.88624 ], [ -120.22871, 49.89592 ], [ -120.26843, 49.88794 ], [ -120.33364, 49.91172 ], [ -120.36334, 49.90318 ], [ -120.36376, 49.89154 ], [ -120.39015, 49.87389 ], [ -120.39679, 49.83787 ], [ -120.44534, 49.81061 ], [ -120.48571, 49.77223 ], [ -120.60377, 49.77077 ], [ -120.60433, 49.74958 ], [ -120.70437, 49.74691 ], [ -120.75989, 49.74973 ], [ -120.76063, 49.75987 ], [ -120.77179, 49.76339 ], [ -120.94845, 49.76058 ], [ -120.96058, 49.73866 ], [ -120.9542, 49.71198 ], [ -120.96241, 49.67348 ], [ -120.98507, 49.67327 ], [ -120.98531, 49.65846 ], [ -121.00715, 49.65852 ], [ -121.01882, 49.637 ], [ -121.05188, 49.6369 ], [ -121.06545, 49.62613 ], [ -121.09953, 49.6254 ], [ -121.12178, 49.60979 ], [ -121.13515, 49.62252 ], [ -121.16066, 49.61995 ], [ -121.17079, 49.64836 ], [ -121.11875, 49.67775 ], [ -121.15536, 49.71614 ], [ -121.1914, 49.73257 ], [ -121.21183, 49.77927 ], [ -121.18776, 49.79853 ], [ -121.18023, 49.82187 ], [ -121.10935, 49.82935 ], [ -121.10325, 49.8351 ], [ -121.11734, 49.84613 ], [ -121.08707, 49.85654 ], [ -121.09804, 49.87333 ], [ -121.13111, 49.86234 ], [ -121.16978, 49.86102 ], [ -121.17159, 49.87338 ], [ -121.15762, 49.88745 ], [ -121.1815, 49.8831 ], [ -121.20817, 49.89412 ], [ -121.26551, 49.87074 ], [ -121.32004, 49.88428 ], [ -121.3238, 49.90092 ], [ -121.3158, 49.91181 ], [ -121.28952, 49.91822 ], [ -121.28361, 49.95968 ], [ -121.26777, 49.96375 ], [ -121.27331, 49.9886 ], [ -121.29255, 49.99999 ], [ -121.2905, 50.01113 ], [ -121.32832, 50.0378 ], [ -121.31533, 50.05247 ], [ -121.56498, 50.05223 ], [ -121.60975, 50.04188 ], [ -121.66125, 50.06497 ], [ -121.65461, 50.07133 ], [ -121.66222, 50.081 ], [ -121.70267, 50.07495 ], [ -121.71458, 50.08621 ], [ -121.75346, 50.09234 ], [ -121.84801, 50.0762 ], [ -121.85846, 50.04638 ], [ -121.8958, 50.04965 ], [ -121.91037, 50.05477 ], [ -121.91991, 50.07176 ], [ -121.95066, 50.0796 ], [ -121.95343, 50.09071 ], [ -121.98118, 50.08007 ], [ -122.00115, 50.08754 ], [ -122.02363, 50.08584 ], [ -122.07007, 50.12637 ], [ -122.09908, 50.12431 ], [ -122.11637, 50.10731 ], [ -122.15322, 50.11444 ], [ -122.22992, 50.11051 ], [ -122.22602, 50.12622 ], [ -122.25594, 50.1218 ], [ -122.29832, 50.17375 ], [ -122.31355, 50.17231 ], [ -122.31625, 50.18712 ], [ -122.30311, 50.19859 ], [ -122.27795, 50.20332 ], [ -122.26768, 50.22244 ], [ -122.30163, 50.22979 ], [ -122.30307, 50.24937 ], [ -122.26299, 50.25897 ], [ -122.23461, 50.27513 ], [ -122.24895, 50.29662 ], [ -122.23732, 50.31206 ], [ -122.24192, 50.32225 ], [ -122.21529, 50.32596 ], [ -122.20137, 50.33807 ], [ -122.17241, 50.33556 ], [ -122.15295, 50.35157 ], [ -122.14542, 50.36043 ], [ -122.16412, 50.3728 ], [ -122.14009, 50.38708 ], [ -122.1184, 50.41532 ], [ -122.13147, 50.42842 ], [ -122.09312, 50.43323 ], [ -122.06138, 50.42569 ], [ -122.04696, 50.43123 ], [ -122.04265, 50.42076 ], [ -122.0114, 50.41212 ], [ -121.96841, 50.41732 ], [ -121.95504, 50.40131 ], [ -121.92925, 50.40817 ], [ -121.91949, 50.41909 ], [ -121.87213, 50.42201 ], [ -121.855, 50.44996 ], [ -121.86243, 50.46088 ], [ -121.85493, 50.47189 ], [ -121.80697, 50.51731 ], [ -121.78458, 50.51689 ], [ -121.78487, 50.53078 ], [ -121.76193, 50.5464 ], [ -121.76597, 50.75021 ], [ -121.74357, 50.75039 ], [ -121.74291, 50.79371 ], [ -121.72069, 50.79372 ], [ -121.71989, 50.8377 ], [ -121.6966, 50.83799 ], [ -121.69632, 50.8527 ], [ -121.6724, 50.85285 ], [ -121.67283, 50.88163 ], [ -121.64901, 50.88177 ], [ -121.64873, 50.89567 ], [ -121.62534, 50.89604 ], [ -121.62749, 50.99611 ], [ -121.9151, 50.99683 ], [ -121.9136, 50.98709 ], [ -122.16534, 50.99025 ], [ -122.14424, 50.9994 ], [ -122.14413, 51.01486 ], [ -122.16052, 51.02093 ], [ -122.19715, 51.01839 ], [ -122.30639, 51.04442 ], [ -122.30119, 51.06174 ], [ -122.32732, 51.06128 ], [ -122.3584, 51.07455 ], [ -122.37634, 51.10698 ], [ -122.46534, 51.11423 ], [ -122.47897, 51.13229 ], [ -122.46078, 51.15188 ], [ -122.50785, 51.18772 ], [ -122.55454, 51.23999 ], [ -122.57134, 51.24759 ], [ -122.63086, 51.24876 ], [ -122.67488, 51.27437 ], [ -122.66824, 51.28654 ], [ -122.67689, 51.29997 ], [ -122.66455, 51.31678 ], [ -122.65032, 51.31905 ], [ -122.64515, 51.33923 ], [ -122.61324, 51.37282 ], [ -122.63805, 51.40658 ], [ -122.62412, 51.41721 ], [ -122.55938, 51.43544 ], [ -122.55971, 51.48512 ], [ -122.46919, 51.48212 ], [ -122.44356, 51.50352 ], [ -122.41358, 51.51457 ], [ -122.33034, 51.52423 ], [ -122.29134, 51.52291 ], [ -122.28227, 51.5159 ], [ -121.88573, 51.51785 ], [ -121.88589, 51.56613 ], [ -121.63108, 51.56405 ], [ -121.6305, 51.54738 ], [ -121.52663, 51.54772 ], [ -121.52514, 51.45105 ], [ -121.47558, 51.44595 ], [ -121.47381, 51.43645 ], [ -121.42616, 51.4367 ], [ -121.42064, 51.37756 ], [ -121.28223, 51.37679 ], [ -121.17179, 51.43089 ], [ -121.12352, 51.44089 ], [ -121.00537, 51.42909 ], [ -121.00149, 51.43895 ], [ -120.94833, 51.4451 ], [ -120.83347, 51.43516 ], [ -120.56073, 51.43462 ], [ -120.55842, 51.66455 ], [ -120.48131, 51.70435 ], [ -120.43297, 51.71216 ], [ -120.39127, 51.70401 ], [ -120.37243, 51.72207 ], [ -120.34567, 51.72759 ], [ -120.34359, 51.74753 ], [ -120.37936, 51.76238 ], [ -120.37576, 51.7695 ], [ -120.34864, 51.76802 ], [ -120.32899, 51.77565 ], [ -120.31953, 51.81991 ], [ -120.30501, 51.83145 ], [ -120.2192, 51.82863 ], [ -120.22396, 51.86659 ], [ -120.25745, 51.87262 ], [ -120.27237, 51.88877 ], [ -120.24798, 51.91233 ], [ -120.24631, 51.93151 ], [ -120.26846, 51.95084 ], [ -120.27369, 51.97429 ], [ -120.29832, 51.96857 ], [ -120.31631, 51.97612 ], [ -120.33102, 51.96812 ], [ -120.34531, 51.97548 ], [ -120.30579, 52.01291 ], [ -120.28839, 52.01287 ], [ -120.2887, 52.01974 ], [ -120.31699, 52.02765 ], [ -120.32034, 52.03917 ], [ -120.31438, 52.06854 ], [ -120.29367, 52.08262 ], [ -120.31668, 52.12095 ], [ -120.30812, 52.14033 ], [ -120.32455, 52.15533 ], [ -120.34744, 52.15582 ], [ -120.37853, 52.13344 ], [ -120.40761, 52.14426 ], [ -120.38696, 52.17855 ], [ -120.3951, 52.20423 ], [ -120.42075, 52.21002 ], [ -120.44118, 52.23215 ], [ -120.43709, 52.23875 ], [ -120.49348, 52.28048 ], [ -120.46647, 52.30442 ], [ -120.50785, 52.32512 ], [ -120.53485, 52.3294 ], [ -120.51755, 52.34397 ], [ -120.52694, 52.34981 ], [ -120.52109, 52.37975 ], [ -120.4598, 52.41172 ], [ -120.45922, 52.42124 ], [ -120.54215, 52.46612 ], [ -120.5094, 52.49474 ], [ -120.44973, 52.51055 ], [ -120.40768, 52.53448 ], [ -120.38965, 52.53709 ], [ -120.36301, 52.52814 ], [ -120.33321, 52.56675 ], [ -120.32555, 52.57221 ], [ -120.31617, 52.56636 ], [ -120.30313, 52.58836 ], [ -120.29158, 52.58736 ], [ -120.29368, 52.60763 ], [ -120.26789, 52.60831 ], [ -120.23769, 52.62077 ], [ -120.23528, 52.63471 ], [ -120.28973, 52.65775 ], [ -120.25438, 52.67735 ], [ -120.2869, 52.70501 ], [ -120.26965, 52.71458 ], [ -120.29369, 52.7256 ], [ -120.27378, 52.74592 ], [ -120.29363, 52.76347 ], [ -120.29036, 52.77199 ], [ -120.3397, 52.78823 ], [ -120.30244, 52.81511 ], [ -120.33423, 52.83314 ], [ -120.31292, 52.85871 ], [ -120.28273, 52.86867 ], [ -120.25954, 52.85962 ], [ -120.2425, 52.86151 ] ] ] } },
{ "type": "Feature", "properties": { "cduid": "5935", "cd_name": "Central Okanagan", "hazard_score": 0.018396595908088304, "annual_burn_share": 0.005365371944208718, "owner_households": 66725.0 }, "geometry": { "type": "Polygon", "coordinates": [ [ [ -119.68481, 50.23256 ], [ -119.45948, 50.23124 ], [ -119.47432, 50.14995 ], [ -119.14611, 50.15125 ], [ -119.141, 50.11927 ], [ -119.16952, 50.08562 ], [ -119.17339, 50.04974 ], [ -119.10546, 50.04532 ], [ -119.09403, 50.05261 ], [ -119.06431, 50.03705 ], [ -118.95823, 50.04763 ], [ -118.94687, 50.05704 ], [ -118.92331, 50.04284 ], [ -118.90779, 50.05391 ], [ -118.8689, 50.05279 ], [ -118.85909, 50.03653 ], [ -118.83503, 50.03577 ], [ -118.82308, 50.02245 ], [ -118.80989, 50.02184 ], [ -118.82274, 49.99997 ], [ -118.79756, 49.98766 ], [ -118.80804, 49.95561 ], [ -118.85845, 49.9569 ], [ -118.86451, 49.94123 ], [ -118.90379, 49.93185 ], [ -118.91096, 49.92077 ], [ -118.90235, 49.91567 ], [ -118.9146, 49.90299 ], [ -118.93486, 49.91566 ], [ -118.96422, 49.90368 ], [ -118.97676, 49.87866 ], [ -119.01123, 49.85198 ], [ -119.02218, 49.85223 ], [ -119.0655, 49.79821 ], [ -119.11572, 49.79095 ], [ -119.15385, 49.79952 ], [ -119.15273, 49.76401 ], [ -119.16401, 49.76386 ], [ -119.16375, 49.75783 ], [ -119.2016, 49.75363 ], [ -119.20686, 49.73725 ], [ -119.22855, 49.73515 ], [ -119.26294, 49.74478 ], [ -119.27182, 49.73021 ], [ -119.32309, 49.69813 ], [ -119.37277, 49.67865 ], [ -119.40552, 49.68405 ], [ -119.42703, 49.67539 ], [ -119.4539, 49.70228 ], [ -119.45876, 49.72547 ], [ -119.4859, 49.74639 ], [ -119.51082, 49.72538 ], [ -119.51902, 49.7529 ], [ -119.55632, 49.75314 ], [ -119.55662, 49.76019 ], [ -119.69709, 49.76074 ], [ -119.69746, 49.77516 ], [ -119.71955, 49.76525 ], [ -119.74046, 49.73656 ], [ -119.72866, 49.71206 ], [ -119.83591, 49.71263 ], [ -119.83699, 49.76566 ], [ -119.97954, 49.76625 ], [ -119.98432, 49.78963 ], [ -119.96879, 49.81959 ], [ -120.03891, 49.85659 ], [ -120.05483, 49.85562 ], [ -120.05681, 49.86832 ], [ -120.02764, 49.89468 ], [ -120.02953, 49.91189 ], [ -119.97749, 49.93141 ], [ -119.94347, 49.9184 ], [ -119.94386, 49.92903 ], [ -119.8945, 49.95885 ], [ -119.8955, 49.96579 ], [ -119.86205, 49.9692 ], [ -119.82827, 49.98303 ], [ -119.83682, 49.99044 ], [ -119.80054, 50.01724 ], [ -119.81011, 50.03093 ], [ -119.76194, 50.04761 ], [ -119.76705, 50.0796 ], [ -119.74172, 50.09315 ], [ -119.74275, 50.11935 ], [ -119.74863, 50.12499 ], [ -119.77721, 50.11997 ], [ -119.77965, 50.14773 ], [ -119.7986, 50.14977 ], [ -119.81312, 50.17685 ], [ -119.83284, 50.18378 ], [ -119.80524, 50.20367 ], [ -119.76578, 50.20334 ], [ -119.7618, 50.23282 ], [ -119.68481, 50.23256 ] ] ] } },
{ "type": "Feature", "properties": { "cduid": "5937", "cd_name": "North Okanagan", "hazard_score": 0.0071680156980580721, "annual_burn_share": 0.0020905536281904968, "owner_households": 29150.0 }, "geometry": { "type": "Polygon", "coordinates": [ [ [ -118.61278, 50.92462 ], [ -118.58445, 50.92341 ], [ -118.53377, 50.93457 ], [ -118.47063, 50.89456 ], [ -118.44978, 50.90343 ], [ -118.4064, 50.88194 ], [ -118.37016, 50.88806 ], [ -118.33163, 50.88107 ], [ -118.26862, 50.89347 ], [ -118.26612, 50.8845 ], [ -118.29464, 50.86668 ], [ -118.2863, 50.84928 ], [ -118.26835, 50.84032 ], [ -118.27602, 50.82397 ], [ -118.25851, 50.81855 ], [ -118.26796, 50.81344 ], [ -118.26383, 50.78888 ], [ -118.2419, 50.75519 ], [ -118.20585, 50.73893 ], [ -118.20066, 50.69895 ], [ -118.21348, 50.68001 ], [ -118.17074, 50.66545 ], [ -118.20633, 50.65539 ], [ -118.19781, 50.63552 ], [ -118.18076, 50.63524 ], [ -118.16269, 50.61147 ], [ -118.16332, 50.58985 ], [ -118.17774, 50.5803 ], [ -118.16952, 50.56968 ], [ -118.18251, 50.55089 ], [ -118.20388, 50.55161 ], [ -118.2153, 50.53807 ], [ -118.19661, 50.52669 ], [ -118.20208, 50.5118 ], [ -118.17607, 50.49312 ], [ -118.19216, 50.47465 ], [ -118.2181, 50.47634 ], [ -118.2196, 50.46945 ], [ -118.2043, 50.46433 ], [ -118.21205, 50.43942 ], [ -118.27257, 50.43497 ], [ -118.27698, 50.40134 ], [ -118.25475, 50.39722 ], [ -118.28208, 50.39242 ], [ -118.30137, 50.37989 ], [ -118.32773, 50.3487 ], [ -118.30828, 50.3362 ], [ -118.26372, 50.33712 ], [ -118.25525, 50.32559 ], [ -118.26945, 50.31389 ], [ -118.26343, 50.30012 ], [ -118.27606, 50.27866 ], [ -118.25817, 50.22621 ], [ -118.23693, 50.20616 ], [ -118.26372, 50.18142 ], [ -118.25235, 50.1691 ], [ -118.27819, 50.15605 ], [ -118.28015, 50.14312 ], [ -118.29601, 50.13468 ], [ -118.29352, 50.09782 ], [ -118.33817, 50.10072 ], [ -118.37843, 50.0897 ], [ -118.38396, 50.07717 ], [ -118.3983, 50.07876 ], [ -118.39976, 50.03342 ], [ -118.49585, 50.03361 ], [ -118.43384, 50.01382 ], [ -118.43682, 50.00522 ], [ -118.47351, 49.99953 ], [ -118.47298, 49.98839 ], [ -118.4487, 49.97379 ], [ -118.43204, 49.97948 ], [ -118.41589, 49.97304 ], [ -118.4187, 49.9136 ], [ -118.40694, 49.90833 ], [ -118.37738, 49.91364 ], [ -118.35359, 49.89457 ], [ -118.36847, 49.87464 ], [ -118.38448, 49.87115 ], [ -118.37441, 49.82458 ], [ -118.32459, 49.8306 ], [ -118.30457, 49.81233 ], [ -119.05568, 49.81232 ], [ -119.02218, 49.85223 ], [ -119.01123, 49.85198 ], [ -118.97676, 49.87866 ], [ -118.96422, 49.90368 ], [ -118.93486, 49.91566 ], [ -118.9146, 49.90299 ], [ -118.90235, 49.91567 ], [ -118.91096, 49.92077 ], [ -118.90379, 49.93185 ], [ -118.86451, 49.94123 ], [ -118.85845, 49.9569 ], [ -118.80804, 49.95561 ], [ -118.79756, 49.98766 ], [ -118.82274, 49.99997 ], [ -118.8146, 50.02584 ], [ -118.82308, 50.02245 ], [ -118.83503, 50.03577 ], [ -118.85909, 50.03653 ], [ -118.8689, 50.05279 ], [ -118.89918, 50.05484 ], [ -118.91881, 50.04314 ], [ -118.94687, 50.05704 ], [ -118.95823, 50.04763 ], [ -119.06431, 50.03705 ], [ -119.09403, 50.05261 ], [ -119.10546, 50.04532 ], [ -119.17339, 50.04974 ], [ -119.16952, 50.08562 ], [ -119.141, 50.11927 ], [ -119.14611, 50.15125 ], [ -119.47432, 50.14995 ], [ -119.45948, 50.23124 ], [ -119.47168, 50.23489 ], [ -119.7618, 50.23282 ], [ -119.7628, 50.23815 ], [ -119.7493, 50.26093 ], [ -119.69854, 50.25779 ], [ -119.68169, 50.26302 ], [ -119.69807, 50.28505 ], [ -119.68267, 50.30617 ], [ -119.72053, 50.31718 ], [ -119.66614, 50.33319 ], [ -119.68451, 50.34863 ], [ -119.66422, 50.35341 ], [ -119.63348, 50.37628 ], [ -119.6522, 50.39559 ], [ -119.62844, 50.40215 ], [ -119.6286, 50.41645 ], [ -119.60611, 50.41629 ], [ -119.60611, 50.43101 ], [ -119.58167, 50.4308 ], [ -119.58186, 50.4457 ], [ -119.52581, 50.44522 ], [ -119.52493, 50.43103 ], [ -119.44637, 50.43085 ], [ -119.44571, 50.41596 ], [ -119.31778, 50.41615 ], [ -119.32893, 50.46998 ], [ -119.29738, 50.47135 ], [ -119.29747, 50.4849 ], [ -119.26319, 50.48497 ], [ -119.26318, 50.49282 ], [ -119.2962, 50.49288 ], [ -119.29633, 50.50033 ], [ -119.30802, 50.50027 ], [ -119.30847, 50.5286 ], [ -119.18337, 50.52781 ], [ -119.1803, 50.7501 ], [ -118.88304, 50.75042 ], [ -118.87781, 50.75896 ], [ -118.85802, 50.75734 ], [ -118.8539, 50.76649 ], [ -118.82903, 50.7699 ], [ -118.77813, 50.82604 ], [ -118.73299, 50.8258 ], [ -118.69937, 50.8112 ], [ -118.66767, 50.81926 ], [ -118.66816, 50.8469 ], [ -118.65161, 50.85323 ], [ -118.63374, 50.84836 ], [ -118.61855, 50.85997 ], [ -118.63946, 50.86298 ], [ -118.6096, 50.89411 ], [ -118.61278, 50.92462 ] ] ] } },
{ "type": "Feature", "properties": { "cduid": "5939", "cd_name": "Columbia-Shuswap", "hazard_score": 0.0040186364750894122, "annual_burn_share": 0.0011720363650504907, "owner_households": 19640.0 }, "geometry": { "type": "Polygon", "coordinates": [ [ [ -117.98783, 52.50001 ], [ -117.96679, 52.46971 ], [ -117.88693, 52.42609 ], [ -117.7665, 52.41769 ], [ -117.7058, 52.36534 ], [ -117.75288, 52.31642 ], [ -117.77799, 52.31893 ], [ -117.79606, 52.29251 ], [ -117.83958, 52.27413 ], [ -117.81832, 52.22635 ], [ -117.74135, 52.203 ], [ -117.74321, 52.19399 ], [ -117.66353, 52.19789 ], [ -117.62935, 52.17476 ], [ -117.61126, 52.14426 ], [ -117.52312, 52.15825 ], [ -117.5099, 52.15781 ], [ -117.50018, 52.14427 ], [ -117.38126, 52.13772 ], [ -117.33404, 52.14864 ], [ -117.32716, 52.18995 ], [ -117.3173, 52.19404 ], [ -117.29203, 52.08541 ], [ -117.30506, 52.07431 ], [ -117.26841, 52.05579 ], [ -117.2503, 52.03507 ], [ -117.23203, 52.04107 ], [ -117.21468, 52.02848 ], [ -117.23363, 52.01177 ], [ -117.20169, 51.99285 ], [ -117.19599, 51.97912 ], [ -117.14487, 51.9727 ], [ -117.1202, 51.9557 ], [ -117.10318, 51.95652 ], [ -117.09765, 51.9397 ], [ -117.01078, 51.88968 ], [ -117.03347, 51.85635 ], [ -117.00575, 51.83611 ], [ -116.97978, 51.83555 ], [ -116.98899, 51.81111 ], [ -116.9612, 51.79088 ], [ -116.97636, 51.76018 ], [ -116.92654, 51.72906 ], [ -116.92057, 51.7098 ], [ -116.89598, 51.70273 ], [ -116.80974, 51.70535 ], [ -116.79802, 51.7236 ], [ -116.8193, 51.73863 ], [ -116.74898, 51.80506 ], [ -116.71551, 51.79866 ], [ -116.67957, 51.81303 ], [ -116.65906, 51.80519 ], [ -116.64315, 51.78671 ], [ -116.65035, 51.75371 ], [ -116.62813, 51.74487 ], [ -116.63119, 51.7314 ], [ -116.59853, 51.72387 ], [ -116.58543, 51.71275 ], [ -116.58139, 51.68746 ], [ -116.59502, 51.66183 ], [ -116.52987, 51.63168 ], [ -116.49986, 51.62766 ], [ -116.49101, 51.61234 ], [ -116.46903, 51.60173 ], [ -116.46473, 51.56582 ], [ -116.39089, 51.54559 ], [ -116.38208, 51.53101 ], [ -116.39533, 51.52553 ], [ -116.39383, 51.50566 ], [ -116.3606, 51.47087 ], [ -116.284, 51.45649 ], [ -116.29421, 51.42993 ], [ -116.28247, 51.40684 ], [ -116.31143, 51.38496 ], [ -116.29341, 51.36484 ], [ -116.27772, 51.36173 ], [ -116.29003, 51.34311 ], [ -116.2826, 51.3315 ], [ -116.30519, 51.32538 ], [ -116.29024, 51.29085 ], [ -116.29657, 51.26169 ], [ -116.26223, 51.24301 ], [ -116.26337, 51.2218 ], [ -116.30109, 51.20866 ], [ -116.3271, 51.21461 ], [ -116.34617, 51.20304 ], [ -116.33905, 51.18523 ], [ -116.29754, 51.17997 ], [ -116.28434, 51.15139 ], [ -116.25645, 51.14079 ], [ -116.26216, 51.12655 ], [ -116.31847, 51.09546 ], [ -116.33978, 51.06435 ], [ -116.39106, 51.05558 ], [ -116.41847, 51.03659 ], [ -116.38459, 51.01187 ], [ -116.38098, 50.99924 ], [ -116.33704, 50.97548 ], [ -116.31832, 50.94908 ], [ -116.44436, 50.94982 ], [ -116.44365, 50.9352 ], [ -116.48819, 50.94052 ], [ -116.53538, 50.93514 ], [ -116.53571, 50.92097 ], [ -116.62873, 50.92067 ], [ -116.67216, 50.88978 ], [ -116.72709, 50.88028 ], [ -116.73358, 50.87541 ], [ -116.72321, 50.85402 ], [ -116.76534, 50.84574 ], [ -116.73763, 50.81323 ], [ -116.74952, 50.79085 ], [ -116.74535, 50.7713 ], [ -116.77195, 50.76674 ], [ -116.7752, 50.75116 ], [ -116.78997, 50.74553 ], [ -116.783, 50.73455 ], [ -116.80956, 50.72659 ], [ -116.83209, 50.76071 ], [ -116.86108, 50.75669 ], [ -116.88027, 50.77015 ], [ -116.91616, 50.77057 ], [ -116.93258, 50.79678 ], [ -116.96426, 50.81029 ], [ -116.98964, 50.80921 ], [ -117.01556, 50.81988 ], [ -117.03811, 50.815 ], [ -117.05043, 50.82989 ], [ -117.04153, 50.85641 ], [ -117.06466, 50.85323 ], [ -117.08395, 50.86457 ], [ -117.0634, 50.90984 ], [ -117.06896, 50.92015 ], [ -117.03311, 50.95809 ], [ -117.06658, 50.97177 ], [ -117.10884, 50.96755 ], [ -117.12236, 50.97774 ], [ -117.15523, 50.97585 ], [ -117.16523, 50.99352 ], [ -117.13896, 51.00509 ], [ -117.13013, 51.0181 ], [ -117.13788, 51.02801 ], [ -117.16383, 51.02632 ], [ -117.16267, 51.04435 ], [ -117.19875, 51.05505 ], [ -117.19901, 51.06356 ], [ -117.21067, 51.06606 ], [ -117.22435, 51.05926 ], [ -117.30431, 51.05132 ], [ -117.32438, 51.0355 ], [ -117.3475, 51.03888 ], [ -117.3902, 50.9998 ], [ -117.40181, 50.97881 ], [ -117.3978, 50.9612 ], [ -117.43862, 50.9468 ], [ -117.44098, 50.93437 ], [ -117.41891, 50.92454 ], [ -117.4176, 50.90925 ], [ -117.44493, 50.90026 ], [ -117.46729, 50.90241 ], [ -117.49064, 50.88311 ], [ -117.4603, 50.84969 ], [ -117.45326, 50.83004 ], [ -117.46679, 50.81119 ], [ -117.45875, 50.80039 ], [ -117.43269, 50.79683 ], [ -117.4291, 50.78277 ], [ -117.40085, 50.77659 ], [ -117.38228, 50.74757 ], [ -117.39775, 50.71139 ], [ -117.37083, 50.70198 ], [ -117.35636, 50.71997 ], [ -117.32311, 50.72418 ], [ -117.30874, 50.73839 ], [ -117.30137, 50.7334 ], [ -117.27354, 50.74459 ], [ -117.25208, 50.74201 ], [ -117.27591, 50.6713 ], [ -117.25432, 50.65447 ], [ -117.23271, 50.65133 ], [ -117.22959, 50.63211 ], [ -117.26783, 50.61357 ], [ -117.27337, 50.5978 ], [ -117.30705, 50.57241 ], [ -117.24504, 50.53508 ], [ -117.24069, 50.52404 ], [ -117.34273, 50.48344 ], [ -117.4359, 50.48437 ], [ -117.45103, 50.49353 ], [ -117.47327, 50.49449 ], [ -117.49892, 50.48524 ], [ -117.4997, 50.45712 ], [ -117.55022, 50.4842 ], [ -117.54548, 50.48974 ], [ -117.5588, 50.50231 ], [ -117.58527, 50.50423 ], [ -117.61586, 50.5437 ], [ -117.63769, 50.5486 ], [ -117.64874, 50.53223 ], [ -117.67111, 50.53243 ], [ -117.69425, 50.54513 ], [ -117.74685, 50.55521 ], [ -117.81836, 50.541 ], [ -117.84989, 50.54239 ], [ -117.85698, 50.52786 ], [ -117.97792, 50.53285 ], [ -117.99434, 50.5481 ], [ -118.01382, 50.65312 ], [ -118.06838, 50.66654 ], [ -118.0766, 50.69326 ], [ -118.1287, 50.68093 ], [ -118.20732, 50.69029 ], [ -118.20585, 50.73893 ], [ -118.2419, 50.75519 ], [ -118.26383, 50.78888 ], [ -118.26796, 50.81344 ], [ -118.25851, 50.81855 ], [ -118.27602, 50.82397 ], [ -118.26835, 50.84032 ], [ -118.29447, 50.86464 ], [ -118.26612, 50.8845 ], [ -118.26862, 50.89347 ], [ -118.33163, 50.88107 ], [ -118.37016, 50.88806 ], [ -118.4064, 50.88194 ], [ -118.44978, 50.90343 ], [ -118.47063, 50.89456 ], [ -118.53377, 50.93457 ], [ -118.58445, 50.92341 ], [ -118.61278, 50.92462 ], [ -118.6096, 50.89411 ], [ -118.63946, 50.86298 ], [ -118.61855, 50.85997 ], [ -118.63374, 50.84836 ], [ -118.65161, 50.85323 ], [ -118.66816, 50.8469 ], [ -118.66767, 50.81926 ], [ -118.69937, 50.8112 ], [ -118.73299, 50.8258 ], [ -118.77813, 50.82604 ], [ -118.82903, 50.7699 ], [ -118.8539, 50.76649 ], [ -118.85802, 50.75734 ], [ -118.87781, 50.75896 ], [ -118.88304, 50.75042 ], [ -119.1803, 50.7501 ], [ -119.18337, 50.52781 ], [ -119.30847, 50.5286 ], [ -119.30802, 50.50027 ], [ -119.29633, 50.50033 ], [ -119.2962, 50.49288 ], [ -119.26318, 50.49282 ], [ -119.26319, 50.48497 ], [ -119.29747, 50.4849 ], [ -119.29738, 50.47135 ], [ -119.32893, 50.46998 ], [ -119.31778, 50.41615 ], [ -119.44571, 50.41596 ], [ -119.44637, 50.43085 ], [ -119.52493, 50.43103 ], [ -119.52581, 50.44522 ], [ -119.58186, 50.4457 ], [ -119.58167, 50.4308 ], [ -119.60611, 50.43101 ], [ -119.60611, 50.41629 ], [ -119.6286, 50.41645 ], [ -119.62844, 50.40215 ], [ -119.65139, 50.40205 ], [ -119.65117, 50.47187 ], [ -119.66716, 50.48161 ], [ -119.65083, 50.48533 ], [ -119.64991, 50.57482 ], [ -119.5255, 50.57657 ], [ -119.52467, 50.75095 ], [ -119.4621, 50.75058 ], [ -119.46128, 50.78553 ], [ -119.4721, 50.78547 ], [ -119.47227, 50.80039 ], [ -119.46171, 50.8002 ], [ -119.4608, 50.83839 ], [ -119.51648, 50.83861 ], [ -119.51682, 50.86735 ], [ -119.57437, 50.86694 ], [ -119.59033, 50.85369 ], [ -119.60513, 50.85393 ], [ -119.60123, 50.86268 ], [ -119.62587, 50.87842 ], [ -119.64959, 50.85899 ], [ -119.66966, 50.86558 ], [ -119.66435, 50.92539 ], [ -119.64232, 50.92571 ], [ -119.67532, 50.96982 ], [ -119.70453, 50.9837 ], [ -119.53692, 50.98359 ], [ -119.54807, 51.01103 ], [ -119.52169, 51.03265 ], [ -119.50713, 51.06665 ], [ -119.5257, 51.10665 ], [ -119.50866, 51.11857 ], [ -119.50945, 51.14321 ], [ -119.48393, 51.17373 ], [ -119.43966, 51.18228 ], [ -119.44069, 51.22177 ], [ -119.38667, 51.24127 ], [ -119.37088, 51.25549 ], [ -119.29399, 51.24634 ], [ -119.23722, 51.26811 ], [ -119.22452, 51.2799 ], [ -119.22099, 51.31112 ], [ -119.19242, 51.31761 ], [ -119.18705, 51.3545 ], [ -119.13359, 51.36562 ], [ -119.09153, 51.39503 ], [ -119.07616, 51.38939 ], [ -119.05879, 51.39501 ], [ -119.02903, 51.4229 ], [ -119.00029, 51.4306 ], [ -118.95345, 51.46131 ], [ -118.9647, 51.49064 ], [ -118.95019, 51.5074 ], [ -118.98369, 51.54236 ], [ -118.96613, 51.57496 ], [ -118.97293, 51.59545 ], [ -118.95776, 51.60114 ], [ -118.98318, 51.63523 ], [ -118.97093, 51.65208 ], [ -119.00994, 51.68726 ], [ -118.93783, 51.70272 ], [ -118.92387, 51.68956 ], [ -118.91844, 51.71742 ], [ -118.88551, 51.7331 ], [ -118.8974, 51.76345 ], [ -118.88581, 51.78299 ], [ -118.94207, 51.79332 ], [ -118.96503, 51.82434 ], [ -118.94776, 51.83399 ], [ -118.95029, 51.84948 ], [ -118.99013, 51.86455 ], [ -118.96595, 51.88711 ], [ -118.98775, 51.9313 ], [ -118.91387, 51.92675 ], [ -118.89103, 51.95407 ], [ -118.97185, 51.97722 ], [ -118.94177, 52.03041 ], [ -118.85131, 52.04936 ], [ -118.84823, 52.05814 ], [ -118.87281, 52.07602 ], [ -118.85455, 52.08802 ], [ -118.86669, 52.10242 ], [ -118.82901, 52.16794 ], [ -118.75198, 52.18515 ], [ -118.72424, 52.16163 ], [ -118.69415, 52.16666 ], [ -118.67629, 52.15146 ], [ -118.62863, 52.18269 ], [ -118.58241, 52.193 ], [ -118.55577, 52.233 ], [ -118.56352, 52.25838 ], [ -118.54079, 52.27293 ], [ -118.50157, 52.28167 ], [ -118.48916, 52.29913 ], [ -118.49312, 52.3125 ], [ -118.44035, 52.32467 ], [ -118.42596, 52.33613 ], [ -118.39524, 52.33485 ], [ -118.35365, 52.36605 ], [ -118.31711, 52.36778 ], [ -118.28976, 52.33895 ], [ -118.2542, 52.34797 ], [ -118.23994, 52.37487 ], [ -118.22602, 52.38029 ], [ -118.21277, 52.37034 ], [ -118.18009, 52.3726 ], [ -118.18207, 52.3828 ], [ -118.13805, 52.4075 ], [ -118.04417, 52.39846 ], [ -118.03036, 52.43808 ], [ -118.0529, 52.44956 ], [ -118.05069, 52.45715 ], [ -118.02113, 52.45553 ], [ -118.0133, 52.48389 ], [ -117.98783, 52.50001 ] ] ] } },
{ "type": "Feature", "properties": { "cduid": "5941", "cd_name": "Cariboo", "hazard_score": 0.020756380389922044, "annual_burn_share": 0.0060536036973257842, "owner_households": 20930.0 }, "geometry": { "type": "Polygon", "coordinates": [ [ [ -126.30055, 53.00011 ], [ -125.00033, 53.00028 ], [ -125.00172, 53.44684 ], [ -124.98383, 53.43153 ], [ -124.93416, 53.43887 ], [ -124.89882, 53.43531 ], [ -124.85508, 53.39646 ], [ -124.80589, 53.3691 ], [ -124.7283, 53.3554 ], [ -124.68117, 53.38413 ], [ -124.68752, 53.39954 ], [ -124.66124, 53.40871 ], [ -124.64734, 53.40755 ], [ -124.62885, 53.38603 ], [ -124.51576, 53.39465 ], [ -124.53745, 53.43621 ], [ -124.52092, 53.4504 ], [ -124.56115, 53.46747 ], [ -124.51848, 53.47697 ], [ -124.5092, 53.50144 ], [ -124.53684, 53.52481 ], [ -124.52804, 53.53111 ], [ -124.3813, 53.50186 ], [ -124.38127, 53.49687 ], [ -124.40433, 53.49515 ], [ -124.38616, 53.48526 ], [ -124.38098, 53.45482 ], [ -124.33767, 53.46104 ], [ -124.29469, 53.45552 ], [ -124.27971, 53.46097 ], [ -124.28082, 53.48044 ], [ -124.25385, 53.46652 ], [ -124.24624, 53.45289 ], [ -124.21566, 53.44369 ], [ -124.21538, 53.42065 ], [ -124.14476, 53.40824 ], [ -124.10863, 53.41203 ], [ -124.1046, 53.43114 ], [ -124.04656, 53.43218 ], [ -123.99756, 53.444 ], [ -123.99763, 53.48431 ], [ -123.41988, 53.48351 ], [ -123.41896, 53.47018 ], [ -123.30171, 53.47023 ], [ -123.30512, 53.28364 ], [ -123.29216, 53.28114 ], [ -123.26573, 53.29448 ], [ -123.21469, 53.30155 ], [ -123.19037, 53.29555 ], [ -123.16722, 53.29942 ], [ -123.16745, 53.29185 ], [ -123.14332, 53.28732 ], [ -123.09846, 53.29397 ], [ -123.07669, 53.2877 ], [ -123.06052, 53.29062 ], [ -123.05593, 53.3004 ], [ -123.02336, 53.29021 ], [ -123.01285, 53.27626 ], [ -122.99182, 53.28463 ], [ -122.96886, 53.28133 ], [ -122.96598, 53.30093 ], [ -122.94705, 53.29355 ], [ -122.91224, 53.29965 ], [ -122.89784, 53.31483 ], [ -122.88925, 53.30396 ], [ -122.87295, 53.31177 ], [ -122.88483, 53.32524 ], [ -122.85133, 53.34976 ], [ -122.83495, 53.37473 ], [ -122.76843, 53.38595 ], [ -122.73446, 53.38253 ], [ -122.6916, 53.39176 ], [ -122.66921, 53.37939 ], [ -122.63653, 53.3865 ], [ -122.63594, 53.37592 ], [ -122.61246, 53.37243 ], [ -122.34862, 53.37349 ], [ -122.34505, 53.39942 ], [ -122.32642, 53.41166 ], [ -122.34811, 53.44008 ], [ -122.33627, 53.45013 ], [ -122.28707, 53.45002 ], [ -122.27543, 53.45601 ], [ -121.57134, 53.45255 ], [ -121.55543, 53.43939 ], [ -121.2883, 53.44571 ], [ -121.26405, 53.40322 ], [ -121.22816, 53.38473 ], [ -121.19769, 53.37906 ], [ -121.1872, 53.38934 ], [ -121.19194, 53.40058 ], [ -121.17402, 53.39643 ], [ -121.15998, 53.38128 ], [ -121.14249, 53.37977 ], [ -121.12722, 53.39797 ], [ -121.07348, 53.39316 ], [ -121.02441, 53.42771 ], [ -121.00829, 53.4304 ], [ -120.99828, 53.38304 ], [ -121.01819, 53.32977 ], [ -120.98022, 53.31359 ], [ -120.97606, 53.28088 ], [ -120.94144, 53.28311 ], [ -120.93754, 53.30058 ], [ -120.92281, 53.30707 ], [ -120.85298, 53.28164 ], [ -120.81116, 53.28785 ], [ -120.78748, 53.25664 ], [ -120.70899, 53.26383 ], [ -120.59846, 53.1886 ], [ -120.5754, 53.1926 ], [ -120.47061, 53.15341 ], [ -120.46114, 53.12178 ], [ -120.42268, 53.10657 ], [ -120.41505, 53.09181 ], [ -120.42529, 53.06784 ], [ -120.47424, 53.06554 ], [ -120.48842, 53.05455 ], [ -120.4342, 52.97263 ], [ -120.41124, 52.9643 ], [ -120.37676, 52.96477 ], [ -120.32703, 52.92478 ], [ -120.30084, 52.9212 ], [ -120.26935, 52.92887 ], [ -120.22713, 52.91832 ], [ -120.20833, 52.93284 ], [ -120.15913, 52.92134 ], [ -120.16587, 52.89851 ], [ -120.14255, 52.87674 ], [ -120.16527, 52.86197 ], [ -120.17725, 52.86003 ], [ -120.21837, 52.87787 ], [ -120.2425, 52.86151 ], [ -120.25954, 52.85962 ], [ -120.28273, 52.86867 ], [ -120.31292, 52.85871 ], [ -120.33423, 52.83314 ], [ -120.30244, 52.81511 ], [ -120.3397, 52.78823 ], [ -120.29036, 52.77199 ], [ -120.29363, 52.76347 ], [ -120.27378, 52.74592 ], [ -120.29369, 52.7256 ], [ -120.26912, 52.71288 ], [ -120.2869, 52.70501 ], [ -120.25491, 52.68413 ], [ -120.28973, 52.65775 ], [ -120.23528, 52.63471 ], [ -120.23769, 52.62077 ], [ -120.26789, 52.60831 ], [ -120.29368, 52.60763 ], [ -120.29158, 52.58736 ], [ -120.30313, 52.58836 ], [ -120.31617, 52.56636 ], [ -120.32555, 52.57221 ], [ -120.33321, 52.56675 ], [ -120.36301, 52.52814 ], [ -120.38965, 52.53709 ], [ -120.40768, 52.53448 ], [ -120.44973, 52.51055 ], [ -120.5094, 52.49474 ], [ -120.54215, 52.46612 ], [ -120.45922, 52.42124 ], [ -120.4598, 52.41172 ], [ -120.52109, 52.37975 ], [ -120.52694, 52.34981 ], [ -120.51755, 52.34397 ], [ -120.53485, 52.3294 ], [ -120.50785, 52.32512 ], [ -120.46647, 52.30442 ], [ -120.49348, 52.28048 ], [ -120.43709, 52.23875 ], [ -120.44118, 52.23215 ], [ -120.42075, 52.21002 ], [ -120.3951, 52.20423 ], [ -120.38696, 52.17855 ], [ -120.40761, 52.14426 ], [ -120.37853, 52.13344 ], [ -120.34744, 52.15582 ], [ -120.32455, 52.15533 ], [ -120.30812, 52.14033 ], [ -120.31668, 52.12095 ], [ -120.29367, 52.08262 ], [ -120.31438, 52.06854 ], [ -120.32034, 52.03917 ], [ -120.31699, 52.02765 ], [ -120.2887, 52.01974 ], [ -120.28839, 52.01287 ], [ -120.30579, 52.01291 ], [ -120.34531, 51.97548 ], [ -120.33102, 51.96812 ], [ -120.31631, 51.97612 ], [ -120.29832, 51.96857 ], [ -120.27369, 51.97429 ], [ -120.26846, 51.95084 ], [ -120.24631, 51.93151 ], [ -120.24798, 51.91233 ], [ -120.27237, 51.88877 ], [ -120.25745, 51.87262 ], [ -120.22396, 51.86659 ], [ -120.2192, 51.82863 ], [ -120.30501, 51.83145 ], [ -120.31953, 51.81991 ], [ -120.32899, 51.77565 ], [ -120.34864, 51.76802 ], [ -120.37576, 51.7695 ], [ -120.37936, 51.76238 ], [ -120.34359, 51.74753 ], [ -120.34567, 51.72759 ], [ -120.37243, 51.72207 ], [ -120.39127, 51.70401 ], [ -120.43297, 51.71216 ], [ -120.48131, 51.70435 ], [ -120.55842, 51.66455 ], [ -120.56073, 51.43462 ], [ -120.83347, 51.43516 ], [ -120.94833, 51.4451 ], [ -121.00149, 51.43895 ], [ -121.00537, 51.42909 ], [ -121.12352, 51.44089 ], [ -121.17179, 51.43089 ], [ -121.28223, 51.37679 ], [ -121.42064, 51.37756 ], [ -121.42616, 51.4367 ], [ -121.47381, 51.43645 ], [ -121.47558, 51.44595 ], [ -121.52514, 51.45105 ], [ -121.52663, 51.54772 ], [ -121.6305, 51.54738 ], [ -121.63108, 51.56405 ], [ -121.88589, 51.56613 ], [ -121.88573, 51.51785 ], [ -122.28227, 51.5159 ], [ -122.29134, 51.52291 ], [ -122.33008, 51.52423 ], [ -122.4086, 51.51582 ], [ -122.44356, 51.50352 ], [ -122.46919, 51.48212 ], [ -122.55971, 51.48512 ], [ -122.55938, 51.43544 ], [ -122.62412, 51.41721 ], [ -122.63824, 51.40628 ], [ -122.61324, 51.37282 ], [ -122.64515, 51.33923 ], [ -122.65032, 51.31905 ], [ -122.66455, 51.31678 ], [ -122.67573, 51.30234 ], [ -122.67488, 51.27437 ], [ -122.62511, 51.24682 ], [ -122.56066, 51.24436 ], [ -122.53027, 51.20919 ], [ -122.54763, 51.20181 ], [ -122.55801, 51.18435 ], [ -122.59414, 51.17339 ], [ -122.6025, 51.14257 ], [ -122.58662, 51.1276 ], [ -122.59401, 51.11335 ], [ -122.57939, 51.10341 ], [ -122.60412, 51.08624 ], [ -122.63383, 51.08151 ], [ -122.6835, 51.10407 ], [ -122.70748, 51.12504 ], [ -122.71024, 51.16239 ], [ -122.74303, 51.15911 ], [ -122.77605, 51.13762 ], [ -122.79092, 51.14879 ], [ -122.82252, 51.14479 ], [ -122.90526, 51.1839 ], [ -123.03316, 51.20065 ], [ -123.06794, 51.22032 ], [ -123.08003, 51.21229 ], [ -123.04914, 51.14354 ], [ -123.08811, 51.13272 ], [ -123.10927, 51.1394 ], [ -123.12869, 51.1326 ], [ -123.14672, 51.12273 ], [ -123.18232, 51.07227 ], [ -123.2351, 51.05809 ], [ -123.25519, 51.02547 ], [ -123.24344, 51.00039 ], [ -123.29453, 50.99461 ], [ -123.31384, 50.98126 ], [ -123.32548, 50.99139 ], [ -123.35956, 50.99041 ], [ -123.38382, 51.00432 ], [ -123.40226, 50.98823 ], [ -123.45175, 50.9808 ], [ -123.50289, 50.95887 ], [ -123.55259, 50.92814 ], [ -123.57744, 50.93133 ], [ -123.61712, 50.89701 ], [ -123.65508, 50.90149 ], [ -123.66679, 50.87694 ], [ -123.69891, 50.88523 ], [ -123.75822, 50.88346 ], [ -123.76579, 50.91079 ], [ -123.83153, 50.90449 ], [ -123.82724, 50.92409 ], [ -123.87486, 50.9507 ], [ -123.89421, 50.94005 ], [ -123.90979, 50.94419 ], [ -123.91648, 50.93694 ], [ -123.93666, 50.93618 ], [ -123.94344, 50.94634 ], [ -124.00227, 50.96474 ], [ -124.00225, 50.95817 ], [ -124.04217, 50.94262 ], [ -124.07343, 50.98507 ], [ -124.09063, 50.99171 ], [ -124.08715, 51.0097 ], [ -124.1139, 51.01498 ], [ -124.16019, 51.04229 ], [ -124.17317, 51.06148 ], [ -124.15989, 51.07778 ], [ -124.17026, 51.08812 ], [ -124.17563, 51.13212 ], [ -124.24527, 51.14853 ], [ -124.29732, 51.13743 ], [ -124.35088, 51.14692 ], [ -124.37597, 51.14267 ], [ -124.36897, 51.20009 ], [ -124.42984, 51.16887 ], [ -124.41984, 51.15727 ], [ -124.43378, 51.1484 ], [ -124.5448, 51.17954 ], [ -124.58083, 51.18108 ], [ -124.67675, 51.21925 ], [ -124.68661, 51.20445 ], [ -124.71469, 51.2256 ], [ -124.76203, 51.23822 ], [ -124.78226, 51.28909 ], [ -124.79976, 51.30542 ], [ -124.87909, 51.32093 ], [ -124.88787, 51.33039 ], [ -124.96529, 51.32825 ], [ -124.96929, 51.33897 ], [ -125.00901, 51.34972 ], [ -125.06193, 51.35739 ], [ -125.0757, 51.35253 ], [ -125.13119, 51.36407 ], [ -125.17057, 51.37691 ], [ -125.17137, 51.39204 ], [ -125.18535, 51.4002 ], [ -125.2146, 51.39229 ], [ -125.251, 51.39374 ], [ -125.26667, 51.37686 ], [ -125.32663, 51.39587 ], [ -125.34137, 51.42633 ], [ -125.33154, 51.45002 ], [ -125.31163, 51.4594 ], [ -125.3452, 51.47891 ], [ -125.33784, 51.48534 ], [ -125.28956, 51.4756 ], [ -125.27866, 51.48653 ], [ -125.28899, 51.50483 ], [ -125.24866, 51.51056 ], [ -125.24185, 51.51816 ], [ -125.26748, 51.54907 ], [ -125.23788, 51.55975 ], [ -125.23532, 51.5703 ], [ -125.29603, 51.58939 ], [ -125.29202, 51.60933 ], [ -125.22907, 51.64437 ], [ -125.2484, 51.67574 ], [ -125.23508, 51.7 ], [ -125.25655, 51.72323 ], [ -125.23775, 51.74859 ], [ -125.27447, 51.77239 ], [ -125.32803, 51.78013 ], [ -125.34887, 51.79066 ], [ -125.37946, 51.78933 ], [ -125.41862, 51.82327 ], [ -125.40628, 51.83814 ], [ -125.46301, 51.84047 ], [ -125.46631, 51.86418 ], [ -125.51362, 51.8682 ], [ -125.48747, 51.91582 ], [ -125.5155, 51.93393 ], [ -125.52858, 51.93885 ], [ -125.5393, 51.9331 ], [ -125.53558, 51.91265 ], [ -125.57529, 51.91336 ], [ -125.57481, 51.9315 ], [ -125.60442, 51.96724 ], [ -125.59807, 51.97432 ], [ -125.61188, 51.97715 ], [ -125.61632, 51.98786 ], [ -125.5796, 52.05557 ], [ -125.64427, 52.05204 ], [ -125.6591, 52.06056 ], [ -125.66191, 52.10038 ], [ -125.67389, 52.10917 ], [ -125.66884, 52.12203 ], [ -125.62986, 52.13963 ], [ -125.6296, 52.14916 ], [ -125.57368, 52.158 ], [ -125.57295, 52.17305 ], [ -125.54559, 52.16742 ], [ -125.46262, 52.18692 ], [ -125.45136, 52.20455 ], [ -125.45781, 52.21426 ], [ -125.50267, 52.22926 ], [ -125.51381, 52.24269 ], [ -125.48539, 52.25275 ], [ -125.46871, 52.28642 ], [ -125.42841, 52.27612 ], [ -125.40059, 52.30828 ], [ -125.37791, 52.31747 ], [ -125.38281, 52.32956 ], [ -125.34948, 52.33719 ], [ -125.35574, 52.37598 ], [ -125.38404, 52.39573 ], [ -125.42969, 52.40451 ], [ -125.47978, 52.40219 ], [ -125.48938, 52.43197 ], [ -125.47575, 52.45291 ], [ -125.45742, 52.45846 ], [ -125.45602, 52.47154 ], [ -125.53014, 52.49701 ], [ -125.62046, 52.51115 ], [ -125.74951, 52.47969 ], [ -125.75846, 52.48688 ], [ -125.74659, 52.49835 ], [ -125.79936, 52.52523 ], [ -125.79003, 52.53381 ], [ -125.809, 52.54062 ], [ -125.80181, 52.55038 ], [ -125.82653, 52.55806 ], [ -125.82417, 52.57699 ], [ -125.85459, 52.57922 ], [ -125.86655, 52.6106 ], [ -125.84968, 52.61984 ], [ -125.85564, 52.63213 ], [ -125.93743, 52.62227 ], [ -125.95817, 52.60298 ], [ -125.98799, 52.6193 ], [ -126.0107, 52.61384 ], [ -126.00658, 52.60212 ], [ -126.04678, 52.58157 ], [ -126.06687, 52.57979 ], [ -126.09257, 52.59407 ], [ -126.11829, 52.58812 ], [ -126.13603, 52.57691 ], [ -126.13777, 52.54986 ], [ -126.15401, 52.54563 ], [ -126.21227, 52.49494 ], [ -126.27041, 52.54121 ], [ -126.30081, 52.54531 ], [ -126.31799, 52.51834 ], [ -126.34437, 52.52452 ], [ -126.38468, 52.57833 ], [ -126.41048, 52.59323 ], [ -126.39632, 52.60257 ], [ -126.44567, 52.65417 ], [ -126.41658, 52.66149 ], [ -126.41139, 52.68886 ], [ -126.37857, 52.69501 ], [ -126.36112, 52.70693 ], [ -126.34603, 52.70209 ], [ -126.34949, 52.73181 ], [ -126.33353, 52.7516 ], [ -126.33566, 52.82953 ], [ -126.37025, 52.82291 ], [ -126.41616, 52.79423 ], [ -126.44332, 52.79544 ], [ -126.45411, 52.7844 ], [ -126.53028, 52.77515 ], [ -126.55585, 52.79235 ], [ -126.55351, 52.81525 ], [ -126.60112, 52.81298 ], [ -126.61276, 52.83438 ], [ -126.6392, 52.84601 ], [ -126.58735, 52.87938 ], [ -126.59776, 52.91348 ], [ -126.64606, 52.94193 ], [ -126.62372, 52.97149 ], [ -126.6356, 52.98427 ], [ -126.60911, 53.00028 ], [ -126.30055, 53.00011 ] ] ] } },
{ "type": "Feature", "properties": { "cduid": "5943", "cd_name": "Mount Waddington", "hazard_score": 0.0017577845798380236, "annual_burn_share": 0.00051265832634172853, "owner_households": 3490.0 }, "geometry": { "type": "MultiPolygon", "coordinates": [ [ [ [ -128.35747, 50.80334 ], [ -128.33127, 50.80672 ], [ -128.31253, 50.79429 ], [ -128.27372, 50.80672 ], [ -128.24892, 50.80339 ], [ -128.21147, 50.83401 ], [ -128.18526, 50.83418 ], [ -128.1776, 50.84365 ], [ -128.12841, 50.83879 ], [ -128.10311, 50.86653 ], [ -128.06618, 50.86999 ], [ -128.05359, 50.87683 ], [ -128.05172, 50.86762 ], [ -128.04104, 50.86562 ], [ -128.03764, 50.86398 ], [ -128.0148, 50.86675 ], [ -128.00831, 50.8587 ], [ -127.94843, 50.87421 ], [ -127.90614, 50.8748 ], [ -127.90111, 50.87193 ], [ -127.87397, 50.86616 ], [ -127.86739, 50.84579 ], [ -127.85435, 50.85502 ], [ -127.75821, 50.83674 ], [ -127.58085, 50.79006 ], [ -127.57593, 50.78336 ], [ -127.55099, 50.78335 ], [ -127.51328, 50.77377 ], [ -127.51337, 50.76819 ], [ -127.48519, 50.76584 ], [ -127.49787, 50.74416 ], [ -127.49393, 50.71486 ], [ -127.47781, 50.69808 ], [ -127.46952, 50.70282 ], [ -127.48282, 50.71614 ], [ -127.44114, 50.73241 ], [ -127.44553, 50.73508 ], [ -127.45005, 50.74499 ], [ -127.40788, 50.74741 ], [ -127.42635, 50.71307 ], [ -127.41734, 50.69606 ], [ -127.38373, 50.6999 ], [ -127.33869, 50.67184 ], [ -127.28274, 50.65891 ], [ -127.21333, 50.62781 ], [ -127.19431, 50.61333 ], [ -127.20172, 50.61421 ], [ -127.19299, 50.61002 ], [ -127.17411, 50.61283 ], [ -127.179, 50.61516 ], [ -127.14264, 50.60787 ], [ -127.12892, 50.61323 ], [ -127.07874, 50.60437 ], [ -127.13397, 50.60172 ], [ -127.13384, 50.59163 ], [ -126.99868, 50.58586 ], [ -126.97938, 50.58011 ], [ -126.9826, 50.56753 ], [ -126.96814, 50.56014 ], [ -126.90594, 50.56115 ], [ -126.85446, 50.55197 ], [ -126.88196, 50.54169 ], [ -126.86722, 50.52798 ], [ -126.84374, 50.54554 ], [ -126.8218, 50.55027 ], [ -126.82006, 50.54215 ], [ -126.78238, 50.54372 ], [ -126.78371, 50.53902 ], [ -126.61662, 50.49628 ], [ -126.60784, 50.48489 ], [ -126.58822, 50.48073 ], [ -126.56846, 50.48919 ], [ -126.43426, 50.47704 ], [ -126.35973, 50.48339 ], [ -126.31589, 50.48007 ], [ -126.2822, 50.46466 ], [ -126.25371, 50.47336 ], [ -126.19329, 50.45959 ], [ -126.17589, 50.46343 ], [ -126.17136, 50.45671 ], [ -126.10997, 50.45383 ], [ -126.11108, 50.39759 ], [ -126.08118, 50.3964 ], [ -126.05601, 50.40462 ], [ -126.0208, 50.36684 ], [ -125.99404, 50.35625 ], [ -125.99486, 50.34039 ], [ -126.03892, 50.34475 ], [ -126.05485, 50.33959 ], [ -126.05169, 50.32637 ], [ -126.03722, 50.32277 ], [ -126.04017, 50.30786 ], [ -126.00931, 50.30408 ], [ -125.9954, 50.28219 ], [ -126.02771, 50.25922 ], [ -126.04458, 50.18056 ], [ -126.09324, 50.1781 ], [ -126.10081, 50.15951 ], [ -126.117, 50.15798 ], [ -126.12945, 50.14195 ], [ -126.14917, 50.14422 ], [ -126.16766, 50.13132 ], [ -126.16034, 50.12143 ], [ -126.22573, 50.12317 ], [ -126.21795, 50.11 ], [ -126.24171, 50.10032 ], [ -126.22576, 50.08053 ], [ -126.23786, 50.08326 ], [ -126.25423, 50.069 ], [ -126.24487, 50.05793 ], [ -126.23522, 50.06073 ], [ -126.23812, 50.04515 ], [ -126.22669, 50.03562 ], [ -126.23777, 50.02505 ], [ -126.22629, 50.01623 ], [ -126.28183, 49.9885 ], [ -126.32603, 49.95378 ], [ -126.34843, 49.95055 ], [ -126.35662, 49.94262 ], [ -126.34266, 49.92436 ], [ -126.38883, 49.90675 ], [ -126.43167, 49.91709 ], [ -126.46599, 49.90882 ], [ -126.4772, 49.91971 ], [ -126.46952, 49.92904 ], [ -126.47813, 49.95227 ], [ -126.49399, 49.96389 ], [ -126.51205, 49.96062 ], [ -126.57157, 49.99024 ], [ -126.54722, 50.01355 ], [ -126.56236, 50.02085 ], [ -126.55874, 50.02947 ], [ -126.60787, 50.02141 ], [ -126.62792, 50.0282 ], [ -126.66599, 50.01736 ], [ -126.69321, 50.03255 ], [ -126.69789, 50.05966 ], [ -126.67768, 50.07326 ], [ -126.65486, 50.07099 ], [ -126.64706, 50.09336 ], [ -126.66539, 50.09068 ], [ -126.70296, 50.11471 ], [ -126.74711, 50.10345 ], [ -126.79101, 50.12479 ], [ -126.78647, 50.13943 ], [ -126.77244, 50.13624 ], [ -126.76557, 50.14444 ], [ -126.78941, 50.16691 ], [ -126.78117, 50.17858 ], [ -126.8208, 50.17109 ], [ -126.82008, 50.14337 ], [ -126.83962, 50.13876 ], [ -126.885, 50.16423 ], [ -126.90367, 50.19015 ], [ -126.91818, 50.19414 ], [ -126.94061, 50.18258 ], [ -126.99052, 50.18164 ], [ -126.98959, 50.22156 ], [ -126.97281, 50.24027 ], [ -126.99887, 50.25002 ], [ -126.99894, 50.27939 ], [ -127.02455, 50.28831 ], [ -127.04816, 50.3131 ], [ -127.04682, 50.32315 ], [ -127.06491, 50.32672 ], [ -127.06696, 50.33598 ], [ -127.09477, 50.3403 ], [ -127.09734, 50.32251 ], [ -127.11237, 50.32414 ], [ -127.14165, 50.3036 ], [ -127.17872, 50.26281 ], [ -127.20156, 50.2753 ], [ -127.22546, 50.26446 ], [ -127.25703, 50.28315 ], [ -127.29439, 50.28004 ], [ -127.2911, 50.24011 ], [ -127.31309, 50.23081 ], [ -127.33393, 50.232 ], [ -127.38226, 50.2605 ], [ -127.41039, 50.25048 ], [ -127.42104, 50.2588 ], [ -127.52145, 50.27723 ], [ -127.54209, 50.29206 ], [ -127.56265, 50.29225 ], [ -127.59909, 50.28111 ], [ -127.59808, 50.26711 ], [ -127.63854, 50.25023 ], [ -127.63978, 50.23958 ], [ -127.66186, 50.23977 ], [ -127.69553, 50.21136 ], [ -127.70134, 50.18934 ], [ -127.73473, 50.18965 ], [ -127.74128, 50.18338 ], [ -127.72709, 50.17571 ], [ -127.73622, 50.1638 ], [ -127.75777, 50.1645 ], [ -127.77138, 50.14681 ], [ -127.82791, 50.14531 ], [ -127.8435, 50.13723 ], [ -127.86085, 50.14223 ], [ -127.90232, 50.11575 ], [ -127.92075, 50.12946 ], [ -127.83567, 50.1703 ], [ -127.81481, 50.19903 ], [ -127.79997, 50.1952 ], [ -127.78141, 50.19946 ], [ -127.80425, 50.20021 ], [ -127.79223, 50.20865 ], [ -127.80168, 50.22035 ], [ -127.77462, 50.22142 ], [ -127.75939, 50.23759 ], [ -127.73588, 50.23766 ], [ -127.7226, 50.24149 ], [ -127.73478, 50.2474 ], [ -127.71998, 50.26433 ], [ -127.74394, 50.24305 ], [ -127.74736, 50.25328 ], [ -127.77396, 50.24512 ], [ -127.796, 50.24814 ], [ -127.79943, 50.24666 ], [ -127.80635, 50.25321 ], [ -127.81611, 50.25795 ], [ -127.8243, 50.2585 ], [ -127.82412, 50.26078 ], [ -127.83214, 50.26329 ], [ -127.84194, 50.27162 ], [ -127.84441, 50.27137 ], [ -127.84604, 50.27378 ], [ -127.84734, 50.27399 ], [ -127.84866, 50.27371 ], [ -127.84831, 50.27698 ], [ -127.85371, 50.28077 ], [ -127.85538, 50.28019 ], [ -127.85632, 50.28639 ], [ -127.86082, 50.2878 ], [ -127.86312, 50.28673 ], [ -127.864, 50.28903 ], [ -127.81289, 50.29722 ], [ -127.7993, 50.31823 ], [ -127.75367, 50.30238 ], [ -127.71751, 50.29618 ], [ -127.72411, 50.30144 ], [ -127.79261, 50.32533 ], [ -127.83708, 50.30742 ], [ -127.85781, 50.31287 ], [ -127.87453, 50.34425 ], [ -127.87974, 50.34261 ], [ -127.88842, 50.34257 ], [ -127.90187, 50.33954 ], [ -127.91433, 50.32837 ], [ -127.92113, 50.32589 ], [ -127.94325, 50.32501 ], [ -127.94021, 50.32015 ], [ -127.97644, 50.3246 ], [ -127.97511, 50.3346 ], [ -127.99551, 50.35069 ], [ -127.96921, 50.35216 ], [ -127.95888, 50.37981 ], [ -127.97097, 50.38836 ], [ -127.96032, 50.38843 ], [ -127.95866, 50.4011 ], [ -127.94704, 50.40047 ], [ -127.95021, 50.41056 ], [ -127.91939, 50.4264 ], [ -127.93992, 50.43712 ], [ -127.93683, 50.46431 ], [ -127.91586, 50.46627 ], [ -127.89087, 50.45403 ], [ -127.86049, 50.4592 ], [ -127.843, 50.47049 ], [ -127.80883, 50.45669 ], [ -127.77078, 50.48284 ], [ -127.75426, 50.47624 ], [ -127.68523, 50.49064 ], [ -127.66364, 50.48367 ], [ -127.61384, 50.48189 ], [ -127.61365, 50.4833 ], [ -127.62632, 50.48899 ], [ -127.62621, 50.49469 ], [ -127.61006, 50.48287 ], [ -127.5953, 50.48859 ], [ -127.58129, 50.4804 ], [ -127.59014, 50.48658 ], [ -127.58561, 50.4907 ], [ -127.53307, 50.44537 ], [ -127.49596, 50.39334 ], [ -127.45211, 50.3725 ], [ -127.44835, 50.34981 ], [ -127.43489, 50.34215 ], [ -127.44225, 50.37924 ], [ -127.48584, 50.40797 ], [ -127.48187, 50.419 ], [ -127.50161, 50.44558 ], [ -127.55634, 50.48649 ], [ -127.5773, 50.51631 ], [ -127.58264, 50.50418 ], [ -127.60895, 50.52434 ], [ -127.59237, 50.5307 ], [ -127.57856, 50.52634 ], [ -127.5808, 50.51944 ], [ -127.56198, 50.52441 ], [ -127.56265, 50.54304 ], [ -127.55082, 50.55529 ], [ -127.53161, 50.55107 ], [ -127.52297, 50.53854 ], [ -127.50975, 50.53355 ], [ -127.52849, 50.55844 ], [ -127.53853, 50.55879 ], [ -127.52984, 50.56764 ], [ -127.42081, 50.58155 ], [ -127.42712, 50.59917 ], [ -127.4239, 50.59948 ], [ -127.41895, 50.6037 ], [ -127.46342, 50.58704 ], [ -127.50633, 50.59635 ], [ -127.55441, 50.56874 ], [ -127.57927, 50.58392 ], [ -127.57161, 50.60217 ], [ -127.59968, 50.59337 ], [ -127.65227, 50.59997 ], [ -127.65239, 50.60756 ], [ -127.79126, 50.60496 ], [ -127.88091, 50.6222 ], [ -127.90091, 50.63597 ], [ -128.00861, 50.65374 ], [ -128.01636, 50.64779 ], [ -127.96, 50.63034 ], [ -127.92241, 50.62942 ], [ -127.87248, 50.61851 ], [ -127.8721, 50.61277 ], [ -127.763, 50.595 ], [ -127.76703, 50.5866 ], [ -127.61565, 50.58054 ], [ -127.55916, 50.55425 ], [ -127.56999, 50.53441 ], [ -127.5889, 50.53804 ], [ -127.59364, 50.54981 ], [ -127.60173, 50.55204 ], [ -127.59758, 50.54353 ], [ -127.61085, 50.53369 ], [ -127.62636, 50.53866 ], [ -127.66288, 50.53314 ], [ -127.79925, 50.49404 ], [ -127.80164, 50.48434 ], [ -127.83904, 50.48761 ], [ -127.83655, 50.49952 ], [ -127.8437, 50.50295 ], [ -127.82644, 50.49844 ], [ -127.82492, 50.50147 ], [ -127.86197, 50.50765 ], [ -127.87136, 50.5001 ], [ -127.87804, 50.50382 ], [ -127.87412, 50.48925 ], [ -127.89114, 50.48286 ], [ -127.89108, 50.47983 ], [ -127.92866, 50.48929 ], [ -127.93722, 50.47846 ], [ -127.94453, 50.48175 ], [ -127.95412, 50.48044 ], [ -127.96548, 50.47412 ], [ -127.96749, 50.46965 ], [ -127.96983, 50.4721 ], [ -127.9858, 50.47188 ], [ -127.99013, 50.46997 ], [ -127.99159, 50.46689 ], [ -127.9953, 50.46912 ], [ -128.00969, 50.46979 ], [ -128.0128, 50.48273 ], [ -128.0318, 50.50035 ], [ -128.00902, 50.51742 ], [ -128.00955, 50.5277 ], [ -127.99279, 50.52967 ], [ -127.96395, 50.54185 ], [ -127.94571, 50.54111 ], [ -127.94201, 50.54399 ], [ -127.89514, 50.51992 ], [ -127.93408, 50.54405 ], [ -127.99123, 50.54381 ], [ -128.02323, 50.53152 ], [ -128.01584, 50.52627 ], [ -128.03038, 50.51849 ], [ -128.02617, 50.50972 ], [ -128.05214, 50.48894 ], [ -128.08429, 50.50841 ], [ -128.09508, 50.50461 ], [ -128.09319, 50.49208 ], [ -128.0838, 50.48912 ], [ -128.08316, 50.50336 ], [ -128.02958, 50.46249 ], [ -128.04711, 50.4435 ], [ -128.06219, 50.46649 ], [ -128.07657, 50.46764 ], [ -128.07711, 50.47104 ], [ -128.07934, 50.47133 ], [ -128.07885, 50.47502 ], [ -128.08164, 50.47922 ], [ -128.09857, 50.47997 ], [ -128.09941, 50.47139 ], [ -128.10923, 50.47204 ], [ -128.11297, 50.4816 ], [ -128.14046, 50.50561 ], [ -128.14271, 50.50441 ], [ -128.14374, 50.50642 ], [ -128.14615, 50.50721 ], [ -128.15687, 50.5058 ], [ -128.16317, 50.50746 ], [ -128.16141, 50.51041 ], [ -128.17668, 50.52319 ], [ -128.21884, 50.53717 ], [ -128.21041, 50.55028 ], [ -128.24688, 50.57268 ], [ -128.23941, 50.5726 ], [ -128.22566, 50.58399 ], [ -128.22562, 50.59182 ], [ -128.22004, 50.59124 ], [ -128.21855, 50.58595 ], [ -128.21271, 50.58323 ], [ -128.20526, 50.58326 ], [ -128.20491, 50.58685 ], [ -128.19755, 50.5848 ], [ -128.19793, 50.58951 ], [ -128.19559, 50.58961 ], [ -128.19233, 50.5881 ], [ -128.1916, 50.58821 ], [ -128.19529, 50.58973 ], [ -128.1974, 50.58978 ], [ -128.1989, 50.58937 ], [ -128.19939, 50.58763 ], [ -128.19775, 50.58509 ], [ -128.20497, 50.58711 ], [ -128.21272, 50.58363 ], [ -128.21935, 50.59155 ], [ -128.22586, 50.59266 ], [ -128.22997, 50.58342 ], [ -128.27222, 50.60579 ], [ -128.30346, 50.60872 ], [ -128.31864, 50.62787 ], [ -128.3271, 50.6296 ], [ -128.32548, 50.63515 ], [ -128.32805, 50.63917 ], [ -128.31803, 50.64087 ], [ -128.31735, 50.64763 ], [ -128.29353, 50.64832 ], [ -128.28329, 50.65434 ], [ -128.27325, 50.67385 ], [ -128.29239, 50.67799 ], [ -128.30908, 50.66483 ], [ -128.33697, 50.67165 ], [ -128.34537, 50.66531 ], [ -128.34415, 50.68642 ], [ -128.35137, 50.68976 ], [ -128.36041, 50.67143 ], [ -128.37336, 50.67556 ], [ -128.37786, 50.69181 ], [ -128.36329, 50.70191 ], [ -128.37351, 50.71695 ], [ -128.38977, 50.7275 ], [ -128.38409, 50.72822 ], [ -128.38426, 50.73057 ], [ -128.37149, 50.7328 ], [ -128.37155, 50.74062 ], [ -128.36318, 50.73759 ], [ -128.36739, 50.74546 ], [ -128.34931, 50.75974 ], [ -128.34661, 50.77971 ], [ -128.35637, 50.78034 ], [ -128.37356, 50.74138 ], [ -128.37636, 50.73763 ], [ -128.38712, 50.73581 ], [ -128.38862, 50.73476 ], [ -128.38867, 50.73739 ], [ -128.41199, 50.74392 ], [ -128.39831, 50.75066 ], [ -128.40162, 50.77096 ], [ -128.41912, 50.7667 ], [ -128.41808, 50.7686 ], [ -128.41921, 50.7699 ], [ -128.42204, 50.76915 ], [ -128.43222, 50.77171 ], [ -128.4298, 50.78629 ], [ -128.40806, 50.77581 ], [ -128.38524, 50.78528 ], [ -128.3587, 50.78517 ], [ -128.3504, 50.79539 ], [ -128.35747, 50.80334 ] ] ], [ [ [ -127.65564, 50.52314 ], [ -127.64368, 50.52455 ], [ -127.62638, 50.51835 ], [ -127.60583, 50.50102 ], [ -127.65182, 50.51317 ], [ -127.67357, 50.49924 ], [ -127.66969, 50.51827 ], [ -127.66167, 50.52212 ], [ -127.65831, 50.51696 ], [ -127.65438, 50.51459 ], [ -127.65086, 50.51518 ], [ -127.65564, 50.52314 ] ] ], [ [ [ -126.95224, 50.58773 ], [ -126.95859, 50.59405 ], [ -126.94999, 50.60226 ], [ -126.92099, 50.59383 ], [ -126.9064, 50.57719 ], [ -126.92195, 50.57751 ], [ -126.93648, 50.59321 ], [ -126.95224, 50.58773 ] ] ], [ [ [ -126.89481, 50.6713 ], [ -126.82402, 50.62518 ], [ -126.83195, 50.61889 ], [ -126.85808, 50.63406 ], [ -126.88737, 50.6199 ], [ -126.987, 50.62851 ], [ -127.0097, 50.61994 ], [ -127.03437, 50.64812 ], [ -127.0443, 50.6391 ], [ -127.08181, 50.63061 ], [ -127.15524, 50.63023 ], [ -127.157, 50.64651 ], [ -127.10424, 50.67332 ], [ -127.07885, 50.66554 ], [ -127.05616, 50.67079 ], [ -127.0265, 50.65661 ], [ -126.96691, 50.6641 ], [ -126.92892, 50.6543 ], [ -126.89481, 50.6713 ] ] ], [ [ [ -128.61897, 50.78206 ], [ -128.63413, 50.80144 ], [ -128.64005, 50.80171 ], [ -128.63224, 50.80795 ], [ -128.60575, 50.8103 ], [ -128.60297, 50.81847 ], [ -128.57213, 50.80551 ], [ -128.57096, 50.79683 ], [ -128.59827, 50.795 ], [ -128.61897, 50.78206 ] ] ], [ [ [ -128.71341, 50.81015 ], [ -128.70989, 50.83567 ], [ -128.66799, 50.82551 ], [ -128.65725, 50.80536 ], [ -128.68802, 50.79977 ], [ -128.69569, 50.80862 ], [ -128.71341, 50.81015 ] ] ], [ [ [ -127.55855, 50.82925 ], [ -127.59516, 50.83268 ], [ -127.59047, 50.85144 ], [ -127.56792, 50.84392 ], [ -127.58337, 50.84235 ], [ -127.56619, 50.83745 ], [ -127.55861, 50.83719 ], [ -127.55855, 50.82925 ] ] ], [ [ [ -127.62038, 50.85876 ], [ -127.61218, 50.85878 ], [ -127.61678, 50.85353 ], [ -127.61594, 50.83938 ], [ -127.61017, 50.83333 ], [ -127.61911, 50.82683 ], [ -127.64494, 50.86783 ], [ -127.63128, 50.85959 ], [ -127.62913, 50.8667 ], [ -127.61181, 50.86082 ], [ -127.62144, 50.85997 ], [ -127.62038, 50.85876 ] ] ], [ [ [ -127.48896, 50.88621 ], [ -127.491, 50.88636 ], [ -127.49016, 50.88776 ], [ -127.47695, 50.88471 ], [ -127.47511, 50.88512 ], [ -127.45193, 50.86667 ], [ -127.46721, 50.86899 ], [ -127.48176, 50.88269 ], [ -127.48896, 50.88621 ] ] ], [ [ [ -127.72297, 50.91453 ], [ -127.72015, 50.91302 ], [ -127.70767, 50.90806 ], [ -127.68911, 50.8943 ], [ -127.68652, 50.89486 ], [ -127.68576, 50.89048 ], [ -127.6821, 50.89009 ], [ -127.683, 50.8922 ], [ -127.67925, 50.89107 ], [ -127.67181, 50.87297 ], [ -127.67915, 50.86984 ], [ -127.67043, 50.86347 ], [ -127.67079, 50.87525 ], [ -127.65917, 50.87035 ], [ -127.64286, 50.84315 ], [ -127.66416, 50.85957 ], [ -127.65342, 50.83199 ], [ -127.75731, 50.86244 ], [ -127.76382, 50.85704 ], [ -127.78193, 50.86401 ], [ -127.7988, 50.8634 ], [ -127.84152, 50.87789 ], [ -127.83422, 50.89024 ], [ -127.75741, 50.91051 ], [ -127.73746, 50.90449 ], [ -127.73641, 50.91619 ], [ -127.72395, 50.91553 ], [ -127.72264, 50.91509 ], [ -127.72297, 50.91453 ] ] ], [ [ [ -127.51129, 50.8956 ], [ -127.51701, 50.89057 ], [ -127.51762, 50.87819 ], [ -127.53521, 50.89604 ], [ -127.51129, 50.8956 ] ] ], [ [ [ -129.07823, 50.86112 ], [ -129.09131, 50.85836 ], [ -129.08686, 50.86926 ], [ -129.07156, 50.86341 ], [ -129.0723, 50.85691 ], [ -129.07305, 50.85566 ], [ -129.07425, 50.8549 ], [ -129.07823, 50.86112 ] ] ], [ [ [ -127.53464, 50.89878 ], [ -127.54074, 50.90141 ], [ -127.54352, 50.90363 ], [ -127.54372, 50.90597 ], [ -127.55566, 50.91434 ], [ -127.5498, 50.91905 ], [ -127.53047, 50.9087 ], [ -127.53686, 50.90497 ], [ -127.53323, 50.89743 ], [ -127.53616, 50.89757 ], [ -127.53464, 50.89878 ] ] ], [ [ [ -127.90465, 50.94311 ], [ -127.89956, 50.94479 ], [ -127.89384, 50.9399 ], [ -127.8738, 50.93445 ], [ -127.838, 50.93385 ], [ -127.8439, 50.92896 ], [ -127.84716, 50.91508 ], [ -127.83245, 50.90468 ], [ -127.84134, 50.8984 ], [ -127.85464, 50.90189 ], [ -127.87802, 50.88855 ], [ -127.89884, 50.90383 ], [ -127.9061, 50.89622 ], [ -127.92976, 50.89502 ], [ -127.928, 50.91103 ], [ -127.93559, 50.92231 ], [ -127.9426, 50.89988 ], [ -127.98615, 50.905 ], [ -127.99664, 50.91494 ], [ -127.98058, 50.91988 ], [ -127.9412, 50.92266 ], [ -127.92249, 50.93281 ], [ -127.92177, 50.93544 ], [ -127.9263, 50.94141 ], [ -127.90823, 50.93644 ], [ -127.90465, 50.94311 ] ] ], [ [ [ -127.56638, 51.04697 ], [ -127.5961, 51.05054 ], [ -127.59557, 51.06161 ], [ -127.57383, 51.06242 ], [ -127.59024, 51.07668 ], [ -127.60052, 51.069 ], [ -127.58224, 51.06651 ], [ -127.61116, 51.06452 ], [ -127.5917, 51.08365 ], [ -127.5188, 51.08759 ], [ -127.52513, 51.05595 ], [ -127.55206, 51.04946 ], [ -127.55192, 51.05389 ], [ -127.56685, 51.05565 ], [ -127.56638, 51.04697 ] ] ], [ [ [ -126.72188, 50.57577 ], [ -126.72183, 50.5821 ], [ -126.70922, 50.57896 ], [ -126.69658, 50.56046 ], [ -126.71981, 50.55549 ], [ -126.7754, 50.5643 ], [ -126.77437, 50.57189 ], [ -126.7878, 50.57158 ], [ -126.76814, 50.58879 ], [ -126.76507, 50.57674 ], [ -126.75547, 50.58964 ], [ -126.75361, 50.58444 ], [ -126.73315, 50.58406 ], [ -126.72188, 50.57577 ] ] ], [ [ [ -126.85464, 50.57566 ], [ -126.88339, 50.57696 ], [ -126.88505, 50.58422 ], [ -126.86651, 50.58237 ], [ -126.85464, 50.57566 ] ] ], [ [ [ -126.69193, 50.61231 ], [ -126.68052, 50.61714 ], [ -126.6866, 50.60308 ], [ -126.70678, 50.60166 ], [ -126.73157, 50.61132 ], [ -126.73615, 50.62766 ], [ -126.72039, 50.62388 ], [ -126.71647, 50.62529 ], [ -126.71882, 50.6286 ], [ -126.71041, 50.62111 ], [ -126.71158, 50.61716 ], [ -126.69193, 50.61231 ] ] ], [ [ [ -126.67586, 50.60867 ], [ -126.67564, 50.60747 ], [ -126.67623, 50.60728 ], [ -126.68014, 50.60992 ], [ -126.67643, 50.62098 ], [ -126.66908, 50.624 ], [ -126.65435, 50.62747 ], [ -126.63116, 50.62904 ], [ -126.64606, 50.61125 ], [ -126.66617, 50.61004 ], [ -126.67586, 50.60867 ] ] ], [ [ [ -126.67844, 50.64617 ], [ -126.67181, 50.64091 ], [ -126.68456, 50.63905 ], [ -126.69872, 50.6471 ], [ -126.69388, 50.64941 ], [ -126.67844, 50.64617 ] ] ], [ [ [ -126.66934, 50.64346 ], [ -126.6801, 50.65201 ], [ -126.64529, 50.65699 ], [ -126.62191, 50.64767 ], [ -126.60783, 50.64801 ], [ -126.61512, 50.64122 ], [ -126.64673, 50.64129 ], [ -126.66934, 50.64346 ] ] ], [ [ [ -126.66997, 50.72043 ], [ -126.67613, 50.7239 ], [ -126.66414, 50.73166 ], [ -126.64813, 50.72796 ], [ -126.6168, 50.73265 ], [ -126.62721, 50.72427 ], [ -126.66973, 50.71804 ], [ -126.66997, 50.72043 ] ] ], [ [ [ -126.70966, 50.72204 ], [ -126.71066, 50.72486 ], [ -126.71679, 50.72481 ], [ -126.70802, 50.72981 ], [ -126.70448, 50.73153 ], [ -126.70361, 50.72831 ], [ -126.69175, 50.73013 ], [ -126.68607, 50.72659 ], [ -126.70966, 50.72204 ] ] ], [ [ [ -126.63002, 50.75503 ], [ -126.65968, 50.7401 ], [ -126.66623, 50.7424 ], [ -126.65545, 50.75103 ], [ -126.67602, 50.7396 ], [ -126.69469, 50.74308 ], [ -126.69024, 50.73802 ], [ -126.70812, 50.74557 ], [ -126.71612, 50.74246 ], [ -126.71327, 50.75089 ], [ -126.7203, 50.75443 ], [ -126.71539, 50.75807 ], [ -126.67674, 50.76945 ], [ -126.65079, 50.76173 ], [ -126.65402, 50.75273 ], [ -126.63454, 50.76051 ], [ -126.63002, 50.75503 ] ] ], [ [ [ -126.91489, 50.78628 ], [ -126.94138, 50.79688 ], [ -126.94212, 50.80334 ], [ -126.91461, 50.78975 ], [ -126.91489, 50.78628 ] ] ], [ [ [ -126.78852, 50.84261 ], [ -126.77787, 50.83419 ], [ -126.76541, 50.84538 ], [ -126.733, 50.83982 ], [ -126.70459, 50.84334 ], [ -126.6974, 50.82985 ], [ -126.7072, 50.82756 ], [ -126.70617, 50.82536 ], [ -126.67445, 50.81691 ], [ -126.69087, 50.82509 ], [ -126.68289, 50.84579 ], [ -126.68879, 50.84824 ], [ -126.70956, 50.84798 ], [ -126.71306, 50.85509 ], [ -126.70143, 50.86076 ], [ -126.66485, 50.84155 ], [ -126.6747, 50.83562 ], [ -126.66537, 50.83202 ], [ -126.6709, 50.82567 ], [ -126.65468, 50.82794 ], [ -126.66643, 50.83382 ], [ -126.65907, 50.84038 ], [ -126.60979, 50.84594 ], [ -126.61312, 50.83832 ], [ -126.60352, 50.83471 ], [ -126.62203, 50.83481 ], [ -126.5938, 50.82319 ], [ -126.59049, 50.83318 ], [ -126.56608, 50.82509 ], [ -126.58536, 50.82162 ], [ -126.56472, 50.81806 ], [ -126.57777, 50.81594 ], [ -126.52998, 50.78834 ], [ -126.55901, 50.78153 ], [ -126.6018, 50.791 ], [ -126.55534, 50.79945 ], [ -126.61227, 50.80407 ], [ -126.63226, 50.7893 ], [ -126.66333, 50.78975 ], [ -126.67336, 50.7953 ], [ -126.66221, 50.79743 ], [ -126.69052, 50.80808 ], [ -126.69329, 50.80021 ], [ -126.66783, 50.78679 ], [ -126.69484, 50.78955 ], [ -126.73597, 50.76479 ], [ -126.737, 50.77851 ], [ -126.74539, 50.77871 ], [ -126.72146, 50.78341 ], [ -126.75133, 50.79366 ], [ -126.76676, 50.79526 ], [ -126.76427, 50.78889 ], [ -126.78243, 50.78376 ], [ -126.77727, 50.78263 ], [ -126.76307, 50.7846 ], [ -126.77111, 50.77372 ], [ -126.76016, 50.77744 ], [ -126.75331, 50.77776 ], [ -126.79331, 50.76701 ], [ -126.80648, 50.77446 ], [ -126.80258, 50.78475 ], [ -126.82215, 50.77454 ], [ -126.84851, 50.78312 ], [ -126.84479, 50.79289 ], [ -126.82975, 50.79476 ], [ -126.87945, 50.80318 ], [ -126.90322, 50.82435 ], [ -126.92101, 50.82555 ], [ -126.91363, 50.83021 ], [ -126.91916, 50.83251 ], [ -126.81228, 50.83734 ], [ -126.80329, 50.79517 ], [ -126.79607, 50.80604 ], [ -126.78416, 50.80586 ], [ -126.79857, 50.82681 ], [ -126.78852, 50.84261 ] ] ], [ [ [ -126.94443, 50.84175 ], [ -126.93369, 50.84245 ], [ -126.92037, 50.83449 ], [ -126.92941, 50.83085 ], [ -126.94704, 50.83514 ], [ -126.94443, 50.84175 ] ] ], [ [ [ -126.73409, 50.86215 ], [ -126.74716, 50.85175 ], [ -126.7591, 50.85661 ], [ -126.78184, 50.84836 ], [ -126.8107, 50.84981 ], [ -126.81439, 50.8389 ], [ -126.84136, 50.83638 ], [ -126.84922, 50.84231 ], [ -126.90631, 50.83704 ], [ -126.92622, 50.84506 ], [ -126.8885, 50.85553 ], [ -126.85351, 50.84493 ], [ -126.8448, 50.85079 ], [ -126.8624, 50.84898 ], [ -126.88473, 50.85933 ], [ -126.87994, 50.86502 ], [ -126.89358, 50.86424 ], [ -126.86007, 50.88243 ], [ -126.82925, 50.88208 ], [ -126.80534, 50.89113 ], [ -126.77646, 50.88546 ], [ -126.77391, 50.87926 ], [ -126.76101, 50.88377 ], [ -126.73409, 50.86215 ] ] ], [ [ [ -126.84673, 50.89957 ], [ -126.87624, 50.90287 ], [ -126.86537, 50.91336 ], [ -126.84628, 50.91179 ], [ -126.84673, 50.89957 ] ] ], [ [ [ -126.83544, 50.92549 ], [ -126.83706, 50.91918 ], [ -126.85345, 50.91979 ], [ -126.85305, 50.94577 ], [ -126.8197, 50.94822 ], [ -126.80319, 50.9347 ], [ -126.77657, 50.93109 ], [ -126.80051, 50.92149 ], [ -126.83544, 50.92549 ] ] ], [ [ [ -126.47424, 50.5598 ], [ -126.46034, 50.56266 ], [ -126.45182, 50.55709 ], [ -126.43195, 50.55414 ], [ -126.44378, 50.5513 ], [ -126.4422, 50.54995 ], [ -126.43441, 50.55012 ], [ -126.42383, 50.55436 ], [ -126.44666, 50.55842 ], [ -126.45674, 50.56343 ], [ -126.44664, 50.56862 ], [ -126.46497, 50.56575 ], [ -126.46501, 50.57055 ], [ -126.43214, 50.57113 ], [ -126.39596, 50.58672 ], [ -126.35472, 50.58348 ], [ -126.35798, 50.59953 ], [ -126.31744, 50.59177 ], [ -126.31041, 50.58317 ], [ -126.27977, 50.57074 ], [ -126.30417, 50.58235 ], [ -126.31354, 50.59793 ], [ -126.29581, 50.61165 ], [ -126.24062, 50.5795 ], [ -126.20753, 50.57713 ], [ -126.20585, 50.56811 ], [ -126.21343, 50.56024 ], [ -126.22315, 50.56305 ], [ -126.22125, 50.54733 ], [ -126.24617, 50.53853 ], [ -126.27568, 50.5348 ], [ -126.26971, 50.53873 ], [ -126.28065, 50.53806 ], [ -126.26278, 50.55029 ], [ -126.26897, 50.56017 ], [ -126.24739, 50.56924 ], [ -126.27264, 50.56989 ], [ -126.29101, 50.54059 ], [ -126.3173, 50.52464 ], [ -126.3623, 50.51978 ], [ -126.39352, 50.52839 ], [ -126.41829, 50.51491 ], [ -126.43388, 50.51267 ], [ -126.50609, 50.51687 ], [ -126.54422, 50.52662 ], [ -126.57813, 50.51942 ], [ -126.60944, 50.5239 ], [ -126.60879, 50.53206 ], [ -126.62963, 50.53914 ], [ -126.61073, 50.53895 ], [ -126.61094, 50.54257 ], [ -126.67777, 50.55008 ], [ -126.58495, 50.54565 ], [ -126.5438, 50.5524 ], [ -126.53995, 50.54649 ], [ -126.53104, 50.55385 ], [ -126.4717, 50.55474 ], [ -126.47424, 50.5598 ] ] ], [ [ [ -126.59927, 50.5972 ], [ -126.58463, 50.5983 ], [ -126.5927, 50.59229 ], [ -126.58579, 50.58676 ], [ -126.55604, 50.58769 ], [ -126.54803, 50.57889 ], [ -126.53243, 50.58248 ], [ -126.51779, 50.57746 ], [ -126.51365, 50.56817 ], [ -126.50852, 50.5677 ], [ -126.53558, 50.55677 ], [ -126.64014, 50.55261 ], [ -126.67087, 50.56325 ], [ -126.64266, 50.56404 ], [ -126.63725, 50.577 ], [ -126.68054, 50.58606 ], [ -126.67703, 50.59158 ], [ -126.65814, 50.59323 ], [ -126.65989, 50.58739 ], [ -126.65204, 50.58514 ], [ -126.61066, 50.59032 ], [ -126.60713, 50.58439 ], [ -126.59927, 50.5972 ] ] ], [ [ [ -126.35745, 50.60958 ], [ -126.4425, 50.58269 ], [ -126.45545, 50.5917 ], [ -126.48932, 50.57531 ], [ -126.50507, 50.5823 ], [ -126.49881, 50.59233 ], [ -126.53903, 50.59273 ], [ -126.53089, 50.60145 ], [ -126.55041, 50.59488 ], [ -126.56733, 50.59922 ], [ -126.57232, 50.59829 ], [ -126.55874, 50.60954 ], [ -126.46889, 50.62964 ], [ -126.4332, 50.62412 ], [ -126.4173, 50.63023 ], [ -126.34403, 50.62771 ], [ -126.35745, 50.60958 ] ] ], [ [ [ -126.33142, 50.63074 ], [ -126.30382, 50.61803 ], [ -126.31532, 50.60554 ], [ -126.33443, 50.61968 ], [ -126.33834, 50.61923 ], [ -126.33142, 50.63074 ] ] ], [ [ [ -126.57312, 50.63081 ], [ -126.55726, 50.62961 ], [ -126.5255, 50.63687 ], [ -126.50531, 50.62731 ], [ -126.57418, 50.61159 ], [ -126.57312, 50.63081 ] ] ], [ [ [ -126.23394, 50.69527 ], [ -126.2139, 50.71218 ], [ -126.19738, 50.71278 ], [ -126.20216, 50.68602 ], [ -126.19357, 50.6682 ], [ -126.20803, 50.66395 ], [ -126.21894, 50.66579 ], [ -126.23394, 50.69527 ] ] ], [ [ [ -126.62437, 50.6931 ], [ -126.63401, 50.69444 ], [ -126.62971, 50.68547 ], [ -126.65745, 50.68058 ], [ -126.6566, 50.68288 ], [ -126.67485, 50.68909 ], [ -126.65933, 50.69456 ], [ -126.67748, 50.70383 ], [ -126.65895, 50.70411 ], [ -126.64064, 50.71871 ], [ -126.61722, 50.72206 ], [ -126.62305, 50.71521 ], [ -126.60652, 50.71541 ], [ -126.63915, 50.71167 ], [ -126.61105, 50.70489 ], [ -126.62437, 50.6931 ] ] ], [ [ [ -126.29919, 50.81574 ], [ -126.28944, 50.82154 ], [ -126.23193, 50.8232 ], [ -126.22994, 50.79087 ], [ -126.21345, 50.77059 ], [ -126.16116, 50.75874 ], [ -126.15586, 50.75005 ], [ -126.19461, 50.72774 ], [ -126.23829, 50.72109 ], [ -126.23874, 50.70492 ], [ -126.26412, 50.69305 ], [ -126.25408, 50.67488 ], [ -126.2706, 50.65441 ], [ -126.28856, 50.65774 ], [ -126.32967, 50.6444 ], [ -126.36245, 50.647 ], [ -126.38027, 50.65951 ], [ -126.41635, 50.65953 ], [ -126.46099, 50.67278 ], [ -126.45995, 50.68542 ], [ -126.50891, 50.67475 ], [ -126.50995, 50.66613 ], [ -126.52369, 50.66213 ], [ -126.48803, 50.65682 ], [ -126.48663, 50.6676 ], [ -126.47222, 50.67038 ], [ -126.44114, 50.65522 ], [ -126.45516, 50.6432 ], [ -126.48646, 50.64323 ], [ -126.47904, 50.63894 ], [ -126.50507, 50.64249 ], [ -126.50838, 50.64718 ], [ -126.49583, 50.65025 ], [ -126.50336, 50.65183 ], [ -126.55881, 50.64453 ], [ -126.58934, 50.65194 ], [ -126.59786, 50.66262 ], [ -126.61955, 50.65952 ], [ -126.61029, 50.66592 ], [ -126.61832, 50.67014 ], [ -126.59678, 50.67238 ], [ -126.59359, 50.68305 ], [ -126.57847, 50.6784 ], [ -126.56913, 50.68055 ], [ -126.58359, 50.69022 ], [ -126.55114, 50.69664 ], [ -126.56341, 50.70348 ], [ -126.59824, 50.69036 ], [ -126.60041, 50.69726 ], [ -126.60345, 50.69976 ], [ -126.58241, 50.70684 ], [ -126.59342, 50.70822 ], [ -126.58975, 50.70938 ], [ -126.58851, 50.71313 ], [ -126.58194, 50.71574 ], [ -126.56142, 50.71255 ], [ -126.56356, 50.72535 ], [ -126.5399, 50.73365 ], [ -126.56242, 50.73921 ], [ -126.50976, 50.74511 ], [ -126.50241, 50.73818 ], [ -126.51858, 50.74075 ], [ -126.48222, 50.7308 ], [ -126.50166, 50.74232 ], [ -126.48542, 50.75982 ], [ -126.48965, 50.76771 ], [ -126.4689, 50.76324 ], [ -126.47192, 50.76757 ], [ -126.45946, 50.76705 ], [ -126.4724, 50.7741 ], [ -126.45803, 50.78019 ], [ -126.35995, 50.78826 ], [ -126.38972, 50.79079 ], [ -126.40256, 50.78675 ], [ -126.44148, 50.79407 ], [ -126.41846, 50.80765 ], [ -126.35338, 50.82005 ], [ -126.32719, 50.83468 ], [ -126.26415, 50.8284 ], [ -126.28563, 50.82505 ], [ -126.29919, 50.81574 ] ] ], [ [ [ -126.62587, 50.746 ], [ -126.6186, 50.73593 ], [ -126.63489, 50.73382 ], [ -126.64261, 50.73845 ], [ -126.65683, 50.7389 ], [ -126.62587, 50.746 ] ] ], [ [ [ -126.5792, 50.73778 ], [ -126.62183, 50.74876 ], [ -126.59447, 50.7631 ], [ -126.52121, 50.76608 ], [ -126.50999, 50.76215 ], [ -126.52078, 50.74893 ], [ -126.53808, 50.75376 ], [ -126.55588, 50.74468 ], [ -126.5792, 50.73778 ] ] ], [ [ [ -126.62355, 50.76501 ], [ -126.60216, 50.76411 ], [ -126.60131, 50.76202 ], [ -126.62161, 50.75094 ], [ -126.63071, 50.76078 ], [ -126.62355, 50.76501 ] ] ], [ [ [ -126.55953, 50.86677 ], [ -126.58166, 50.85883 ], [ -126.60353, 50.87191 ], [ -126.58711, 50.87715 ], [ -126.55953, 50.86677 ] ] ], [ [ [ -125.59787, 51.90082 ], [ -125.56825, 51.91618 ], [ -125.53558, 51.91265 ], [ -125.5393, 51.9331 ], [ -125.52596, 51.93842 ], [ -125.48747, 51.91582 ], [ -125.51362, 51.8682 ], [ -125.46631, 51.86418 ], [ -125.46301, 51.84047 ], [ -125.40628, 51.83814 ], [ -125.41862, 51.82327 ], [ -125.37946, 51.78933 ], [ -125.34887, 51.79066 ], [ -125.32803, 51.78013 ], [ -125.27447, 51.77239 ], [ -125.23775, 51.74859 ], [ -125.25655, 51.72323 ], [ -125.23508, 51.7 ], [ -125.2484, 51.67574 ], [ -125.22907, 51.64437 ], [ -125.29202, 51.60933 ], [ -125.29603, 51.58939 ], [ -125.23532, 51.5703 ], [ -125.23788, 51.55975 ], [ -125.26748, 51.54907 ], [ -125.24185, 51.51816 ], [ -125.24866, 51.51056 ], [ -125.28899, 51.50483 ], [ -125.27866, 51.48653 ], [ -125.28956, 51.4756 ], [ -125.33784, 51.48534 ], [ -125.3452, 51.47891 ], [ -125.31163, 51.4594 ], [ -125.33601, 51.44415 ], [ -125.34195, 51.41899 ], [ -125.33297, 51.40204 ], [ -125.26667, 51.37686 ], [ -125.20493, 51.33034 ], [ -125.22512, 51.30186 ], [ -125.284, 51.28298 ], [ -125.32864, 51.24965 ], [ -125.32215, 51.22124 ], [ -125.33151, 51.19974 ], [ -125.30545, 51.19694 ], [ -125.28265, 51.16882 ], [ -125.26009, 51.16037 ], [ -125.29843, 51.14727 ], [ -125.28591, 51.1254 ], [ -125.29669, 51.10347 ], [ -125.25305, 51.08283 ], [ -125.2429, 51.06422 ], [ -125.24562, 51.05361 ], [ -125.25887, 51.05645 ], [ -125.32778, 51.04271 ], [ -125.30897, 51.00703 ], [ -125.27997, 51.01072 ], [ -125.27403, 50.9973 ], [ -125.2548, 50.98823 ], [ -125.25277, 50.96273 ], [ -125.32585, 50.95476 ], [ -125.37454, 50.94073 ], [ -125.41574, 50.9431 ], [ -125.49705, 50.90067 ], [ -125.50489, 50.84294 ], [ -125.54445, 50.83173 ], [ -125.52839, 50.80884 ], [ -125.50323, 50.79423 ], [ -125.52313, 50.77988 ], [ -125.54991, 50.77411 ], [ -125.54901, 50.74421 ], [ -125.53736, 50.73173 ], [ -125.57664, 50.71434 ], [ -125.56162, 50.68455 ], [ -125.58545, 50.66742 ], [ -125.60521, 50.60936 ], [ -125.66288, 50.59634 ], [ -125.74044, 50.60512 ], [ -125.82783, 50.57369 ], [ -125.84626, 50.5983 ], [ -125.85631, 50.64001 ], [ -125.94104, 50.63266 ], [ -125.94084, 50.63828 ], [ -125.97201, 50.64269 ], [ -126.02741, 50.62132 ], [ -126.04002, 50.61897 ], [ -126.07744, 50.61725 ], [ -126.19921, 50.57882 ], [ -126.20629, 50.58714 ], [ -126.21941, 50.58342 ], [ -126.23316, 50.58963 ], [ -126.23988, 50.58369 ], [ -126.26549, 50.59553 ], [ -126.26809, 50.60906 ], [ -126.27021, 50.60942 ], [ -126.27553, 50.61297 ], [ -126.24227, 50.62705 ], [ -126.27442, 50.61722 ], [ -126.30101, 50.63013 ], [ -126.20962, 50.63738 ], [ -126.17559, 50.64762 ], [ -126.16143, 50.64558 ], [ -126.18327, 50.63616 ], [ -126.11432, 50.64316 ], [ -126.0696, 50.65787 ], [ -126.00753, 50.66764 ], [ -125.88544, 50.66399 ], [ -125.83579, 50.68153 ], [ -125.76137, 50.67527 ], [ -125.75956, 50.68749 ], [ -125.73806, 50.68774 ], [ -125.73757, 50.66389 ], [ -125.73186, 50.66266 ], [ -125.73173, 50.66092 ], [ -125.7286, 50.65883 ], [ -125.72945, 50.65547 ], [ -125.7283, 50.65492 ], [ -125.72453, 50.68264 ], [ -125.70009, 50.68826 ], [ -125.68239, 50.71005 ], [ -125.68365, 50.73938 ], [ -125.67266, 50.73822 ], [ -125.66349, 50.75181 ], [ -125.63581, 50.75078 ], [ -125.61611, 50.7588 ], [ -125.61261, 50.77604 ], [ -125.59091, 50.79595 ], [ -125.61316, 50.81851 ], [ -125.63434, 50.82479 ], [ -125.6468, 50.85463 ], [ -125.61449, 50.87475 ], [ -125.56302, 50.86488 ], [ -125.54968, 50.86809 ], [ -125.52197, 50.92155 ], [ -125.49565, 50.93872 ], [ -125.50978, 50.96137 ], [ -125.5366, 50.97473 ], [ -125.52664, 50.98542 ], [ -125.54325, 51.00882 ], [ -125.54292, 51.05667 ], [ -125.57458, 51.07144 ], [ -125.57232, 51.07108 ], [ -125.56623, 51.07807 ], [ -125.58817, 51.08032 ], [ -125.58656, 51.09352 ], [ -125.58771, 51.09492 ], [ -125.59621, 51.09592 ], [ -125.59511, 51.08932 ], [ -125.61721, 51.09697 ], [ -125.63716, 51.09322 ], [ -125.63649, 51.07164 ], [ -125.59059, 51.03585 ], [ -125.59156, 51.02573 ], [ -125.61239, 51.02219 ], [ -125.59207, 51.01559 ], [ -125.57839, 50.98638 ], [ -125.59152, 50.96574 ], [ -125.54995, 50.94966 ], [ -125.5448, 50.93732 ], [ -125.56808, 50.91624 ], [ -125.56606, 50.90377 ], [ -125.62261, 50.90468 ], [ -125.6408, 50.89882 ], [ -125.63674, 50.88643 ], [ -125.6634, 50.88516 ], [ -125.68501, 50.87499 ], [ -125.68561, 50.82509 ], [ -125.65206, 50.80863 ], [ -125.64279, 50.78909 ], [ -125.65153, 50.77368 ], [ -125.68642, 50.78123 ], [ -125.70178, 50.75438 ], [ -125.72263, 50.7452 ], [ -125.71184, 50.71624 ], [ -125.73144, 50.7074 ], [ -125.85137, 50.70241 ], [ -125.95802, 50.68523 ], [ -125.99265, 50.6876 ], [ -125.95827, 50.69957 ], [ -125.95156, 50.70731 ], [ -125.99769, 50.69558 ], [ -126.01561, 50.7031 ], [ -126.02465, 50.69424 ], [ -126.09427, 50.6751 ], [ -126.18245, 50.6683 ], [ -126.19768, 50.68849 ], [ -126.18846, 50.71686 ], [ -126.12862, 50.73416 ], [ -126.1108, 50.75495 ], [ -126.0704, 50.77325 ], [ -126.0229, 50.78179 ], [ -126.00964, 50.80181 ], [ -126.02585, 50.80674 ], [ -126.03676, 50.7927 ], [ -126.11259, 50.77839 ], [ -126.11898, 50.76911 ], [ -126.19338, 50.78134 ], [ -126.20457, 50.80921 ], [ -126.16745, 50.84108 ], [ -126.1698, 50.8557 ], [ -126.16413, 50.86572 ], [ -126.16527, 50.87828 ], [ -126.17058, 50.87058 ], [ -126.1862, 50.87592 ], [ -126.19313, 50.84194 ], [ -126.21669, 50.83246 ], [ -126.25121, 50.83303 ], [ -126.26063, 50.84267 ], [ -126.23635, 50.86981 ], [ -126.25132, 50.8684 ], [ -126.28032, 50.84588 ], [ -126.30642, 50.84359 ], [ -126.301, 50.84996 ], [ -126.32902, 50.85067 ], [ -126.38005, 50.8304 ], [ -126.47598, 50.81371 ], [ -126.50753, 50.81945 ], [ -126.49026, 50.82811 ], [ -126.46678, 50.85052 ], [ -126.50102, 50.86165 ], [ -126.50853, 50.85815 ], [ -126.51083, 50.86641 ], [ -126.52413, 50.86271 ], [ -126.53158, 50.85274 ], [ -126.54999, 50.85722 ], [ -126.55196, 50.85109 ], [ -126.49185, 50.84797 ], [ -126.48413, 50.84566 ], [ -126.49338, 50.83589 ], [ -126.5106, 50.82903 ], [ -126.56585, 50.83312 ], [ -126.58377, 50.84975 ], [ -126.55999, 50.84445 ], [ -126.55965, 50.86599 ], [ -126.53697, 50.87263 ], [ -126.55, 50.89656 ], [ -126.50861, 50.90749 ], [ -126.49539, 50.92497 ], [ -126.46361, 50.92352 ], [ -126.41521, 50.8963 ], [ -126.4829, 50.87283 ], [ -126.41318, 50.88391 ], [ -126.40318, 50.89038 ], [ -126.3996, 50.90097 ], [ -126.41903, 50.90769 ], [ -126.39909, 50.9179 ], [ -126.34268, 50.91129 ], [ -126.30668, 50.91716 ], [ -126.21172, 50.90111 ], [ -126.1978, 50.90467 ], [ -126.18658, 50.9267 ], [ -126.20339, 50.93722 ], [ -126.2032, 50.93085 ], [ -126.23248, 50.92384 ], [ -126.30588, 50.93376 ], [ -126.3447, 50.92878 ], [ -126.35633, 50.93675 ], [ -126.39056, 50.93172 ], [ -126.44215, 50.94656 ], [ -126.46161, 50.94409 ], [ -126.48556, 50.96297 ], [ -126.48959, 50.98681 ], [ -126.50884, 51.00725 ], [ -126.5049, 51.02142 ], [ -126.5157, 51.03787 ], [ -126.53026, 51.03637 ], [ -126.52913, 51.04392 ], [ -126.54993, 51.00293 ], [ -126.51373, 50.95729 ], [ -126.51157, 50.94139 ], [ -126.5329, 50.93675 ], [ -126.55774, 50.92126 ], [ -126.56022, 50.91068 ], [ -126.58943, 50.8987 ], [ -126.65586, 50.88313 ], [ -126.64859, 50.87637 ], [ -126.66297, 50.87426 ], [ -126.65114, 50.87123 ], [ -126.66403, 50.86513 ], [ -126.72196, 50.87354 ], [ -126.75774, 50.89912 ], [ -126.7807, 50.90572 ], [ -126.79016, 50.9002 ], [ -126.80439, 50.90755 ], [ -126.81711, 50.90031 ], [ -126.84073, 50.912 ], [ -126.7978, 50.92135 ], [ -126.79192, 50.90855 ], [ -126.78278, 50.92354 ], [ -126.76951, 50.92699 ], [ -126.63543, 50.93394 ], [ -126.68406, 50.93346 ], [ -126.68776, 50.93808 ], [ -126.67492, 50.93916 ], [ -126.71455, 50.95277 ], [ -126.72067, 50.9483 ], [ -126.69151, 50.93823 ], [ -126.69881, 50.93832 ], [ -126.71345, 50.93134 ], [ -126.72238, 50.94128 ], [ -126.77462, 50.93437 ], [ -126.79791, 50.94696 ], [ -126.80536, 50.94574 ], [ -126.81124, 50.95316 ], [ -126.78264, 50.95764 ], [ -126.77509, 50.96236 ], [ -126.7924, 50.97139 ], [ -126.77677, 51.00782 ], [ -126.78333, 51.02078 ], [ -126.79735, 51.00164 ], [ -126.79597, 50.95911 ], [ -126.81683, 50.95461 ], [ -126.8391, 50.96504 ], [ -126.84491, 50.95648 ], [ -126.82951, 50.9539 ], [ -126.85228, 50.94702 ], [ -126.85789, 50.96071 ], [ -126.8729, 50.96337 ], [ -126.86456, 50.95858 ], [ -126.86641, 50.9509 ], [ -126.87709, 50.95647 ], [ -126.8816, 50.94968 ], [ -126.86209, 50.94441 ], [ -126.87254, 50.92771 ], [ -126.88984, 50.93094 ], [ -126.89048, 50.94077 ], [ -126.90415, 50.93521 ], [ -126.90107, 50.92587 ], [ -126.88512, 50.92336 ], [ -126.91271, 50.90651 ], [ -126.88867, 50.90467 ], [ -126.90223, 50.89426 ], [ -126.93017, 50.90404 ], [ -126.94489, 50.89723 ], [ -127.02024, 50.90357 ], [ -127.02996, 50.9175 ], [ -127.04147, 50.91153 ], [ -127.03509, 50.90934 ], [ -127.05601, 50.90678 ], [ -127.08444, 50.92182 ], [ -127.1096, 50.91703 ], [ -127.11004, 50.92134 ], [ -127.13764, 50.93175 ], [ -127.12955, 50.9425 ], [ -127.11982, 50.94382 ], [ -127.13141, 50.95003 ], [ -127.10142, 50.94682 ], [ -127.12308, 50.94276 ], [ -127.12073, 50.93926 ], [ -127.03581, 50.95839 ], [ -127.03715, 50.98381 ], [ -127.05503, 50.98979 ], [ -127.04936, 50.99846 ], [ -127.05917, 51.00035 ], [ -127.07161, 51.00935 ], [ -127.07493, 51.0048 ], [ -127.04674, 50.98091 ], [ -127.044, 50.95931 ], [ -127.05161, 50.96052 ], [ -127.06457, 50.95485 ], [ -127.07805, 50.96208 ], [ -127.08427, 50.95017 ], [ -127.14192, 50.95013 ], [ -127.1318, 50.94495 ], [ -127.14074, 50.93608 ], [ -127.17544, 50.92711 ], [ -127.1892, 50.93009 ], [ -127.19995, 50.91921 ], [ -127.16723, 50.92417 ], [ -127.14442, 50.91833 ], [ -127.14491, 50.91071 ], [ -127.09798, 50.90365 ], [ -127.0462, 50.8886 ], [ -127.02178, 50.88597 ], [ -127.00748, 50.88535 ], [ -127.01163, 50.89143 ], [ -126.99195, 50.88509 ], [ -126.98327, 50.89111 ], [ -126.9801, 50.88288 ], [ -126.95758, 50.89561 ], [ -126.90073, 50.88922 ], [ -126.89608, 50.8844 ], [ -126.91829, 50.86645 ], [ -126.93, 50.86791 ], [ -126.9373, 50.8534 ], [ -127.00964, 50.83394 ], [ -127.00551, 50.82761 ], [ -127.02122, 50.81711 ], [ -127.05828, 50.82866 ], [ -127.05139, 50.82156 ], [ -127.05796, 50.81845 ], [ -127.07351, 50.84032 ], [ -127.08475, 50.8404 ], [ -127.13522, 50.85617 ], [ -127.16484, 50.87522 ], [ -127.19724, 50.87588 ], [ -127.23966, 50.89681 ], [ -127.23454, 50.90209 ], [ -127.25832, 50.90247 ], [ -127.25209, 50.90566 ], [ -127.27059, 50.91376 ], [ -127.25602, 50.91905 ], [ -127.24036, 50.91529 ], [ -127.25094, 50.92118 ], [ -127.22078, 50.93781 ], [ -127.21916, 50.94323 ], [ -127.25077, 50.9231 ], [ -127.2937, 50.93579 ], [ -127.28527, 50.9254 ], [ -127.25763, 50.91942 ], [ -127.30379, 50.90853 ], [ -127.29658, 50.90536 ], [ -127.29783, 50.9006 ], [ -127.31232, 50.90802 ], [ -127.33312, 50.90416 ], [ -127.33668, 50.90563 ], [ -127.3421, 50.91793 ], [ -127.35232, 50.92904 ], [ -127.35125, 50.92225 ], [ -127.36577, 50.92851 ], [ -127.36907, 50.92186 ], [ -127.36525, 50.91867 ], [ -127.36565, 50.91689 ], [ -127.38383, 50.92493 ], [ -127.40376, 50.9242 ], [ -127.40823, 50.92658 ], [ -127.40251, 50.92695 ], [ -127.40421, 50.93421 ], [ -127.419, 50.93604 ], [ -127.43535, 50.9483 ], [ -127.44976, 50.95325 ], [ -127.45156, 50.96337 ], [ -127.42081, 50.95942 ], [ -127.41843, 50.96313 ], [ -127.42818, 50.96511 ], [ -127.43344, 50.96477 ], [ -127.43675, 50.96651 ], [ -127.41177, 50.96547 ], [ -127.44512, 50.97749 ], [ -127.44426, 50.97235 ], [ -127.45812, 50.97821 ], [ -127.48651, 50.98042 ], [ -127.51853, 51.00171 ], [ -127.52407, 51.02264 ], [ -127.51226, 51.03015 ], [ -127.51517, 51.03371 ], [ -127.51988, 51.03479 ], [ -127.49635, 51.06177 ], [ -127.50293, 51.06298 ], [ -127.50792, 51.06124 ], [ -127.50615, 51.06903 ], [ -127.51142, 51.07068 ], [ -127.5083, 51.06524 ], [ -127.51107, 51.05313 ], [ -127.522, 51.03969 ], [ -127.5162, 51.05999 ], [ -127.51904, 51.06992 ], [ -127.51124, 51.06875 ], [ -127.51128, 51.06966 ], [ -127.51705, 51.07264 ], [ -127.50991, 51.08532 ], [ -127.47288, 51.0662 ], [ -127.50925, 51.08765 ], [ -127.49887, 51.09859 ], [ -127.40552, 51.05412 ], [ -127.42585, 51.05044 ], [ -127.45127, 51.05703 ], [ -127.44745, 51.05291 ], [ -127.41837, 51.04743 ], [ -127.40973, 51.04931 ], [ -127.40981, 51.04414 ], [ -127.36798, 51.043 ], [ -127.35273, 51.03508 ], [ -127.32358, 51.03395 ], [ -127.29447, 51.01863 ], [ -127.29806, 51.01772 ], [ -127.28826, 51.00165 ], [ -127.27553, 51.00328 ], [ -127.28792, 51.01027 ], [ -127.29099, 51.01088 ], [ -127.29408, 51.01435 ], [ -127.25512, 50.99997 ], [ -127.3055, 50.98906 ], [ -127.24696, 50.99372 ], [ -127.20733, 50.97812 ], [ -127.19752, 50.97051 ], [ -127.21721, 50.97071 ], [ -127.21874, 50.96501 ], [ -127.20881, 50.95076 ], [ -127.20256, 50.9685 ], [ -127.19285, 50.97234 ], [ -127.19034, 50.96992 ], [ -127.17922, 50.96647 ], [ -127.17149, 50.96605 ], [ -127.23388, 50.99465 ], [ -127.19325, 51.00434 ], [ -127.18427, 51.01219 ], [ -127.19045, 51.02097 ], [ -127.20369, 51.02281 ], [ -127.20046, 51.01017 ], [ -127.21483, 51.00313 ], [ -127.24391, 50.99964 ], [ -127.28869, 51.01445 ], [ -127.30657, 51.03052 ], [ -127.3144, 51.03198 ], [ -127.27931, 51.03318 ], [ -127.28017, 51.03655 ], [ -127.31959, 51.03706 ], [ -127.32354, 51.04117 ], [ -127.24779, 51.04112 ], [ -127.25053, 51.03626 ], [ -127.22998, 51.032 ], [ -127.22199, 51.04022 ], [ -127.14244, 51.03805 ], [ -127.09882, 51.04763 ], [ -127.0974, 51.03715 ], [ -127.09321, 51.03264 ], [ -127.08921, 51.03207 ], [ -127.09225, 51.02955 ], [ -127.08465, 51.03222 ], [ -127.09318, 51.03398 ], [ -127.08922, 51.04592 ], [ -127.02926, 51.05936 ], [ -126.96876, 51.05586 ], [ -126.89714, 51.06521 ], [ -126.89075, 51.05858 ], [ -126.76608, 51.06816 ], [ -126.74119, 51.0532 ], [ -126.70649, 50.99823 ], [ -126.73787, 50.9986 ], [ -126.74385, 50.98559 ], [ -126.73653, 50.99503 ], [ -126.70485, 50.99157 ], [ -126.69545, 51.00595 ], [ -126.70718, 51.03878 ], [ -126.66634, 51.04226 ], [ -126.64734, 51.04865 ], [ -126.64512, 51.05714 ], [ -126.72104, 51.0468 ], [ -126.73655, 51.06675 ], [ -126.7737, 51.0686 ], [ -126.77431, 51.07616 ], [ -126.73102, 51.09897 ], [ -126.71649, 51.12005 ], [ -126.66042, 51.14003 ], [ -126.6457, 51.17482 ], [ -126.65349, 51.19458 ], [ -126.6674, 51.1946 ], [ -126.66365, 51.19755 ], [ -126.66208, 51.20119 ], [ -126.67433, 51.19176 ], [ -126.67441, 51.15445 ], [ -126.70913, 51.12966 ], [ -126.72341, 51.13437 ], [ -126.73369, 51.11272 ], [ -126.75031, 51.11814 ], [ -126.79746, 51.08038 ], [ -126.82879, 51.07574 ], [ -126.85326, 51.08166 ], [ -126.82281, 51.09512 ], [ -126.7911, 51.09741 ], [ -126.8187, 51.10326 ], [ -126.8744, 51.09243 ], [ -126.87744, 51.08315 ], [ -126.91744, 51.086 ], [ -126.94933, 51.07534 ], [ -127.02008, 51.08341 ], [ -127.03262, 51.07457 ], [ -127.10372, 51.0605 ], [ -127.12617, 51.06329 ], [ -127.15583, 51.05321 ], [ -127.26746, 51.05342 ], [ -127.30035, 51.06013 ], [ -127.31871, 51.05344 ], [ -127.34076, 51.0561 ], [ -127.34624, 51.05463 ], [ -127.33568, 51.04857 ], [ -127.34364, 51.04644 ], [ -127.33194, 51.04404 ], [ -127.33844, 51.04328 ], [ -127.33929, 51.03801 ], [ -127.3836, 51.05912 ], [ -127.37132, 51.06159 ], [ -127.41843, 51.06959 ], [ -127.46731, 51.09026 ], [ -127.40585, 51.08345 ], [ -127.3354, 51.08284 ], [ -127.3262, 51.08926 ], [ -127.26101, 51.08214 ], [ -127.20655, 51.08476 ], [ -127.19732, 51.07189 ], [ -127.17377, 51.0615 ], [ -127.14283, 51.061 ], [ -127.19563, 51.07654 ], [ -127.19714, 51.09506 ], [ -127.24139, 51.08856 ], [ -127.46738, 51.09362 ], [ -127.48186, 51.10098 ], [ -127.48371, 51.10393 ], [ -127.5544, 51.12501 ], [ -127.31318, 51.12833 ], [ -127.27754, 51.12091 ], [ -127.26818, 51.12753 ], [ -127.09317, 51.10351 ], [ -126.99263, 51.10559 ], [ -126.90896, 51.09783 ], [ -126.91911, 51.11124 ], [ -127.10335, 51.11573 ], [ -127.13411, 51.12183 ], [ -127.10632, 51.14474 ], [ -127.11356, 51.15472 ], [ -127.10249, 51.15254 ], [ -127.10632, 51.16414 ], [ -127.05283, 51.16704 ], [ -127.0058, 51.15586 ], [ -126.94481, 51.16239 ], [ -126.92214, 51.17329 ], [ -126.9168, 51.18169 ], [ -126.91535, 51.18594 ], [ -126.91583, 51.18784 ], [ -126.92209, 51.19064 ], [ -126.93424, 51.17302 ], [ -127.00542, 51.1614 ], [ -127.03254, 51.16455 ], [ -127.02315, 51.17044 ], [ -127.04111, 51.17361 ], [ -127.08497, 51.17241 ], [ -127.09505, 51.18854 ], [ -127.11758, 51.15889 ], [ -127.11688, 51.14134 ], [ -127.13075, 51.12923 ], [ -127.15427, 51.12392 ], [ -127.18037, 51.1334 ], [ -127.27166, 51.13832 ], [ -127.40132, 51.13242 ], [ -127.41092, 51.13832 ], [ -127.40156, 51.15365 ], [ -127.4141, 51.15729 ], [ -127.40478, 51.17314 ], [ -127.41664, 51.18553 ], [ -127.40027, 51.19333 ], [ -127.40318, 51.20164 ], [ -127.36175, 51.19687 ], [ -127.34266, 51.18679 ], [ -127.2821, 51.18635 ], [ -127.25459, 51.19434 ], [ -127.24568, 51.20788 ], [ -127.25502, 51.21028 ], [ -127.25741, 51.20197 ], [ -127.28003, 51.19401 ], [ -127.30494, 51.19248 ], [ -127.39095, 51.2116 ], [ -127.41509, 51.20946 ], [ -127.42224, 51.16979 ], [ -127.47277, 51.17114 ], [ -127.47723, 51.16022 ], [ -127.42396, 51.16186 ], [ -127.41843, 51.14341 ], [ -127.43189, 51.13451 ], [ -127.46596, 51.13523 ], [ -127.4545, 51.15451 ], [ -127.47074, 51.13814 ], [ -127.49806, 51.1405 ], [ -127.54918, 51.1319 ], [ -127.61529, 51.14434 ], [ -127.59814, 51.13288 ], [ -127.61643, 51.1277 ], [ -127.56178, 51.12219 ], [ -127.50742, 51.10004 ], [ -127.52019, 51.09361 ], [ -127.54565, 51.1037 ], [ -127.55896, 51.09872 ], [ -127.55856, 51.0932 ], [ -127.56722, 51.0913 ], [ -127.58468, 51.09529 ], [ -127.65724, 51.08698 ], [ -127.67894, 51.10417 ], [ -127.66934, 51.10351 ], [ -127.66885, 51.11035 ], [ -127.68176, 51.1325 ], [ -127.69838, 51.14153 ], [ -127.7218, 51.13521 ], [ -127.72956, 51.14488 ], [ -127.74234, 51.14256 ], [ -127.74909, 51.15872 ], [ -127.7353, 51.15951 ], [ -127.73824, 51.18872 ], [ -127.65986, 51.19054 ], [ -127.64881, 51.18351 ], [ -127.53506, 51.19754 ], [ -127.52416, 51.18622 ], [ -127.50928, 51.18585 ], [ -127.4952, 51.18905 ], [ -127.49285, 51.20156 ], [ -127.45683, 51.20433 ], [ -127.4529, 51.22448 ], [ -127.44281, 51.22767 ], [ -127.391, 51.22851 ], [ -127.3234, 51.20925 ], [ -127.25567, 51.21137 ], [ -127.25267, 51.21964 ], [ -127.23498, 51.21941 ], [ -127.20805, 51.19719 ], [ -127.07348, 51.2296 ], [ -127.02642, 51.23048 ], [ -126.98675, 51.24223 ], [ -126.95428, 51.23566 ], [ -126.92251, 51.24201 ], [ -126.92377, 51.27789 ], [ -126.89211, 51.30674 ], [ -126.86904, 51.30556 ], [ -126.85543, 51.32249 ], [ -126.84064, 51.32301 ], [ -126.81019, 51.29906 ], [ -126.76232, 51.30248 ], [ -126.75025, 51.33331 ], [ -126.72546, 51.34517 ], [ -126.70968, 51.37818 ], [ -126.69907, 51.40973 ], [ -126.72546, 51.44062 ], [ -126.69887, 51.47957 ], [ -126.65736, 51.45022 ], [ -126.61993, 51.44344 ], [ -126.60636, 51.4223 ], [ -126.61611, 51.41448 ], [ -126.58542, 51.4063 ], [ -126.56511, 51.40836 ], [ -126.55638, 51.42023 ], [ -126.5284, 51.41821 ], [ -126.50715, 51.42604 ], [ -126.43838, 51.48723 ], [ -126.41887, 51.47833 ], [ -126.38582, 51.4805 ], [ -126.36305, 51.45359 ], [ -126.34949, 51.46146 ], [ -126.32451, 51.45675 ], [ -126.30406, 51.46313 ], [ -126.29272, 51.45415 ], [ -126.2279, 51.45634 ], [ -126.1903, 51.4366 ], [ -126.1724, 51.43585 ], [ -126.14829, 51.44973 ], [ -126.14882, 51.46571 ], [ -126.10664, 51.46219 ], [ -126.09903, 51.47511 ], [ -126.11798, 51.51832 ], [ -126.08501, 51.52512 ], [ -126.08588, 51.5409 ], [ -126.05302, 51.56556 ], [ -126.06256, 51.5819 ], [ -126.05071, 51.5926 ], [ -126.02813, 51.59994 ], [ -125.9818, 51.58069 ], [ -125.93242, 51.5956 ], [ -125.91032, 51.61433 ], [ -125.90822, 51.62572 ], [ -125.95068, 51.64844 ], [ -125.94414, 51.68518 ], [ -125.95518, 51.69221 ], [ -125.99118, 51.6883 ], [ -125.9973, 51.72835 ], [ -125.94876, 51.76235 ], [ -125.95017, 51.77557 ], [ -125.97165, 51.78882 ], [ -125.92706, 51.81778 ], [ -125.91437, 51.89015 ], [ -125.87292, 51.89724 ], [ -125.87636, 51.96988 ], [ -125.85592, 51.97737 ], [ -125.81465, 51.97542 ], [ -125.77708, 52.0009 ], [ -125.73968, 52.01231 ], [ -125.72083, 52.0085 ], [ -125.67857, 51.94317 ], [ -125.65666, 51.9241 ], [ -125.59787, 51.90082 ] ] ] ] } },
{ "type": "Feature", "properties": { "cduid": "5945", "cd_name": "Central Coast", "hazard_score": 0.0026512374640024999, "annual_burn_share": 0.00077323409058193922, "owner_households": 845.0 }, "geometry": { "type": "MultiPolygon", "coordinates": [ [ [ [ -128.25298, 51.8352 ], [ -128.24933, 51.84712 ], [ -128.25552, 51.83863 ], [ -128.2752, 51.84079 ], [ -128.25477, 51.86152 ], [ -128.23711, 51.8501 ], [ -128.23732, 51.83689 ], [ -128.24617, 51.83455 ], [ -128.24811, 51.83598 ], [ -128.25298, 51.8352 ] ] ], [ [ [ -128.44599, 51.90465 ], [ -128.4509, 51.90464 ], [ -128.44089, 51.92884 ], [ -128.42869, 51.91906 ], [ -128.43812, 51.91548 ], [ -128.43785, 51.91327 ], [ -128.43162, 51.9058 ], [ -128.44207, 51.89757 ], [ -128.44599, 51.90465 ] ] ], [ [ [ -128.4247, 51.94227 ], [ -128.46168, 51.92567 ], [ -128.46728, 51.93919 ], [ -128.45609, 51.94079 ], [ -128.45869, 51.94109 ], [ -128.45859, 51.94293 ], [ -128.46738, 51.94646 ], [ -128.46072, 51.95875 ], [ -128.4715, 51.9437 ], [ -128.4805, 51.94911 ], [ -128.46451, 51.96415 ], [ -128.44793, 51.96628 ], [ -128.42947, 51.98821 ], [ -128.43724, 51.99375 ], [ -128.43025, 52.00281 ], [ -128.41718, 52.00402 ], [ -128.40883, 51.99337 ], [ -128.42224, 51.97224 ], [ -128.41688, 51.95473 ], [ -128.42503, 51.94885 ], [ -128.4247, 51.94227 ] ] ], [ [ [ -128.30943, 52.051 ], [ -128.30087, 52.05375 ], [ -128.29568, 52.03428 ], [ -128.29367, 52.03309 ], [ -128.29884, 52.03238 ], [ -128.30456, 52.0238 ], [ -128.30943, 52.051 ] ] ], [ [ [ -128.26617, 52.0594 ], [ -128.28309, 52.06988 ], [ -128.29488, 52.06789 ], [ -128.29955, 52.09037 ], [ -128.28386, 52.07282 ], [ -128.27842, 52.07639 ], [ -128.28054, 52.08426 ], [ -128.26649, 52.09386 ], [ -128.25109, 52.08444 ], [ -128.26617, 52.0594 ] ] ], [ [ [ -128.34992, 52.08761 ], [ -128.35553, 52.08753 ], [ -128.35812, 52.08303 ], [ -128.3621, 52.09403 ], [ -128.36713, 52.09769 ], [ -128.36324, 52.08753 ], [ -128.36132, 52.08659 ], [ -128.36156, 52.085 ], [ -128.36566, 52.08848 ], [ -128.37471, 52.08825 ], [ -128.38029, 52.10257 ], [ -128.34716, 52.11886 ], [ -128.34027, 52.13493 ], [ -128.33541, 52.12785 ], [ -128.3238, 52.08912 ], [ -128.3277, 52.08416 ], [ -128.3375, 52.10051 ], [ -128.35062, 52.10579 ], [ -128.35553, 52.09796 ], [ -128.34992, 52.08761 ] ] ], [ [ [ -128.38335, 52.10694 ], [ -128.36411, 52.12134 ], [ -128.3523, 52.14525 ], [ -128.35939, 52.15463 ], [ -128.35143, 52.15756 ], [ -128.35209, 52.14927 ], [ -128.34131, 52.1656 ], [ -128.34455, 52.15208 ], [ -128.3356, 52.14735 ], [ -128.34485, 52.14259 ], [ -128.34652, 52.12748 ], [ -128.38335, 52.10694 ] ] ], [ [ [ -128.44042, 52.12898 ], [ -128.44533, 52.12491 ], [ -128.44514, 52.12317 ], [ -128.44564, 52.1228 ], [ -128.44625, 52.12278 ], [ -128.44551, 52.13972 ], [ -128.44381, 52.14025 ], [ -128.43926, 52.14356 ], [ -128.43811, 52.1454 ], [ -128.41873, 52.15343 ], [ -128.39738, 52.15597 ], [ -128.40757, 52.13736 ], [ -128.40553, 52.14519 ], [ -128.42221, 52.13711 ], [ -128.42374, 52.12783 ], [ -128.44042, 52.12898 ] ] ], [ [ [ -128.25517, 52.20052 ], [ -128.247, 52.22475 ], [ -128.20562, 52.2163 ], [ -128.20785, 52.20927 ], [ -128.27035, 52.18471 ], [ -128.27833, 52.16511 ], [ -128.27928, 52.15253 ], [ -128.28683, 52.15505 ], [ -128.30445, 52.13025 ], [ -128.31692, 52.12777 ], [ -128.32787, 52.15739 ], [ -128.30028, 52.20074 ], [ -128.30337, 52.20197 ], [ -128.28807, 52.20395 ], [ -128.28256, 52.1984 ], [ -128.27354, 52.1944 ], [ -128.28782, 52.20757 ], [ -128.27392, 52.21534 ], [ -128.26145, 52.2099 ], [ -128.26955, 52.20302 ], [ -128.25985, 52.20756 ], [ -128.26003, 52.20484 ], [ -128.25855, 52.20294 ], [ -128.25517, 52.20052 ] ] ], [ [ [ -128.51826, 52.17163 ], [ -128.51125, 52.17122 ], [ -128.51058, 52.17503 ], [ -128.51471, 52.17534 ], [ -128.48976, 52.19102 ], [ -128.49619, 52.18536 ], [ -128.49251, 52.17886 ], [ -128.51742, 52.16129 ], [ -128.51538, 52.16905 ], [ -128.51826, 52.17163 ] ] ], [ [ [ -128.29788, 52.21238 ], [ -128.31602, 52.19242 ], [ -128.31867, 52.18629 ], [ -128.32561, 52.18202 ], [ -128.32842, 52.1885 ], [ -128.34891, 52.16594 ], [ -128.3521, 52.16769 ], [ -128.37732, 52.15184 ], [ -128.37018, 52.16626 ], [ -128.38032, 52.17065 ], [ -128.37574, 52.18567 ], [ -128.3772, 52.18944 ], [ -128.38056, 52.18959 ], [ -128.37948, 52.19017 ], [ -128.38175, 52.19354 ], [ -128.37081, 52.19498 ], [ -128.3684, 52.21235 ], [ -128.37303, 52.20446 ], [ -128.39047, 52.2064 ], [ -128.37855, 52.21161 ], [ -128.38554, 52.2151 ], [ -128.37247, 52.23622 ], [ -128.36788, 52.23751 ], [ -128.32027, 52.23013 ], [ -128.29519, 52.23091 ], [ -128.27691, 52.23844 ], [ -128.26392, 52.2289 ], [ -128.29473, 52.20623 ], [ -128.29788, 52.21238 ] ] ], [ [ [ -128.41713, 52.19523 ], [ -128.42523, 52.18387 ], [ -128.41563, 52.19386 ], [ -128.41269, 52.18347 ], [ -128.39309, 52.19058 ], [ -128.3941, 52.18521 ], [ -128.38247, 52.17435 ], [ -128.3881, 52.16978 ], [ -128.38824, 52.1755 ], [ -128.39495, 52.16065 ], [ -128.42275, 52.15464 ], [ -128.43525, 52.15774 ], [ -128.43232, 52.16929 ], [ -128.43792, 52.16346 ], [ -128.44227, 52.17256 ], [ -128.44151, 52.16182 ], [ -128.46302, 52.15707 ], [ -128.46141, 52.16655 ], [ -128.48745, 52.14762 ], [ -128.48965, 52.15849 ], [ -128.50254, 52.15773 ], [ -128.49114, 52.16898 ], [ -128.49512, 52.16743 ], [ -128.50222, 52.16864 ], [ -128.48828, 52.17676 ], [ -128.4796, 52.18864 ], [ -128.46003, 52.17987 ], [ -128.4768, 52.16845 ], [ -128.45495, 52.17736 ], [ -128.47287, 52.19857 ], [ -128.45285, 52.21027 ], [ -128.4561, 52.21226 ], [ -128.44882, 52.21786 ], [ -128.45127, 52.2207 ], [ -128.42887, 52.22067 ], [ -128.43743, 52.20482 ], [ -128.411, 52.20248 ], [ -128.40223, 52.20626 ], [ -128.40946, 52.21425 ], [ -128.42251, 52.21097 ], [ -128.41702, 52.21915 ], [ -128.40798, 52.21614 ], [ -128.4031, 52.21606 ], [ -128.40237, 52.2164 ], [ -128.41592, 52.22668 ], [ -128.42706, 52.22164 ], [ -128.42616, 52.22562 ], [ -128.42976, 52.22591 ], [ -128.42958, 52.2279 ], [ -128.436, 52.23006 ], [ -128.43152, 52.23474 ], [ -128.4403, 52.23416 ], [ -128.43438, 52.23731 ], [ -128.41056, 52.23402 ], [ -128.40281, 52.23949 ], [ -128.3773, 52.23713 ], [ -128.39388, 52.21896 ], [ -128.39591, 52.19651 ], [ -128.41713, 52.19523 ] ] ], [ [ [ -128.36251, 52.30818 ], [ -128.36788, 52.29915 ], [ -128.3795, 52.28889 ], [ -128.38863, 52.28664 ], [ -128.3852, 52.2918 ], [ -128.40401, 52.28473 ], [ -128.40489, 52.28868 ], [ -128.41219, 52.28962 ], [ -128.41209, 52.292 ], [ -128.40312, 52.29957 ], [ -128.39597, 52.29562 ], [ -128.39367, 52.29568 ], [ -128.40172, 52.30197 ], [ -128.37866, 52.30786 ], [ -128.38793, 52.31069 ], [ -128.37241, 52.31799 ], [ -128.36299, 52.31645 ], [ -128.35701, 52.32117 ], [ -128.36253, 52.31076 ], [ -128.37691, 52.308 ], [ -128.36251, 52.30818 ] ] ], [ [ [ -128.45107, 52.32361 ], [ -128.45649, 52.35047 ], [ -128.44837, 52.34455 ], [ -128.43449, 52.35426 ], [ -128.38241, 52.35994 ], [ -128.39627, 52.32286 ], [ -128.4241, 52.31375 ], [ -128.45107, 52.32361 ] ] ], [ [ [ -128.47642, 52.33133 ], [ -128.47975, 52.34141 ], [ -128.47378, 52.34982 ], [ -128.46185, 52.34474 ], [ -128.47642, 52.33133 ] ] ], [ [ [ -128.37667, 52.35033 ], [ -128.35003, 52.36346 ], [ -128.3407, 52.35822 ], [ -128.34751, 52.34814 ], [ -128.33913, 52.34947 ], [ -128.37167, 52.33514 ], [ -128.37667, 52.35033 ] ] ], [ [ [ -128.26602, 52.45583 ], [ -128.28184, 52.45921 ], [ -128.28218, 52.44192 ], [ -128.29656, 52.44517 ], [ -128.28857, 52.41653 ], [ -128.33088, 52.41003 ], [ -128.34184, 52.40308 ], [ -128.33868, 52.39278 ], [ -128.36308, 52.37095 ], [ -128.37617, 52.3739 ], [ -128.37685, 52.36453 ], [ -128.39051, 52.3621 ], [ -128.41856, 52.36576 ], [ -128.45596, 52.36121 ], [ -128.44341, 52.37139 ], [ -128.45987, 52.37331 ], [ -128.44157, 52.38467 ], [ -128.46608, 52.38473 ], [ -128.46956, 52.3908 ], [ -128.47158, 52.38635 ], [ -128.47868, 52.39601 ], [ -128.45576, 52.4049 ], [ -128.43204, 52.40317 ], [ -128.42694, 52.40668 ], [ -128.42471, 52.41317 ], [ -128.41902, 52.4089 ], [ -128.41679, 52.44002 ], [ -128.39949, 52.45817 ], [ -128.34377, 52.47303 ], [ -128.31502, 52.46536 ], [ -128.31901, 52.47013 ], [ -128.30339, 52.4707 ], [ -128.28595, 52.47877 ], [ -128.26602, 52.45583 ] ] ], [ [ [ -128.00297, 51.65806 ], [ -128.02936, 51.65589 ], [ -128.05358, 51.65909 ], [ -128.08629, 51.65819 ], [ -128.07684, 51.66627 ], [ -128.08326, 51.67146 ], [ -128.08043, 51.68667 ], [ -128.06802, 51.69083 ], [ -128.06122, 51.71072 ], [ -128.05704, 51.70128 ], [ -128.05178, 51.70246 ], [ -128.01028, 51.73198 ], [ -128.00688, 51.72463 ], [ -128.00223, 51.72403 ], [ -127.99399, 51.7279 ], [ -127.96148, 51.656 ], [ -127.97008, 51.65346 ], [ -128.00297, 51.65806 ] ] ], [ [ [ -128.10342, 51.76804 ], [ -128.10385, 51.77547 ], [ -128.10687, 51.76571 ], [ -128.08024, 51.76515 ], [ -128.08192, 51.7555 ], [ -128.10034, 51.74285 ], [ -128.10585, 51.75121 ], [ -128.1171, 51.74046 ], [ -128.11623, 51.7362 ], [ -128.13131, 51.75139 ], [ -128.12293, 51.75737 ], [ -128.12763, 51.76341 ], [ -128.11029, 51.76726 ], [ -128.12053, 51.77938 ], [ -128.11267, 51.78372 ], [ -128.08675, 51.78578 ], [ -128.08504, 51.77809 ], [ -128.07682, 51.78253 ], [ -128.08245, 51.76639 ], [ -128.10342, 51.76804 ] ] ], [ [ [ -128.07223, 51.77995 ], [ -128.06628, 51.78396 ], [ -128.04885, 51.78307 ], [ -128.06978, 51.7544 ], [ -128.06615, 51.76551 ], [ -128.07311, 51.77023 ], [ -128.06914, 51.77664 ], [ -128.07223, 51.77995 ] ] ], [ [ [ -128.03236, 51.75641 ], [ -128.04816, 51.74511 ], [ -128.051, 51.75694 ], [ -128.01906, 51.77239 ], [ -128.01516, 51.77814 ], [ -128.05442, 51.75751 ], [ -128.05808, 51.7599 ], [ -128.0535, 51.77087 ], [ -128.04039, 51.78312 ], [ -128.01672, 51.78683 ], [ -128.00766, 51.79877 ], [ -127.99951, 51.7875 ], [ -128.00984, 51.76744 ], [ -128.00923, 51.75508 ], [ -128.04009, 51.74264 ], [ -128.0278, 51.74971 ], [ -128.03236, 51.75641 ] ] ], [ [ [ -128.19376, 51.81595 ], [ -128.19553, 51.81708 ], [ -128.19533, 51.81528 ], [ -128.19798, 51.8145 ], [ -128.19931, 51.81128 ], [ -128.19579, 51.80716 ], [ -128.20097, 51.80266 ], [ -128.20829, 51.81567 ], [ -128.20329, 51.82333 ], [ -128.19897, 51.82479 ], [ -128.1848, 51.81415 ], [ -128.1955, 51.8047 ], [ -128.19379, 51.81026 ], [ -128.1979, 51.81347 ], [ -128.19376, 51.81595 ] ] ], [ [ [ -128.18879, 51.84302 ], [ -128.20155, 51.83757 ], [ -128.20304, 51.84815 ], [ -128.2094, 51.82984 ], [ -128.21274, 51.85878 ], [ -128.20503, 51.85405 ], [ -128.2026, 51.85989 ], [ -128.18134, 51.86005 ], [ -128.17604, 51.84265 ], [ -128.18565, 51.85203 ], [ -128.18879, 51.84302 ] ] ], [ [ [ -128.22616, 51.86002 ], [ -128.21519, 51.85921 ], [ -128.22335, 51.84221 ], [ -128.23097, 51.84652 ], [ -128.22626, 51.85219 ], [ -128.23052, 51.85704 ], [ -128.22616, 51.86002 ] ] ], [ [ [ -128.25394, 51.92555 ], [ -128.24866, 51.93193 ], [ -128.22887, 51.93113 ], [ -128.23518, 51.90395 ], [ -128.25229, 51.91801 ], [ -128.23926, 51.92173 ], [ -128.25394, 51.92555 ] ] ], [ [ [ -128.05647, 52.04936 ], [ -128.05324, 52.05427 ], [ -128.06532, 52.06195 ], [ -128.05058, 52.05553 ], [ -128.05025, 52.06523 ], [ -128.02886, 52.06013 ], [ -128.02068, 52.06485 ], [ -128.009, 52.05901 ], [ -128.0189, 52.0666 ], [ -128.01165, 52.07386 ], [ -127.9945, 52.07626 ], [ -127.98761, 52.0755 ], [ -127.94959, 52.06109 ], [ -127.96169, 52.02443 ], [ -127.94672, 52.00774 ], [ -127.95457, 51.9691 ], [ -127.96575, 51.93923 ], [ -127.98085, 51.94045 ], [ -127.98768, 51.92418 ], [ -127.98557, 51.92016 ], [ -127.97835, 51.92607 ], [ -127.9798, 51.93825 ], [ -127.96761, 51.93813 ], [ -127.97287, 51.91738 ], [ -127.98153, 51.90986 ], [ -127.98565, 51.91719 ], [ -128.00147, 51.89833 ], [ -128.02188, 51.89883 ], [ -128.02279, 51.9057 ], [ -128.03354, 51.9006 ], [ -128.01936, 51.89638 ], [ -128.01365, 51.89649 ], [ -128.01128, 51.88955 ], [ -128.00518, 51.89597 ], [ -128.01463, 51.84348 ], [ -128.0232, 51.84192 ], [ -128.02163, 51.85063 ], [ -128.03066, 51.83942 ], [ -128.07013, 51.84217 ], [ -128.07373, 51.83901 ], [ -128.03282, 51.83662 ], [ -128.02771, 51.83093 ], [ -128.03599, 51.8186 ], [ -128.04165, 51.8175 ], [ -128.04133, 51.82572 ], [ -128.04466, 51.8279 ], [ -128.05906, 51.8189 ], [ -128.05209, 51.80388 ], [ -128.05842, 51.7988 ], [ -128.06096, 51.80322 ], [ -128.06257, 51.7938 ], [ -128.07757, 51.78606 ], [ -128.08014, 51.79359 ], [ -128.08882, 51.78702 ], [ -128.10791, 51.78844 ], [ -128.10982, 51.7948 ], [ -128.10647, 51.79589 ], [ -128.10186, 51.8014 ], [ -128.10214, 51.80516 ], [ -128.091, 51.80466 ], [ -128.08966, 51.80633 ], [ -128.10069, 51.8061 ], [ -128.09932, 51.81454 ], [ -128.10868, 51.81067 ], [ -128.11013, 51.8237 ], [ -128.11988, 51.80697 ], [ -128.1336, 51.80802 ], [ -128.13309, 51.81907 ], [ -128.12504, 51.81941 ], [ -128.12181, 51.82069 ], [ -128.11879, 51.82296 ], [ -128.11915, 51.82543 ], [ -128.11268, 51.82671 ], [ -128.10093, 51.84057 ], [ -128.11976, 51.83621 ], [ -128.11229, 51.85178 ], [ -128.12345, 51.85028 ], [ -128.12737, 51.8573 ], [ -128.11402, 51.86138 ], [ -128.11216, 51.8824 ], [ -128.08804, 51.90461 ], [ -128.08708, 51.92328 ], [ -128.07019, 51.92716 ], [ -128.06981, 51.93274 ], [ -128.05518, 51.92731 ], [ -128.04326, 51.92895 ], [ -128.03931, 51.9355 ], [ -128.03239, 51.92897 ], [ -128.03325, 51.94461 ], [ -128.02214, 51.94709 ], [ -128.04968, 51.95133 ], [ -128.04613, 51.93545 ], [ -128.07013, 51.93332 ], [ -128.07574, 51.93654 ], [ -128.0791, 51.94733 ], [ -128.07548, 51.9491 ], [ -128.08763, 51.95222 ], [ -128.09876, 51.94548 ], [ -128.10627, 51.95701 ], [ -128.10423, 51.95962 ], [ -128.13095, 51.95715 ], [ -128.12224, 51.9545 ], [ -128.13321, 51.95114 ], [ -128.13166, 51.94554 ], [ -128.12614, 51.94924 ], [ -128.12515, 51.94334 ], [ -128.11866, 51.94266 ], [ -128.11302, 51.94676 ], [ -128.1125, 51.93417 ], [ -128.09885, 51.93685 ], [ -128.10238, 51.93485 ], [ -128.10116, 51.92282 ], [ -128.09358, 51.90244 ], [ -128.12319, 51.87406 ], [ -128.11866, 51.88427 ], [ -128.12625, 51.88741 ], [ -128.11915, 51.89468 ], [ -128.12102, 51.89782 ], [ -128.13191, 51.87683 ], [ -128.14258, 51.87175 ], [ -128.15324, 51.882 ], [ -128.13702, 51.88297 ], [ -128.13189, 51.88773 ], [ -128.13738, 51.89235 ], [ -128.15112, 51.88871 ], [ -128.16422, 51.87575 ], [ -128.15691, 51.87124 ], [ -128.16359, 51.86995 ], [ -128.16796, 51.84644 ], [ -128.17259, 51.86509 ], [ -128.20314, 51.86019 ], [ -128.21338, 51.87222 ], [ -128.21394, 51.86197 ], [ -128.22988, 51.86664 ], [ -128.23134, 51.86197 ], [ -128.22877, 51.88203 ], [ -128.23707, 51.88723 ], [ -128.23609, 51.88133 ], [ -128.2432, 51.87865 ], [ -128.25059, 51.88985 ], [ -128.22577, 51.88863 ], [ -128.23938, 51.89814 ], [ -128.22874, 51.89594 ], [ -128.22691, 51.90154 ], [ -128.20968, 51.89173 ], [ -128.19048, 51.91148 ], [ -128.18509, 51.90238 ], [ -128.18937, 51.92481 ], [ -128.16022, 51.9342 ], [ -128.17481, 51.90961 ], [ -128.17688, 51.89747 ], [ -128.17365, 51.89767 ], [ -128.15962, 51.91133 ], [ -128.15879, 51.93171 ], [ -128.13046, 51.93681 ], [ -128.13733, 51.94206 ], [ -128.15023, 51.93738 ], [ -128.14874, 51.94298 ], [ -128.16076, 51.93521 ], [ -128.18776, 51.93732 ], [ -128.19062, 51.93382 ], [ -128.19181, 51.93897 ], [ -128.19655, 51.93561 ], [ -128.20454, 51.96435 ], [ -128.18795, 51.97366 ], [ -128.18728, 51.9774 ], [ -128.19367, 51.97926 ], [ -128.18185, 51.99068 ], [ -128.16371, 51.99787 ], [ -128.15671, 52.03946 ], [ -128.12338, 52.05512 ], [ -128.12175, 52.06304 ], [ -128.10535, 52.05028 ], [ -128.10966, 52.07118 ], [ -128.09004, 52.05928 ], [ -128.09119, 52.04765 ], [ -128.08093, 52.05481 ], [ -128.06677, 52.04411 ], [ -128.07294, 52.05664 ], [ -128.05647, 52.04936 ] ] ], [ [ [ -128.22998, 51.93264 ], [ -128.25339, 51.93388 ], [ -128.2434, 51.9499 ], [ -128.23468, 51.94196 ], [ -128.22998, 51.93264 ] ] ], [ [ [ -128.22376, 51.94527 ], [ -128.2215, 51.9522 ], [ -128.23897, 51.95015 ], [ -128.23123, 51.97705 ], [ -128.22723, 51.9716 ], [ -128.22159, 51.97652 ], [ -128.21497, 51.96844 ], [ -128.21871, 51.95112 ], [ -128.22376, 51.94527 ] ] ], [ [ [ -128.23101, 51.99865 ], [ -128.22313, 52.01125 ], [ -128.21616, 52.01208 ], [ -128.21279, 52.00515 ], [ -128.21135, 52.00416 ], [ -128.21612, 51.99449 ], [ -128.21783, 51.99996 ], [ -128.23101, 51.99865 ] ] ], [ [ [ -128.15048, 52.19638 ], [ -128.15349, 52.19191 ], [ -128.14979, 52.18629 ], [ -128.13703, 52.1975 ], [ -128.12846, 52.1868 ], [ -128.11151, 52.18506 ], [ -128.1322, 52.17651 ], [ -128.13319, 52.18736 ], [ -128.14317, 52.18622 ], [ -128.1469, 52.13701 ], [ -128.13398, 52.13155 ], [ -128.14662, 52.10453 ], [ -128.13428, 52.08598 ], [ -128.14782, 52.08104 ], [ -128.15786, 52.08449 ], [ -128.15345, 52.07163 ], [ -128.18645, 52.05185 ], [ -128.19231, 52.0735 ], [ -128.19989, 52.08136 ], [ -128.19807, 52.08588 ], [ -128.20225, 52.08551 ], [ -128.20083, 52.08997 ], [ -128.21393, 52.09012 ], [ -128.2261, 52.0796 ], [ -128.21493, 52.0724 ], [ -128.20934, 52.08597 ], [ -128.19376, 52.07327 ], [ -128.19231, 52.04543 ], [ -128.17958, 52.03186 ], [ -128.18988, 52.02557 ], [ -128.18762, 52.02943 ], [ -128.19455, 52.03249 ], [ -128.19633, 52.03169 ], [ -128.19053, 52.02496 ], [ -128.18316, 52.02639 ], [ -128.18345, 52.00987 ], [ -128.20924, 52.01867 ], [ -128.19646, 52.01688 ], [ -128.18799, 52.01974 ], [ -128.19057, 52.02054 ], [ -128.20468, 52.0217 ], [ -128.23799, 52.01484 ], [ -128.23455, 52.0197 ], [ -128.24003, 52.02323 ], [ -128.23547, 52.02639 ], [ -128.25212, 52.03068 ], [ -128.24777, 52.04753 ], [ -128.2361, 52.04498 ], [ -128.24268, 52.0829 ], [ -128.2236, 52.05714 ], [ -128.20793, 52.04987 ], [ -128.20778, 52.05533 ], [ -128.23919, 52.09004 ], [ -128.2463, 52.08601 ], [ -128.2817, 52.1021 ], [ -128.26579, 52.10749 ], [ -128.27027, 52.11383 ], [ -128.2627, 52.11224 ], [ -128.24829, 52.13086 ], [ -128.23618, 52.12263 ], [ -128.23265, 52.14091 ], [ -128.25392, 52.13432 ], [ -128.25419, 52.13764 ], [ -128.26224, 52.14379 ], [ -128.25709, 52.13437 ], [ -128.26947, 52.11693 ], [ -128.28254, 52.11293 ], [ -128.28673, 52.1073 ], [ -128.29274, 52.11211 ], [ -128.26533, 52.14498 ], [ -128.25601, 52.1448 ], [ -128.23997, 52.18267 ], [ -128.20563, 52.19282 ], [ -128.18352, 52.19548 ], [ -128.1766, 52.18687 ], [ -128.16811, 52.19264 ], [ -128.18579, 52.21113 ], [ -128.17897, 52.20701 ], [ -128.17225, 52.21291 ], [ -128.1723, 52.20404 ], [ -128.16572, 52.20119 ], [ -128.15669, 52.20839 ], [ -128.15048, 52.19638 ] ] ], [ [ [ -128.05236, 52.16748 ], [ -128.05193, 52.1617 ], [ -128.08006, 52.16311 ], [ -128.07554, 52.1687 ], [ -128.05236, 52.16748 ] ] ], [ [ [ -128.18985, 52.25848 ], [ -128.19129, 52.25008 ], [ -128.21919, 52.25215 ], [ -128.22436, 52.2574 ], [ -128.20871, 52.26219 ], [ -128.18985, 52.25848 ] ] ], [ [ [ -128.02976, 52.29032 ], [ -128.02408, 52.27926 ], [ -128.03046, 52.27796 ], [ -128.03496, 52.27228 ], [ -128.04228, 52.28149 ], [ -128.05316, 52.25135 ], [ -128.07991, 52.23116 ], [ -128.0967, 52.23307 ], [ -128.11991, 52.22552 ], [ -128.15304, 52.24183 ], [ -128.18245, 52.23674 ], [ -128.17629, 52.24847 ], [ -128.14908, 52.24685 ], [ -128.14856, 52.25097 ], [ -128.15416, 52.25505 ], [ -128.15037, 52.25903 ], [ -128.15209, 52.26029 ], [ -128.14631, 52.26191 ], [ -128.13816, 52.2681 ], [ -128.10633, 52.27273 ], [ -128.10006, 52.27169 ], [ -128.09496, 52.26757 ], [ -128.08745, 52.27314 ], [ -128.08299, 52.26739 ], [ -128.07928, 52.27461 ], [ -128.10014, 52.28269 ], [ -128.09706, 52.29259 ], [ -128.0462, 52.30916 ], [ -128.00051, 52.29931 ], [ -128.00277, 52.28439 ], [ -128.01601, 52.28969 ], [ -128.01928, 52.2808 ], [ -128.02976, 52.29032 ] ] ], [ [ [ -128.04696, 52.31891 ], [ -128.07345, 52.31763 ], [ -128.11058, 52.29813 ], [ -128.11528, 52.30396 ], [ -128.1288, 52.28154 ], [ -128.16714, 52.27313 ], [ -128.17459, 52.27746 ], [ -128.16461, 52.28294 ], [ -128.17352, 52.28389 ], [ -128.18995, 52.27459 ], [ -128.20582, 52.28523 ], [ -128.18985, 52.29276 ], [ -128.20517, 52.29947 ], [ -128.19664, 52.30611 ], [ -128.18426, 52.29559 ], [ -128.17522, 52.29659 ], [ -128.16889, 52.30014 ], [ -128.19691, 52.31527 ], [ -128.17356, 52.32847 ], [ -128.10765, 52.43807 ], [ -128.09751, 52.43687 ], [ -128.09491, 52.42576 ], [ -128.08279, 52.41311 ], [ -128.07894, 52.41372 ], [ -128.04696, 52.31891 ] ] ], [ [ [ -127.66579, 51.27994 ], [ -127.64605, 51.28793 ], [ -127.63111, 51.28638 ], [ -127.63967, 51.28638 ], [ -127.64406, 51.28006 ], [ -127.65227, 51.27776 ], [ -127.66546, 51.27622 ], [ -127.66579, 51.27994 ] ] ], [ [ [ -127.52401, 51.30812 ], [ -127.51635, 51.30852 ], [ -127.48884, 51.30514 ], [ -127.474, 51.30059 ], [ -127.43528, 51.30381 ], [ -127.37702, 51.29562 ], [ -127.4664, 51.28347 ], [ -127.49495, 51.27353 ], [ -127.53003, 51.27623 ], [ -127.58135, 51.26963 ], [ -127.58319, 51.26434 ], [ -127.58323, 51.26997 ], [ -127.55934, 51.28475 ], [ -127.55749, 51.29225 ], [ -127.56314, 51.29173 ], [ -127.56449, 51.29362 ], [ -127.56577, 51.29352 ], [ -127.57324, 51.2819 ], [ -127.57651, 51.28755 ], [ -127.60801, 51.28781 ], [ -127.60372, 51.29347 ], [ -127.61259, 51.29547 ], [ -127.59614, 51.3036 ], [ -127.56934, 51.30404 ], [ -127.57342, 51.29309 ], [ -127.5603, 51.30727 ], [ -127.53689, 51.29651 ], [ -127.52779, 51.31049 ], [ -127.52401, 51.30812 ] ] ], [ [ [ -127.63042, 51.46841 ], [ -127.62319, 51.46858 ], [ -127.62367, 51.46586 ], [ -127.64246, 51.45806 ], [ -127.64052, 51.47309 ], [ -127.65045, 51.47562 ], [ -127.65454, 51.46127 ], [ -127.66436, 51.46175 ], [ -127.6617, 51.47073 ], [ -127.678, 51.46242 ], [ -127.67706, 51.47309 ], [ -127.64953, 51.48877 ], [ -127.64694, 51.48828 ], [ -127.64036, 51.48841 ], [ -127.63613, 51.48906 ], [ -127.62562, 51.4941 ], [ -127.63042, 51.46841 ] ] ], [ [ [ -127.70514, 51.50159 ], [ -127.71621, 51.49839 ], [ -127.70319, 51.48953 ], [ -127.70945, 51.48508 ], [ -127.71392, 51.49117 ], [ -127.72031, 51.48094 ], [ -127.70586, 51.48427 ], [ -127.70179, 51.47742 ], [ -127.72218, 51.46635 ], [ -127.72836, 51.47525 ], [ -127.74317, 51.47595 ], [ -127.73558, 51.47929 ], [ -127.74824, 51.48967 ], [ -127.75423, 51.48499 ], [ -127.76842, 51.4891 ], [ -127.73128, 51.51018 ], [ -127.72502, 51.50595 ], [ -127.73993, 51.5011 ], [ -127.7416, 51.49878 ], [ -127.69627, 51.50829 ], [ -127.70281, 51.49623 ], [ -127.70514, 51.50159 ] ] ], [ [ [ -127.69235, 51.5164 ], [ -127.7182, 51.51534 ], [ -127.71201, 51.52738 ], [ -127.69089, 51.52255 ], [ -127.69235, 51.5164 ] ] ], [ [ [ -127.5817, 51.51941 ], [ -127.57901, 51.54572 ], [ -127.58228, 51.54709 ], [ -127.59064, 51.51125 ], [ -127.5985, 51.50514 ], [ -127.59575, 51.51055 ], [ -127.60696, 51.51205 ], [ -127.59602, 51.49145 ], [ -127.60503, 51.49552 ], [ -127.61543, 51.48356 ], [ -127.62316, 51.48866 ], [ -127.62008, 51.49578 ], [ -127.61957, 51.51886 ], [ -127.63095, 51.50987 ], [ -127.63082, 51.50926 ], [ -127.62046, 51.50993 ], [ -127.6268, 51.49456 ], [ -127.66693, 51.49205 ], [ -127.65693, 51.49973 ], [ -127.68298, 51.49349 ], [ -127.68343, 51.50637 ], [ -127.67028, 51.5083 ], [ -127.67111, 51.50146 ], [ -127.66734, 51.49994 ], [ -127.66284, 51.5083 ], [ -127.64262, 51.50998 ], [ -127.62567, 51.53922 ], [ -127.60255, 51.5577 ], [ -127.59826, 51.54996 ], [ -127.57944, 51.57394 ], [ -127.57643, 51.56805 ], [ -127.5747, 51.57041 ], [ -127.57026, 51.57088 ], [ -127.56375, 51.53376 ], [ -127.5817, 51.51941 ] ] ], [ [ [ -128.13394, 51.65804 ], [ -128.11881, 51.65227 ], [ -128.12076, 51.64216 ], [ -128.10887, 51.65227 ], [ -128.09339, 51.64999 ], [ -128.10797, 51.64136 ], [ -128.10788, 51.63928 ], [ -128.09076, 51.64565 ], [ -128.08714, 51.6385 ], [ -128.07427, 51.65182 ], [ -127.95574, 51.64678 ], [ -127.91471, 51.60826 ], [ -127.89719, 51.55307 ], [ -127.91118, 51.53279 ], [ -127.93969, 51.5282 ], [ -127.90384, 51.51997 ], [ -127.87575, 51.46342 ], [ -127.87894, 51.44456 ], [ -127.894, 51.43298 ], [ -127.88716, 51.42721 ], [ -127.89469, 51.42716 ], [ -127.90421, 51.41745 ], [ -127.91254, 51.42588 ], [ -127.91919, 51.42134 ], [ -127.92957, 51.42787 ], [ -127.93834, 51.42687 ], [ -127.93462, 51.43196 ], [ -127.94597, 51.43194 ], [ -127.94487, 51.44 ], [ -127.95668, 51.44003 ], [ -127.95118, 51.45226 ], [ -127.96314, 51.45142 ], [ -127.95416, 51.45724 ], [ -127.9686, 51.46136 ], [ -127.97941, 51.45687 ], [ -127.98557, 51.46727 ], [ -128.00513, 51.47888 ], [ -128.02515, 51.46231 ], [ -128.04626, 51.46752 ], [ -128.04366, 51.47221 ], [ -128.06787, 51.47092 ], [ -128.08807, 51.48138 ], [ -128.09281, 51.50643 ], [ -128.11126, 51.52716 ], [ -128.11762, 51.57446 ], [ -128.15117, 51.59953 ], [ -128.1425, 51.61133 ], [ -128.14427, 51.6255 ], [ -128.15091, 51.62581 ], [ -128.1432, 51.6362 ], [ -128.1552, 51.63983 ], [ -128.13867, 51.65385 ], [ -128.15379, 51.65578 ], [ -128.15263, 51.6597 ], [ -128.15469, 51.66246 ], [ -128.11692, 51.66772 ], [ -128.09979, 51.68794 ], [ -128.09126, 51.67903 ], [ -128.09806, 51.65623 ], [ -128.11252, 51.65603 ], [ -128.11869, 51.6646 ], [ -128.12275, 51.6557 ], [ -128.13394, 51.65804 ] ] ], [ [ [ -127.80209, 51.60742 ], [ -127.8067, 51.58965 ], [ -127.82156, 51.58173 ], [ -127.82928, 51.59095 ], [ -127.81611, 51.6076 ], [ -127.80209, 51.60742 ] ] ], [ [ [ -127.82976, 51.61156 ], [ -127.83031, 51.60448 ], [ -127.86008, 51.59951 ], [ -127.85722, 51.61251 ], [ -127.82976, 51.61156 ] ] ], [ [ [ -128.06577, 52.15334 ], [ -128.07393, 52.15561 ], [ -128.06177, 52.15764 ], [ -128.00786, 52.14339 ], [ -128.01043, 52.1518 ], [ -128.04566, 52.16218 ], [ -128.00777, 52.1708 ], [ -127.92571, 52.15724 ], [ -127.92542, 52.15956 ], [ -127.92305, 52.15997 ], [ -127.91304, 52.15092 ], [ -127.90433, 52.162 ], [ -127.90534, 52.1718 ], [ -127.883, 52.18388 ], [ -127.89026, 52.12647 ], [ -127.91841, 52.11976 ], [ -127.94249, 52.07581 ], [ -127.96573, 52.0749 ], [ -127.99749, 52.08677 ], [ -128.05661, 52.0802 ], [ -128.08138, 52.08682 ], [ -128.08452, 52.09004 ], [ -128.0832, 52.09157 ], [ -128.08643, 52.09522 ], [ -128.08854, 52.08882 ], [ -128.09052, 52.08962 ], [ -128.09553, 52.08813 ], [ -128.10101, 52.08977 ], [ -128.11722, 52.10401 ], [ -128.1099, 52.1213 ], [ -128.12159, 52.12098 ], [ -128.13524, 52.14795 ], [ -128.11607, 52.15931 ], [ -128.10516, 52.16016 ], [ -128.10622, 52.15693 ], [ -128.09704, 52.15545 ], [ -128.10254, 52.15323 ], [ -128.07759, 52.14104 ], [ -128.06577, 52.15334 ] ] ], [ [ [ -127.24973, 52.38261 ], [ -127.23566, 52.36711 ], [ -127.19635, 52.35413 ], [ -127.21764, 52.34313 ], [ -127.21206, 52.32369 ], [ -127.23451, 52.31706 ], [ -127.26037, 52.28813 ], [ -127.28254, 52.29032 ], [ -127.31088, 52.26343 ], [ -127.3479, 52.26499 ], [ -127.36887, 52.24894 ], [ -127.40643, 52.25211 ], [ -127.42792, 52.24658 ], [ -127.45642, 52.21691 ], [ -127.4932, 52.21297 ], [ -127.51904, 52.19779 ], [ -127.51763, 52.18428 ], [ -127.56773, 52.18533 ], [ -127.58387, 52.17245 ], [ -127.57419, 52.15129 ], [ -127.60766, 52.14711 ], [ -127.6152, 52.13993 ], [ -127.63789, 52.1426 ], [ -127.66365, 52.10607 ], [ -127.66921, 52.07193 ], [ -127.6962, 52.03831 ], [ -127.69155, 52.00211 ], [ -127.70955, 51.96607 ], [ -127.77506, 51.9664 ], [ -127.78037, 51.95874 ], [ -127.80487, 51.95455 ], [ -127.81794, 51.96011 ], [ -127.84395, 51.9378 ], [ -127.86816, 51.94222 ], [ -127.87495, 51.93372 ], [ -127.88252, 51.94251 ], [ -127.89525, 51.931 ], [ -127.89034, 51.96033 ], [ -127.87821, 51.96679 ], [ -127.89921, 51.97847 ], [ -127.90271, 52.01198 ], [ -127.89488, 52.03947 ], [ -127.87619, 52.0535 ], [ -127.86732, 52.04228 ], [ -127.83436, 52.05968 ], [ -127.85158, 52.06184 ], [ -127.86238, 52.07759 ], [ -127.86663, 52.07405 ], [ -127.86851, 52.05443 ], [ -127.8896, 52.06317 ], [ -127.88271, 52.09542 ], [ -127.75048, 52.1061 ], [ -127.75178, 52.11157 ], [ -127.77707, 52.11179 ], [ -127.82343, 52.10376 ], [ -127.84772, 52.11517 ], [ -127.84182, 52.12666 ], [ -127.85719, 52.12203 ], [ -127.86091, 52.12651 ], [ -127.84887, 52.1624 ], [ -127.81595, 52.19603 ], [ -127.78341, 52.21719 ], [ -127.77109, 52.24194 ], [ -127.71591, 52.24937 ], [ -127.65385, 52.26883 ], [ -127.62481, 52.26056 ], [ -127.59726, 52.22396 ], [ -127.59263, 52.23671 ], [ -127.61676, 52.26938 ], [ -127.5899, 52.2753 ], [ -127.56569, 52.29812 ], [ -127.4703, 52.32009 ], [ -127.45047, 52.3332 ], [ -127.44193, 52.37744 ], [ -127.42806, 52.38575 ], [ -127.38984, 52.38666 ], [ -127.3798, 52.40551 ], [ -127.37006, 52.4046 ], [ -127.33986, 52.40034 ], [ -127.29642, 52.41142 ], [ -127.27356, 52.43931 ], [ -127.25908, 52.42471 ], [ -127.23492, 52.42245 ], [ -127.24973, 52.38261 ] ] ], [ [ [ -127.07449, 53.25081 ], [ -127.06978, 53.28424 ], [ -127.0506, 53.2987 ], [ -127.01553, 53.30903 ], [ -126.98209, 53.27846 ], [ -126.97889, 53.26309 ], [ -127.01052, 53.2502 ], [ -127.05072, 53.20662 ], [ -127.03039, 53.20373 ], [ -127.01331, 53.18921 ], [ -127.00374, 53.15878 ], [ -127.01415, 53.13003 ], [ -127.03281, 53.11418 ], [ -127.00115, 53.0882 ], [ -127.01295, 53.07514 ], [ -126.98568, 53.07224 ], [ -126.94811, 53.09354 ], [ -126.93047, 53.0856 ], [ -126.88275, 53.08392 ], [ -126.86143, 53.10738 ], [ -126.84116, 53.1104 ], [ -126.82277, 53.10315 ], [ -126.80027, 53.07434 ], [ -126.7899, 53.00046 ], [ -126.72394, 52.99256 ], [ -126.72465, 52.99965 ], [ -126.70555, 53.00062 ], [ -126.64974, 53.03234 ], [ -126.62972, 53.00852 ], [ -126.60911, 53.00028 ], [ -126.6356, 52.98427 ], [ -126.62372, 52.97149 ], [ -126.64606, 52.94193 ], [ -126.59776, 52.91348 ], [ -126.58735, 52.87938 ], [ -126.6392, 52.84601 ], [ -126.61276, 52.83438 ], [ -126.60112, 52.81298 ], [ -126.55351, 52.81525 ], [ -126.55585, 52.79235 ], [ -126.53028, 52.77515 ], [ -126.45411, 52.7844 ], [ -126.44332, 52.79544 ], [ -126.41616, 52.79423 ], [ -126.37025, 52.82291 ], [ -126.33566, 52.82953 ], [ -126.33353, 52.7516 ], [ -126.34949, 52.73181 ], [ -126.34603, 52.70209 ], [ -126.36112, 52.70693 ], [ -126.37857, 52.69501 ], [ -126.41139, 52.68886 ], [ -126.41658, 52.66149 ], [ -126.44567, 52.65417 ], [ -126.39632, 52.60257 ], [ -126.41048, 52.59323 ], [ -126.38468, 52.57833 ], [ -126.34437, 52.52452 ], [ -126.31799, 52.51834 ], [ -126.30081, 52.54531 ], [ -126.27041, 52.54121 ], [ -126.21227, 52.49494 ], [ -126.15401, 52.54563 ], [ -126.13777, 52.54986 ], [ -126.13603, 52.57691 ], [ -126.11829, 52.58812 ], [ -126.09257, 52.59407 ], [ -126.06687, 52.57979 ], [ -126.04678, 52.58157 ], [ -126.00658, 52.60212 ], [ -126.0107, 52.61384 ], [ -125.98799, 52.6193 ], [ -125.95817, 52.60298 ], [ -125.93743, 52.62227 ], [ -125.85564, 52.63213 ], [ -125.84968, 52.61984 ], [ -125.86655, 52.6106 ], [ -125.85459, 52.57922 ], [ -125.82417, 52.57699 ], [ -125.82653, 52.55806 ], [ -125.80181, 52.55038 ], [ -125.809, 52.54062 ], [ -125.79003, 52.53381 ], [ -125.79936, 52.52523 ], [ -125.74659, 52.49835 ], [ -125.75546, 52.48294 ], [ -125.73518, 52.47984 ], [ -125.62046, 52.51115 ], [ -125.55717, 52.50287 ], [ -125.49477, 52.48057 ], [ -125.46253, 52.47851 ], [ -125.45742, 52.45846 ], [ -125.47575, 52.45291 ], [ -125.48938, 52.43197 ], [ -125.47978, 52.40219 ], [ -125.42969, 52.40451 ], [ -125.38404, 52.39573 ], [ -125.35865, 52.38069 ], [ -125.34372, 52.34494 ], [ -125.34948, 52.33719 ], [ -125.38281, 52.32956 ], [ -125.37791, 52.31747 ], [ -125.40059, 52.30828 ], [ -125.42091, 52.28048 ], [ -125.4394, 52.27616 ], [ -125.45518, 52.28705 ], [ -125.46871, 52.28642 ], [ -125.48539, 52.25275 ], [ -125.51094, 52.24687 ], [ -125.50267, 52.22926 ], [ -125.45781, 52.21426 ], [ -125.45136, 52.20455 ], [ -125.46262, 52.18692 ], [ -125.54559, 52.16742 ], [ -125.57295, 52.17305 ], [ -125.57368, 52.158 ], [ -125.6296, 52.14916 ], [ -125.62986, 52.13963 ], [ -125.66884, 52.12203 ], [ -125.6591, 52.06056 ], [ -125.62337, 52.04877 ], [ -125.60596, 52.05699 ], [ -125.5796, 52.05557 ], [ -125.61632, 51.98786 ], [ -125.61188, 51.97715 ], [ -125.59807, 51.97432 ], [ -125.60442, 51.96724 ], [ -125.57481, 51.9315 ], [ -125.5846, 51.90297 ], [ -125.61163, 51.90326 ], [ -125.65666, 51.9241 ], [ -125.69578, 51.96493 ], [ -125.72083, 52.0085 ], [ -125.73968, 52.01231 ], [ -125.77708, 52.0009 ], [ -125.81465, 51.97542 ], [ -125.85592, 51.97737 ], [ -125.87636, 51.96988 ], [ -125.87292, 51.89724 ], [ -125.91437, 51.89015 ], [ -125.92706, 51.81778 ], [ -125.97165, 51.78882 ], [ -125.95017, 51.77557 ], [ -125.94876, 51.76235 ], [ -125.9983, 51.7237 ], [ -125.99118, 51.6883 ], [ -125.95518, 51.69221 ], [ -125.94414, 51.68518 ], [ -125.95068, 51.64844 ], [ -125.90822, 51.62572 ], [ -125.91032, 51.61433 ], [ -125.93242, 51.5956 ], [ -125.9818, 51.58069 ], [ -126.02813, 51.59994 ], [ -126.05071, 51.5926 ], [ -126.06256, 51.5819 ], [ -126.05302, 51.56556 ], [ -126.08588, 51.5409 ], [ -126.08501, 51.52512 ], [ -126.11798, 51.51832 ], [ -126.09903, 51.47511 ], [ -126.10664, 51.46219 ], [ -126.14882, 51.46571 ], [ -126.14829, 51.44973 ], [ -126.1724, 51.43585 ], [ -126.1903, 51.4366 ], [ -126.2279, 51.45634 ], [ -126.29272, 51.45415 ], [ -126.30406, 51.46313 ], [ -126.32451, 51.45675 ], [ -126.34949, 51.46146 ], [ -126.36305, 51.45359 ], [ -126.38582, 51.4805 ], [ -126.41887, 51.47833 ], [ -126.43838, 51.48723 ], [ -126.50715, 51.42604 ], [ -126.5284, 51.41821 ], [ -126.55638, 51.42023 ], [ -126.56511, 51.40836 ], [ -126.58542, 51.4063 ], [ -126.61611, 51.41448 ], [ -126.60636, 51.4223 ], [ -126.61993, 51.44344 ], [ -126.65736, 51.45022 ], [ -126.69887, 51.47957 ], [ -126.72546, 51.44062 ], [ -126.69907, 51.40973 ], [ -126.70968, 51.37818 ], [ -126.72546, 51.34517 ], [ -126.75025, 51.33331 ], [ -126.76232, 51.30248 ], [ -126.81019, 51.29906 ], [ -126.84064, 51.32301 ], [ -126.85543, 51.32249 ], [ -126.86904, 51.30556 ], [ -126.89211, 51.30674 ], [ -126.92377, 51.27789 ], [ -126.92251, 51.24201 ], [ -126.95428, 51.23566 ], [ -126.98675, 51.24223 ], [ -127.02642, 51.23048 ], [ -127.07348, 51.2296 ], [ -127.20805, 51.19719 ], [ -127.23498, 51.21941 ], [ -127.25267, 51.21964 ], [ -127.25567, 51.21137 ], [ -127.3234, 51.20925 ], [ -127.391, 51.22851 ], [ -127.44281, 51.22767 ], [ -127.4529, 51.22448 ], [ -127.45683, 51.20433 ], [ -127.49285, 51.20156 ], [ -127.4952, 51.18905 ], [ -127.50928, 51.18585 ], [ -127.52416, 51.18622 ], [ -127.53506, 51.19754 ], [ -127.64881, 51.18351 ], [ -127.65986, 51.19054 ], [ -127.73824, 51.18872 ], [ -127.7353, 51.15951 ], [ -127.77207, 51.15866 ], [ -127.78842, 51.16965 ], [ -127.78074, 51.17153 ], [ -127.78317, 51.17813 ], [ -127.77297, 51.17729 ], [ -127.77139, 51.18376 ], [ -127.79735, 51.19725 ], [ -127.77121, 51.21494 ], [ -127.77088, 51.21977 ], [ -127.78586, 51.23087 ], [ -127.77822, 51.22957 ], [ -127.78076, 51.23676 ], [ -127.77166, 51.23918 ], [ -127.76807, 51.24803 ], [ -127.76655, 51.24599 ], [ -127.73336, 51.25714 ], [ -127.73384, 51.25912 ], [ -127.71007, 51.25569 ], [ -127.67703, 51.27238 ], [ -127.6618, 51.27166 ], [ -127.65684, 51.27639 ], [ -127.63163, 51.28146 ], [ -127.61047, 51.27703 ], [ -127.62576, 51.27015 ], [ -127.60121, 51.26891 ], [ -127.59342, 51.27377 ], [ -127.60823, 51.27555 ], [ -127.6, 51.28417 ], [ -127.57205, 51.27997 ], [ -127.59965, 51.26518 ], [ -127.58217, 51.26059 ], [ -127.42538, 51.26883 ], [ -127.41828, 51.27674 ], [ -127.46536, 51.27748 ], [ -127.46034, 51.28134 ], [ -127.44987, 51.28383 ], [ -127.40486, 51.28502 ], [ -127.38277, 51.29005 ], [ -127.37777, 51.28522 ], [ -127.35668, 51.29087 ], [ -127.3483, 51.28957 ], [ -127.35396, 51.28385 ], [ -127.35246, 51.28091 ], [ -127.34336, 51.2908 ], [ -127.30061, 51.29216 ], [ -127.17896, 51.3183 ], [ -127.15735, 51.31692 ], [ -127.12309, 51.33786 ], [ -127.17014, 51.32676 ], [ -127.13541, 51.36056 ], [ -127.0784, 51.34855 ], [ -127.05639, 51.3526 ], [ -127.06358, 51.35431 ], [ -127.11586, 51.35875 ], [ -127.10686, 51.37323 ], [ -127.10648, 51.38315 ], [ -127.11672, 51.39989 ], [ -127.1243, 51.39261 ], [ -127.12805, 51.36934 ], [ -127.15696, 51.36183 ], [ -127.16467, 51.34297 ], [ -127.18552, 51.33891 ], [ -127.19262, 51.32478 ], [ -127.21515, 51.31759 ], [ -127.31791, 51.30048 ], [ -127.36793, 51.30506 ], [ -127.33797, 51.3074 ], [ -127.34809, 51.32689 ], [ -127.33455, 51.33497 ], [ -127.23637, 51.33747 ], [ -127.17637, 51.34903 ], [ -127.23773, 51.33982 ], [ -127.34665, 51.33832 ], [ -127.35303, 51.31124 ], [ -127.36994, 51.30697 ], [ -127.54038, 51.32005 ], [ -127.48741, 51.33508 ], [ -127.52308, 51.33253 ], [ -127.51784, 51.33915 ], [ -127.53444, 51.33864 ], [ -127.50297, 51.34708 ], [ -127.50892, 51.34054 ], [ -127.50604, 51.3409 ], [ -127.50511, 51.33933 ], [ -127.48626, 51.35126 ], [ -127.42728, 51.3637 ], [ -127.41683, 51.37985 ], [ -127.357, 51.39837 ], [ -127.35559, 51.4092 ], [ -127.39506, 51.38663 ], [ -127.4195, 51.38334 ], [ -127.44274, 51.37592 ], [ -127.42865, 51.37617 ], [ -127.43574, 51.36841 ], [ -127.46704, 51.36591 ], [ -127.4579, 51.37122 ], [ -127.46719, 51.37222 ], [ -127.57243, 51.33799 ], [ -127.57804, 51.3424 ], [ -127.65434, 51.33299 ], [ -127.67347, 51.34106 ], [ -127.69105, 51.33883 ], [ -127.70137, 51.32541 ], [ -127.72835, 51.32184 ], [ -127.72903, 51.32728 ], [ -127.74117, 51.33108 ], [ -127.73894, 51.31923 ], [ -127.75568, 51.32009 ], [ -127.75213, 51.32821 ], [ -127.78056, 51.32057 ], [ -127.768, 51.32676 ], [ -127.77682, 51.33506 ], [ -127.7876, 51.33525 ], [ -127.78136, 51.3521 ], [ -127.79265, 51.35644 ], [ -127.77558, 51.36714 ], [ -127.78426, 51.37239 ], [ -127.75526, 51.36923 ], [ -127.72128, 51.40182 ], [ -127.72258, 51.39607 ], [ -127.71073, 51.39732 ], [ -127.71704, 51.39321 ], [ -127.69385, 51.40333 ], [ -127.69844, 51.39799 ], [ -127.66709, 51.40328 ], [ -127.66561, 51.38252 ], [ -127.67444, 51.3792 ], [ -127.67147, 51.36812 ], [ -127.66691, 51.36848 ], [ -127.65336, 51.39841 ], [ -127.63425, 51.42258 ], [ -127.63222, 51.43236 ], [ -127.56568, 51.4729 ], [ -127.54087, 51.46545 ], [ -127.54384, 51.45813 ], [ -127.55343, 51.46229 ], [ -127.54512, 51.4545 ], [ -127.46605, 51.43418 ], [ -127.48588, 51.41223 ], [ -127.55636, 51.40159 ], [ -127.47627, 51.40338 ], [ -127.43871, 51.43784 ], [ -127.31508, 51.4274 ], [ -127.31455, 51.40627 ], [ -127.30377, 51.40057 ], [ -127.25434, 51.40592 ], [ -127.2392, 51.40935 ], [ -127.23462, 51.41259 ], [ -127.31048, 51.4077 ], [ -127.30096, 51.41173 ], [ -127.30428, 51.4308 ], [ -127.32635, 51.46343 ], [ -127.32442, 51.43954 ], [ -127.47813, 51.4447 ], [ -127.53415, 51.45754 ], [ -127.53742, 51.48696 ], [ -127.55458, 51.4732 ], [ -127.56336, 51.47759 ], [ -127.56176, 51.50118 ], [ -127.53656, 51.5071 ], [ -127.5454, 51.48875 ], [ -127.52106, 51.51329 ], [ -127.51252, 51.55553 ], [ -127.51483, 51.574 ], [ -127.52069, 51.56812 ], [ -127.52385, 51.57328 ], [ -127.50465, 51.62334 ], [ -127.47446, 51.62419 ], [ -127.44155, 51.63975 ], [ -127.40905, 51.63629 ], [ -127.38411, 51.65625 ], [ -127.35014, 51.65159 ], [ -127.32553, 51.66551 ], [ -127.26568, 51.66667 ], [ -127.2502, 51.67845 ], [ -127.26222, 51.68497 ], [ -127.33537, 51.69269 ], [ -127.34119, 51.7005 ], [ -127.33626, 51.70715 ], [ -127.336, 51.70948 ], [ -127.33733, 51.71215 ], [ -127.34907, 51.71921 ], [ -127.35281, 51.71793 ], [ -127.36066, 51.70207 ], [ -127.36471, 51.68177 ], [ -127.3953, 51.68274 ], [ -127.42299, 51.67131 ], [ -127.42955, 51.65702 ], [ -127.45118, 51.66449 ], [ -127.43486, 51.70572 ], [ -127.44875, 51.75468 ], [ -127.43722, 51.76636 ], [ -127.39597, 51.76536 ], [ -127.37892, 51.77944 ], [ -127.38691, 51.79595 ], [ -127.35655, 51.82327 ], [ -127.35622, 51.87174 ], [ -127.36354, 51.87307 ], [ -127.37136, 51.8326 ], [ -127.39478, 51.80663 ], [ -127.40038, 51.78177 ], [ -127.4277, 51.76855 ], [ -127.44493, 51.78555 ], [ -127.45181, 51.77998 ], [ -127.46305, 51.75047 ], [ -127.45736, 51.69532 ], [ -127.52642, 51.70629 ], [ -127.54379, 51.70187 ], [ -127.5614, 51.71238 ], [ -127.57195, 51.70643 ], [ -127.66148, 51.70731 ], [ -127.57543, 51.69696 ], [ -127.55147, 51.68236 ], [ -127.52444, 51.69284 ], [ -127.45804, 51.6852 ], [ -127.48495, 51.64624 ], [ -127.53406, 51.64074 ], [ -127.54999, 51.66367 ], [ -127.54807, 51.63814 ], [ -127.57365, 51.58595 ], [ -127.66154, 51.51682 ], [ -127.67633, 51.51315 ], [ -127.66904, 51.52595 ], [ -127.68534, 51.52718 ], [ -127.68792, 51.53686 ], [ -127.73635, 51.52186 ], [ -127.74883, 51.52653 ], [ -127.75713, 51.54515 ], [ -127.7709, 51.5378 ], [ -127.7699, 51.52309 ], [ -127.78083, 51.51699 ], [ -127.77968, 51.53019 ], [ -127.78643, 51.53147 ], [ -127.79584, 51.52887 ], [ -127.80124, 51.53301 ], [ -127.79274, 51.55113 ], [ -127.76679, 51.55857 ], [ -127.75208, 51.57096 ], [ -127.78789, 51.55578 ], [ -127.79552, 51.562 ], [ -127.79281, 51.57296 ], [ -127.8001, 51.5791 ], [ -127.78574, 51.58937 ], [ -127.7959, 51.5955 ], [ -127.78557, 51.60902 ], [ -127.7732, 51.60999 ], [ -127.77516, 51.59613 ], [ -127.75996, 51.59988 ], [ -127.75992, 51.58675 ], [ -127.75809, 51.58637 ], [ -127.75844, 51.58365 ], [ -127.75648, 51.58271 ], [ -127.74448, 51.6067 ], [ -127.73545, 51.60214 ], [ -127.73041, 51.60847 ], [ -127.72166, 51.60243 ], [ -127.7176, 51.60785 ], [ -127.6653, 51.60211 ], [ -127.68854, 51.61354 ], [ -127.68675, 51.63451 ], [ -127.70163, 51.61673 ], [ -127.70603, 51.61952 ], [ -127.7123, 51.61488 ], [ -127.71475, 51.61884 ], [ -127.72094, 51.61437 ], [ -127.7157, 51.65125 ], [ -127.727, 51.62812 ], [ -127.73471, 51.63809 ], [ -127.73844, 51.63106 ], [ -127.7519, 51.62902 ], [ -127.75449, 51.62388 ], [ -127.74958, 51.63705 ], [ -127.76364, 51.65345 ], [ -127.7645, 51.65321 ], [ -127.76436, 51.65154 ], [ -127.76038, 51.64318 ], [ -127.76927, 51.63237 ], [ -127.79506, 51.64735 ], [ -127.79206, 51.62315 ], [ -127.81681, 51.624 ], [ -127.81395, 51.62637 ], [ -127.82499, 51.64337 ], [ -127.81801, 51.66914 ], [ -127.84239, 51.639 ], [ -127.8737, 51.6737 ], [ -127.87699, 51.66964 ], [ -127.88045, 51.69569 ], [ -127.88695, 51.69242 ], [ -127.88958, 51.69262 ], [ -127.88803, 51.70331 ], [ -127.88142, 51.69735 ], [ -127.85726, 51.71372 ], [ -127.88625, 51.7068 ], [ -127.89153, 51.71532 ], [ -127.87359, 51.77416 ], [ -127.88321, 51.77671 ], [ -127.89736, 51.81582 ], [ -127.89199, 51.82819 ], [ -127.87337, 51.84132 ], [ -127.89332, 51.83872 ], [ -127.86857, 51.84379 ], [ -127.88194, 51.85192 ], [ -127.86563, 51.85629 ], [ -127.84873, 51.87455 ], [ -127.85526, 51.87577 ], [ -127.87155, 51.86637 ], [ -127.85707, 51.88411 ], [ -127.86348, 51.88884 ], [ -127.87427, 51.87682 ], [ -127.88668, 51.87811 ], [ -127.88238, 51.89706 ], [ -127.87158, 51.90533 ], [ -127.86795, 51.89696 ], [ -127.85978, 51.90663 ], [ -127.83891, 51.89822 ], [ -127.84218, 51.91267 ], [ -127.82334, 51.92731 ], [ -127.80492, 51.93633 ], [ -127.77625, 51.9362 ], [ -127.74776, 51.95277 ], [ -127.70461, 51.94059 ], [ -127.68444, 51.95312 ], [ -127.66787, 51.9512 ], [ -127.67403, 51.96625 ], [ -127.63011, 52.02471 ], [ -127.65534, 52.02955 ], [ -127.60723, 52.12166 ], [ -127.55509, 52.12318 ], [ -127.52702, 52.15835 ], [ -127.49142, 52.15733 ], [ -127.46359, 52.12702 ], [ -127.47462, 52.09985 ], [ -127.57706, 52.10199 ], [ -127.60361, 52.06429 ], [ -127.6119, 52.03131 ], [ -127.58522, 52.04591 ], [ -127.55421, 52.08977 ], [ -127.53448, 52.08927 ], [ -127.51342, 52.07694 ], [ -127.49182, 52.08485 ], [ -127.46752, 52.07699 ], [ -127.43891, 52.09176 ], [ -127.43571, 52.10739 ], [ -127.40182, 52.09967 ], [ -127.37547, 52.10072 ], [ -127.38685, 52.11265 ], [ -127.398, 52.11034 ], [ -127.39321, 52.10224 ], [ -127.39998, 52.11104 ], [ -127.43498, 52.11771 ], [ -127.43748, 52.13959 ], [ -127.45694, 52.17605 ], [ -127.47338, 52.18253 ], [ -127.47176, 52.18827 ], [ -127.42656, 52.1886 ], [ -127.40029, 52.20424 ], [ -127.39973, 52.21749 ], [ -127.37402, 52.22572 ], [ -127.359, 52.22081 ], [ -127.33997, 52.2333 ], [ -127.3282, 52.22796 ], [ -127.31472, 52.23537 ], [ -127.292, 52.23123 ], [ -127.25732, 52.26141 ], [ -127.23484, 52.26199 ], [ -127.21279, 52.2728 ], [ -127.20539, 52.29324 ], [ -127.18207, 52.29271 ], [ -127.17735, 52.31416 ], [ -127.16464, 52.30877 ], [ -127.1545, 52.31718 ], [ -127.11701, 52.31167 ], [ -127.08445, 52.29838 ], [ -127.03051, 52.3103 ], [ -127.0001, 52.29833 ], [ -126.95592, 52.26096 ], [ -126.92713, 52.18859 ], [ -126.83793, 52.14883 ], [ -126.69651, 52.0262 ], [ -126.70162, 51.99683 ], [ -126.68614, 51.99304 ], [ -126.69454, 51.98459 ], [ -126.68165, 51.9629 ], [ -126.66632, 51.96459 ], [ -126.68069, 51.99482 ], [ -126.67146, 52.00501 ], [ -126.68674, 52.01898 ], [ -126.6724, 52.0318 ], [ -126.67986, 52.03818 ], [ -126.65994, 52.03623 ], [ -126.71982, 52.07545 ], [ -126.74978, 52.11349 ], [ -126.78314, 52.13124 ], [ -126.7978, 52.15035 ], [ -126.9006, 52.19679 ], [ -126.91402, 52.21528 ], [ -126.91615, 52.25251 ], [ -126.96486, 52.30964 ], [ -126.94536, 52.31771 ], [ -126.92836, 52.34922 ], [ -126.9101, 52.34231 ], [ -126.88797, 52.34965 ], [ -126.87941, 52.36293 ], [ -126.8048, 52.3764 ], [ -126.78597, 52.37253 ], [ -126.76358, 52.37802 ], [ -126.7831, 52.3767 ], [ -126.77496, 52.39432 ], [ -126.79792, 52.39989 ], [ -126.88, 52.38094 ], [ -126.91543, 52.36415 ], [ -126.95643, 52.36687 ], [ -126.98198, 52.33419 ], [ -126.99474, 52.3312 ], [ -127.03392, 52.33972 ], [ -127.07825, 52.33304 ], [ -127.10992, 52.33409 ], [ -127.13101, 52.34574 ], [ -127.135, 52.33975 ], [ -127.16015, 52.3422 ], [ -127.18677, 52.37837 ], [ -127.19935, 52.38467 ], [ -127.21735, 52.38606 ], [ -127.19108, 52.40548 ], [ -127.18805, 52.41798 ], [ -127.20131, 52.43851 ], [ -127.24226, 52.45038 ], [ -127.21558, 52.47146 ], [ -127.23599, 52.52986 ], [ -127.22658, 52.53696 ], [ -127.19191, 52.54004 ], [ -127.1878, 52.55749 ], [ -127.15633, 52.57161 ], [ -127.11696, 52.57809 ], [ -127.09957, 52.60583 ], [ -127.0743, 52.61728 ], [ -127.03786, 52.62845 ], [ -126.98727, 52.62916 ], [ -126.97406, 52.68075 ], [ -126.91728, 52.7155 ], [ -126.91705, 52.72495 ], [ -126.94075, 52.73529 ], [ -126.95762, 52.76181 ], [ -126.95404, 52.80438 ], [ -126.9823, 52.81301 ], [ -126.96621, 52.83924 ], [ -127.01033, 52.83875 ], [ -127.07356, 52.8832 ], [ -127.08412, 52.88407 ], [ -127.08027, 52.86928 ], [ -126.9959, 52.81297 ], [ -126.98696, 52.79372 ], [ -127.0023, 52.76375 ], [ -126.96287, 52.71635 ], [ -127.00895, 52.68422 ], [ -127.00968, 52.66815 ], [ -127.03231, 52.66453 ], [ -127.0379, 52.6426 ], [ -127.11261, 52.62169 ], [ -127.13415, 52.59379 ], [ -127.16741, 52.60554 ], [ -127.16696, 52.60189 ], [ -127.16959, 52.60869 ], [ -127.16276, 52.58868 ], [ -127.18186, 52.57757 ], [ -127.21693, 52.5677 ], [ -127.24353, 52.58232 ], [ -127.2209, 52.5575 ], [ -127.25565, 52.54283 ], [ -127.27024, 52.52065 ], [ -127.26599, 52.49823 ], [ -127.28206, 52.50011 ], [ -127.28805, 52.49655 ], [ -127.29148, 52.49675 ], [ -127.29493, 52.49453 ], [ -127.27584, 52.49612 ], [ -127.26013, 52.47585 ], [ -127.27216, 52.46269 ], [ -127.30679, 52.45351 ], [ -127.31713, 52.44289 ], [ -127.3132, 52.45532 ], [ -127.32437, 52.45274 ], [ -127.32665, 52.4263 ], [ -127.35036, 52.41714 ], [ -127.37567, 52.42358 ], [ -127.40875, 52.4177 ], [ -127.42867, 52.42692 ], [ -127.56904, 52.54598 ], [ -127.62022, 52.60866 ], [ -127.63281, 52.60714 ], [ -127.61011, 52.56695 ], [ -127.51758, 52.49017 ], [ -127.4892, 52.45418 ], [ -127.45137, 52.42381 ], [ -127.41833, 52.40978 ], [ -127.42529, 52.40118 ], [ -127.43595, 52.41418 ], [ -127.45434, 52.40704 ], [ -127.48112, 52.37564 ], [ -127.54141, 52.3998 ], [ -127.48513, 52.36958 ], [ -127.47618, 52.35341 ], [ -127.48862, 52.33821 ], [ -127.53815, 52.33145 ], [ -127.57201, 52.31611 ], [ -127.60037, 52.3197 ], [ -127.60601, 52.29374 ], [ -127.62843, 52.28382 ], [ -127.67225, 52.29433 ], [ -127.71685, 52.27201 ], [ -127.753, 52.26967 ], [ -127.76275, 52.27825 ], [ -127.74755, 52.29293 ], [ -127.75189, 52.3129 ], [ -127.73201, 52.32912 ], [ -127.73366, 52.33946 ], [ -127.71797, 52.35004 ], [ -127.69504, 52.34592 ], [ -127.6855, 52.35147 ], [ -127.72275, 52.36037 ], [ -127.76124, 52.31975 ], [ -127.76129, 52.30034 ], [ -127.785, 52.2678 ], [ -127.81892, 52.25032 ], [ -127.85459, 52.20689 ], [ -127.88252, 52.19927 ], [ -127.89849, 52.22462 ], [ -127.90075, 52.2588 ], [ -127.93029, 52.2922 ], [ -127.92636, 52.34756 ], [ -127.86618, 52.36279 ], [ -127.83779, 52.33836 ], [ -127.85473, 52.3889 ], [ -127.87547, 52.39544 ], [ -127.88246, 52.42677 ], [ -127.89178, 52.42732 ], [ -127.89834, 52.41396 ], [ -127.92539, 52.43039 ], [ -127.9274, 52.44491 ], [ -127.88867, 52.46171 ], [ -127.89001, 52.48267 ], [ -127.87156, 52.49535 ], [ -127.84754, 52.49319 ], [ -127.82976, 52.47296 ], [ -127.81333, 52.47601 ], [ -127.80211, 52.45128 ], [ -127.78378, 52.44888 ], [ -127.7438, 52.4634 ], [ -127.72919, 52.45168 ], [ -127.71311, 52.4505 ], [ -127.74188, 52.47553 ], [ -127.78695, 52.4525 ], [ -127.80645, 52.48316 ], [ -127.82175, 52.48169 ], [ -127.83159, 52.49 ], [ -127.83031, 52.51155 ], [ -127.84021, 52.51549 ], [ -127.85823, 52.5002 ], [ -127.89018, 52.50234 ], [ -127.90562, 52.48491 ], [ -127.90553, 52.46742 ], [ -127.92999, 52.44972 ], [ -127.93983, 52.46529 ], [ -127.94595, 52.44571 ], [ -127.88298, 52.37238 ], [ -127.94389, 52.35804 ], [ -127.94444, 52.32352 ], [ -127.97719, 52.31417 ], [ -127.98966, 52.3229 ], [ -128.01087, 52.32005 ], [ -127.99832, 52.35473 ], [ -128.01237, 52.36924 ], [ -127.98933, 52.38452 ], [ -127.97476, 52.46182 ], [ -127.95934, 52.47805 ], [ -127.93817, 52.46825 ], [ -127.93009, 52.47479 ], [ -127.93348, 52.48021 ], [ -127.96207, 52.4794 ], [ -127.98616, 52.46771 ], [ -128.00179, 52.44665 ], [ -127.99433, 52.40065 ], [ -128.01682, 52.39194 ], [ -128.00031, 52.38494 ], [ -128.01941, 52.37261 ], [ -128.00985, 52.35479 ], [ -128.01793, 52.32084 ], [ -128.02568, 52.31929 ], [ -128.08592, 52.4325 ], [ -128.07894, 52.43417 ], [ -128.07769, 52.45798 ], [ -128.02976, 52.46617 ], [ -128.04614, 52.48353 ], [ -128.02916, 52.4897 ], [ -128.03531, 52.49749 ], [ -128.02024, 52.49742 ], [ -128.00574, 52.51216 ], [ -127.97881, 52.51762 ], [ -127.99031, 52.5236 ], [ -128.01254, 52.51718 ], [ -128.01297, 52.5303 ], [ -128.00558, 52.52522 ], [ -127.99176, 52.52846 ], [ -128.03406, 52.53486 ], [ -128.03852, 52.52716 ], [ -128.02453, 52.51355 ], [ -128.04955, 52.51899 ], [ -128.07045, 52.51127 ], [ -128.10214, 52.55108 ], [ -128.09548, 52.58964 ], [ -128.05209, 52.60844 ], [ -128.04877, 52.60814 ], [ -128.04803, 52.60275 ], [ -128.04724, 52.60236 ], [ -128.04571, 52.60222 ], [ -128.04471, 52.60087 ], [ -128.04351, 52.60072 ], [ -128.04782, 52.60764 ], [ -128.03559, 52.62576 ], [ -128.0288, 52.62316 ], [ -128.02546, 52.63021 ], [ -128.04207, 52.63214 ], [ -128.04315, 52.65039 ], [ -128.05085, 52.65336 ], [ -128.0487, 52.62646 ], [ -128.08698, 52.59863 ], [ -128.1127, 52.59706 ], [ -128.11415, 52.54819 ], [ -128.0986, 52.53597 ], [ -128.08228, 52.51217 ], [ -128.09169, 52.52083 ], [ -128.094, 52.51266 ], [ -128.10612, 52.51146 ], [ -128.09586, 52.49728 ], [ -128.10819, 52.48795 ], [ -128.10559, 52.47156 ], [ -128.12431, 52.4634 ], [ -128.14192, 52.43981 ], [ -128.16122, 52.474 ], [ -128.16031, 52.44519 ], [ -128.20704, 52.46318 ], [ -128.15005, 52.43099 ], [ -128.14909, 52.41499 ], [ -128.1983, 52.36254 ], [ -128.21992, 52.37724 ], [ -128.2193, 52.38035 ], [ -128.21989, 52.3831 ], [ -128.22386, 52.39067 ], [ -128.22127, 52.39648 ], [ -128.22513, 52.40119 ], [ -128.22694, 52.39329 ], [ -128.23802, 52.40368 ], [ -128.22949, 52.39024 ], [ -128.22083, 52.36133 ], [ -128.21428, 52.35811 ], [ -128.21166, 52.36781 ], [ -128.20265, 52.35893 ], [ -128.23438, 52.31355 ], [ -128.25941, 52.29282 ], [ -128.25776, 52.30587 ], [ -128.26244, 52.28552 ], [ -128.29488, 52.25587 ], [ -128.32202, 52.26578 ], [ -128.29383, 52.28622 ], [ -128.34836, 52.26373 ], [ -128.34859, 52.26614 ], [ -128.35042, 52.26676 ], [ -128.35829, 52.2662 ], [ -128.35949, 52.27906 ], [ -128.3326, 52.2776 ], [ -128.32363, 52.27985 ], [ -128.32157, 52.28487 ], [ -128.3264, 52.28166 ], [ -128.32897, 52.28302 ], [ -128.33627, 52.28154 ], [ -128.34187, 52.28255 ], [ -128.34166, 52.28371 ], [ -128.34988, 52.2827 ], [ -128.35431, 52.28753 ], [ -128.36288, 52.28927 ], [ -128.357, 52.29725 ], [ -128.36954, 52.28972 ], [ -128.35388, 52.31643 ], [ -128.32592, 52.33246 ], [ -128.321, 52.34331 ], [ -128.32397, 52.35762 ], [ -128.32523, 52.3393 ], [ -128.33458, 52.33352 ], [ -128.34295, 52.33769 ], [ -128.33144, 52.36341 ], [ -128.33948, 52.3718 ], [ -128.30493, 52.40121 ], [ -128.27559, 52.40542 ], [ -128.26029, 52.39023 ], [ -128.26553, 52.40527 ], [ -128.25104, 52.40932 ], [ -128.2449, 52.42708 ], [ -128.23332, 52.42487 ], [ -128.23389, 52.43367 ], [ -128.23846, 52.44241 ], [ -128.2258, 52.44824 ], [ -128.22465, 52.47449 ], [ -128.17694, 52.48416 ], [ -128.19444, 52.51377 ], [ -128.17482, 52.57548 ], [ -128.19687, 52.5805 ], [ -128.18152, 52.59209 ], [ -128.1896, 52.60736 ], [ -128.14619, 52.62514 ], [ -128.13175, 52.6133 ], [ -128.12563, 52.61734 ], [ -128.1084, 52.64929 ], [ -128.13614, 52.65259 ], [ -128.15136, 52.66559 ], [ -128.1348, 52.68646 ], [ -128.10934, 52.67921 ], [ -128.01168, 52.71948 ], [ -128.00128, 52.69473 ], [ -127.99171, 52.71631 ], [ -127.96794, 52.70823 ], [ -127.93853, 52.72103 ], [ -127.91251, 52.67598 ], [ -127.86857, 52.67861 ], [ -127.84956, 52.67501 ], [ -127.85134, 52.66259 ], [ -127.80977, 52.6645 ], [ -127.78073, 52.67774 ], [ -127.78217, 52.69655 ], [ -127.73933, 52.71788 ], [ -127.71996, 52.71875 ], [ -127.71879, 52.77095 ], [ -127.67922, 52.79134 ], [ -127.64114, 52.78044 ], [ -127.59721, 52.77932 ], [ -127.61638, 52.73275 ], [ -127.5883, 52.72213 ], [ -127.5627, 52.69097 ], [ -127.49045, 52.69257 ], [ -127.3881, 52.74952 ], [ -127.37378, 52.75034 ], [ -127.37973, 52.78372 ], [ -127.35283, 52.80825 ], [ -127.32511, 52.79513 ], [ -127.29254, 52.81602 ], [ -127.27847, 52.81155 ], [ -127.22225, 52.82236 ], [ -127.22297, 52.85078 ], [ -127.24941, 52.86265 ], [ -127.28104, 52.88692 ], [ -127.2778, 52.89762 ], [ -127.29766, 52.90766 ], [ -127.28606, 52.93701 ], [ -127.23689, 52.96178 ], [ -127.2564, 52.97886 ], [ -127.24355, 53.01642 ], [ -127.3222, 53.06756 ], [ -127.37581, 53.08641 ], [ -127.44353, 53.09178 ], [ -127.44876, 53.09907 ], [ -127.43471, 53.11793 ], [ -127.47279, 53.12433 ], [ -127.47665, 53.13924 ], [ -127.457, 53.14306 ], [ -127.44174, 53.16088 ], [ -127.41155, 53.15935 ], [ -127.40583, 53.18432 ], [ -127.35519, 53.18 ], [ -127.36126, 53.22832 ], [ -127.34024, 53.23121 ], [ -127.31986, 53.21439 ], [ -127.30679, 53.21548 ], [ -127.26686, 53.27753 ], [ -127.22423, 53.25026 ], [ -127.20147, 53.24941 ], [ -127.19497, 53.26487 ], [ -127.15092, 53.28123 ], [ -127.12101, 53.23968 ], [ -127.09928, 53.23338 ], [ -127.07449, 53.25081 ] ] ], [ [ [ -127.90805, 52.19673 ], [ -127.9094, 52.19589 ], [ -127.90985, 52.19775 ], [ -127.9158, 52.19786 ], [ -127.90958, 52.19288 ], [ -127.89404, 52.18913 ], [ -127.91495, 52.16434 ], [ -127.92651, 52.16869 ], [ -127.94627, 52.16199 ], [ -127.97859, 52.17239 ], [ -127.97529, 52.17698 ], [ -127.98758, 52.18512 ], [ -127.98262, 52.17495 ], [ -127.98528, 52.17767 ], [ -127.99683, 52.17394 ], [ -128.01202, 52.17939 ], [ -128.04124, 52.17621 ], [ -128.07713, 52.18858 ], [ -128.09574, 52.20391 ], [ -128.07955, 52.21379 ], [ -128.07314, 52.20896 ], [ -128.07844, 52.21642 ], [ -128.06725, 52.22259 ], [ -128.06326, 52.22793 ], [ -128.03354, 52.23637 ], [ -128.01542, 52.23192 ], [ -128.01402, 52.22081 ], [ -127.99701, 52.22047 ], [ -128.01679, 52.23517 ], [ -128.01185, 52.25822 ], [ -128.02027, 52.25906 ], [ -128.02428, 52.26852 ], [ -128.01614, 52.27437 ], [ -128.01543, 52.26127 ], [ -128.00166, 52.26763 ], [ -128.00356, 52.28159 ], [ -127.99632, 52.28542 ], [ -127.99308, 52.27975 ], [ -127.98249, 52.30173 ], [ -127.96729, 52.3046 ], [ -127.94357, 52.28889 ], [ -127.93723, 52.26771 ], [ -127.91689, 52.25229 ], [ -127.90519, 52.19638 ], [ -127.90805, 52.19673 ] ] ], [ [ [ -128.03605, 52.24861 ], [ -128.04064, 52.25571 ], [ -128.03088, 52.26698 ], [ -128.02234, 52.25578 ], [ -128.03605, 52.24861 ] ] ], [ [ [ -128.07254, 52.49385 ], [ -128.03125, 52.50994 ], [ -128.0418, 52.4984 ], [ -128.03572, 52.49378 ], [ -128.05712, 52.49083 ], [ -128.05366, 52.47725 ], [ -128.06552, 52.47277 ], [ -128.07254, 52.49385 ] ] ] ] } },
{ "type": "Feature", "properties": { "cduid": "5947", "cd_name": "Skeena-Queen Charlotte", "hazard_score": 1.0304650226982197e-05, "annual_burn_share": 3.0053538980233873e-06, "owner_households": 4830.0 }, "geometry": { "type": "MultiPolygon", "coordinates": [ [ [ [ -131.32729, 52.35413 ], [ -131.29616, 52.35919 ], [ -131.29257, 52.37813 ], [ -131.28031, 52.37913 ], [ -131.28274, 52.36413 ], [ -131.24428, 52.37286 ], [ -131.26504, 52.35694 ], [ -131.26104, 52.34429 ], [ -131.30624, 52.34998 ], [ -131.31769, 52.32494 ], [ -131.33156, 52.32772 ], [ -131.33463, 52.34241 ], [ -131.35253, 52.35428 ], [ -131.34849, 52.35594 ], [ -131.35494, 52.39016 ], [ -131.37077, 52.41927 ], [ -131.35938, 52.4177 ], [ -131.34934, 52.42845 ], [ -131.28435, 52.4492 ], [ -131.23582, 52.44183 ], [ -131.24389, 52.4234 ], [ -131.28945, 52.39706 ], [ -131.30303, 52.36879 ], [ -131.32729, 52.35413 ] ] ], [ [ [ -131.38783, 52.43965 ], [ -131.38525, 52.45997 ], [ -131.35445, 52.46499 ], [ -131.35523, 52.46465 ], [ -131.3537, 52.46156 ], [ -131.36692, 52.44656 ], [ -131.36028, 52.43357 ], [ -131.38783, 52.43965 ] ] ], [ [ [ -131.34939, 52.56855 ], [ -131.34767, 52.55627 ], [ -131.39259, 52.54069 ], [ -131.39818, 52.54885 ], [ -131.4313, 52.55293 ], [ -131.4366, 52.56369 ], [ -131.40552, 52.56734 ], [ -131.40226, 52.57355 ], [ -131.39601, 52.56916 ], [ -131.37206, 52.58582 ], [ -131.3654, 52.57668 ], [ -131.34939, 52.56855 ] ] ], [ [ [ -131.43916, 52.59721 ], [ -131.47001, 52.57686 ], [ -131.48427, 52.58773 ], [ -131.4441, 52.60347 ], [ -131.44858, 52.61103 ], [ -131.43786, 52.61482 ], [ -131.43916, 52.59721 ] ] ], [ [ [ -131.4831, 52.59862 ], [ -131.5104, 52.60761 ], [ -131.49314, 52.61198 ], [ -131.4674, 52.61107 ], [ -131.4831, 52.59862 ] ] ], [ [ [ -131.62757, 52.70387 ], [ -131.64664, 52.69287 ], [ -131.63285, 52.687 ], [ -131.59031, 52.70682 ], [ -131.56942, 52.69922 ], [ -131.56493, 52.68072 ], [ -131.55077, 52.68513 ], [ -131.55496, 52.70053 ], [ -131.53241, 52.72485 ], [ -131.50364, 52.737 ], [ -131.47672, 52.73511 ], [ -131.4796, 52.729 ], [ -131.4425, 52.70839 ], [ -131.44848, 52.69258 ], [ -131.45804, 52.69252 ], [ -131.43946, 52.68558 ], [ -131.46427, 52.67312 ], [ -131.46374, 52.66306 ], [ -131.45571, 52.65372 ], [ -131.46486, 52.62392 ], [ -131.51993, 52.6164 ], [ -131.564, 52.64667 ], [ -131.60543, 52.65603 ], [ -131.59028, 52.64239 ], [ -131.59572, 52.64104 ], [ -131.60605, 52.64437 ], [ -131.61437, 52.64354 ], [ -131.59962, 52.63488 ], [ -131.61012, 52.63028 ], [ -131.58465, 52.62856 ], [ -131.54632, 52.59839 ], [ -131.56814, 52.59377 ], [ -131.62106, 52.63711 ], [ -131.57733, 52.59583 ], [ -131.58107, 52.58056 ], [ -131.60965, 52.58505 ], [ -131.66342, 52.64048 ], [ -131.66326, 52.6524 ], [ -131.64045, 52.65066 ], [ -131.72986, 52.70749 ], [ -131.72142, 52.70846 ], [ -131.68995, 52.7327 ], [ -131.57836, 52.72661 ], [ -131.57794, 52.71469 ], [ -131.6789, 52.71358 ], [ -131.68561, 52.69985 ], [ -131.63365, 52.70716 ], [ -131.62757, 52.70387 ] ] ], [ [ [ -131.68988, 52.64131 ], [ -131.71998, 52.6767 ], [ -131.70983, 52.66985 ], [ -131.68735, 52.65466 ], [ -131.68988, 52.64131 ] ] ], [ [ [ -132.30183, 53.15319 ], [ -132.23203, 53.13934 ], [ -132.13403, 53.16065 ], [ -132.11356, 53.15131 ], [ -132.14181, 53.14412 ], [ -132.08084, 53.14836 ], [ -132.059, 53.16791 ], [ -132.05317, 53.16697 ], [ -132.04408, 53.16924 ], [ -132.02213, 53.19462 ], [ -131.98203, 53.20109 ], [ -131.99303, 53.21746 ], [ -131.96136, 53.2125 ], [ -131.92156, 53.2404 ], [ -131.84814, 53.23663 ], [ -131.82423, 53.24672 ], [ -131.82263, 53.26078 ], [ -131.8027, 53.25386 ], [ -131.80682, 53.23444 ], [ -131.79, 53.22643 ], [ -131.77294, 53.19712 ], [ -131.77864, 53.17274 ], [ -131.80058, 53.16144 ], [ -131.76447, 53.16068 ], [ -131.75824, 53.15337 ], [ -131.76586, 53.14666 ], [ -131.76275, 53.14277 ], [ -131.74727, 53.1533 ], [ -131.71166, 53.14983 ], [ -131.69855, 53.13126 ], [ -131.70527, 53.12387 ], [ -131.70118, 53.11875 ], [ -131.69166, 53.11152 ], [ -131.64551, 53.1091 ], [ -131.63979, 53.06634 ], [ -131.62479, 53.0584 ], [ -131.63134, 53.04565 ], [ -131.61143, 53.04352 ], [ -131.60639, 53.03411 ], [ -131.61801, 53.02771 ], [ -131.65137, 53.03115 ], [ -131.65635, 53.04532 ], [ -131.69181, 53.04136 ], [ -131.74846, 53.05246 ], [ -131.75926, 53.04964 ], [ -131.80565, 53.06802 ], [ -131.83614, 53.06835 ], [ -131.84779, 53.05915 ], [ -131.8874, 53.06432 ], [ -131.89935, 53.05829 ], [ -131.89623, 53.05478 ], [ -131.9279, 53.04733 ], [ -131.97597, 53.05389 ], [ -131.98294, 53.05233 ], [ -131.9927, 53.05927 ], [ -132.01654, 53.05751 ], [ -132.01202, 53.05312 ], [ -132.03038, 53.05635 ], [ -132.0189, 53.0518 ], [ -132.03248, 53.05209 ], [ -132.02432, 53.04591 ], [ -132.03261, 53.03984 ], [ -132.02952, 53.03737 ], [ -132.01615, 53.04623 ], [ -131.95512, 53.03708 ], [ -131.96412, 53.01371 ], [ -131.91179, 52.96961 ], [ -131.90363, 52.93993 ], [ -131.92685, 52.93069 ], [ -131.94993, 52.93706 ], [ -131.97148, 52.93746 ], [ -131.94752, 52.93395 ], [ -131.94057, 52.92363 ], [ -131.89972, 52.92085 ], [ -131.89363, 52.91211 ], [ -132.01183, 52.87785 ], [ -131.99356, 52.87531 ], [ -131.94925, 52.87697 ], [ -131.91348, 52.89499 ], [ -131.8889, 52.8919 ], [ -131.88875, 52.88025 ], [ -131.87648, 52.8819 ], [ -131.84566, 52.86166 ], [ -131.85848, 52.85749 ], [ -131.87847, 52.86502 ], [ -131.86394, 52.85092 ], [ -131.88634, 52.83272 ], [ -131.85156, 52.83381 ], [ -131.8355, 52.81909 ], [ -131.84019, 52.80903 ], [ -131.81151, 52.79536 ], [ -131.77631, 52.80195 ], [ -131.73051, 52.79395 ], [ -131.65668, 52.81003 ], [ -131.65595, 52.7973 ], [ -131.70122, 52.78455 ], [ -131.7587, 52.78784 ], [ -131.79037, 52.77423 ], [ -131.79923, 52.75608 ], [ -131.84642, 52.77039 ], [ -131.88924, 52.75567 ], [ -131.87499, 52.73977 ], [ -131.88451, 52.75197 ], [ -131.84989, 52.76246 ], [ -131.82631, 52.76009 ], [ -131.80329, 52.7428 ], [ -131.84855, 52.70382 ], [ -131.82732, 52.7148 ], [ -131.80761, 52.70248 ], [ -131.80517, 52.71869 ], [ -131.7673, 52.70608 ], [ -131.77063, 52.69142 ], [ -131.76274, 52.69054 ], [ -131.76177, 52.70016 ], [ -131.73978, 52.69189 ], [ -131.73125, 52.66555 ], [ -131.68782, 52.6217 ], [ -131.75839, 52.63737 ], [ -131.76353, 52.63373 ], [ -131.69482, 52.60961 ], [ -131.69701, 52.60314 ], [ -131.68665, 52.60439 ], [ -131.67708, 52.59501 ], [ -131.69265, 52.58861 ], [ -131.69309, 52.58181 ], [ -131.70564, 52.58145 ], [ -131.71456, 52.5801 ], [ -131.7148, 52.57919 ], [ -131.69475, 52.57996 ], [ -131.68269, 52.58851 ], [ -131.64295, 52.56846 ], [ -131.63879, 52.57717 ], [ -131.61944, 52.5688 ], [ -131.63615, 52.55557 ], [ -131.63152, 52.54968 ], [ -131.65891, 52.55226 ], [ -131.65742, 52.54807 ], [ -131.64416, 52.54613 ], [ -131.65104, 52.54018 ], [ -131.69208, 52.55268 ], [ -131.67117, 52.54178 ], [ -131.67735, 52.53175 ], [ -131.66577, 52.54016 ], [ -131.62949, 52.53006 ], [ -131.61105, 52.53327 ], [ -131.60812, 52.51668 ], [ -131.61818, 52.50728 ], [ -131.5813, 52.52545 ], [ -131.57535, 52.53688 ], [ -131.53963, 52.52812 ], [ -131.55052, 52.51894 ], [ -131.54404, 52.51157 ], [ -131.57232, 52.50101 ], [ -131.58195, 52.4885 ], [ -131.52358, 52.51721 ], [ -131.50401, 52.51715 ], [ -131.5026, 52.50966 ], [ -131.47337, 52.504 ], [ -131.46689, 52.50047 ], [ -131.48208, 52.48579 ], [ -131.47209, 52.47765 ], [ -131.51248, 52.46606 ], [ -131.46546, 52.47458 ], [ -131.4798, 52.44367 ], [ -131.45582, 52.46993 ], [ -131.45016, 52.46168 ], [ -131.43093, 52.46914 ], [ -131.41617, 52.45841 ], [ -131.42654, 52.40802 ], [ -131.45196, 52.39118 ], [ -131.43947, 52.38011 ], [ -131.41176, 52.4091 ], [ -131.40259, 52.40047 ], [ -131.39251, 52.39943 ], [ -131.38386, 52.37261 ], [ -131.4062, 52.36464 ], [ -131.41364, 52.35467 ], [ -131.40661, 52.3508 ], [ -131.38452, 52.3568 ], [ -131.36262, 52.37628 ], [ -131.35685, 52.35265 ], [ -131.35129, 52.35029 ], [ -131.37114, 52.34507 ], [ -131.35421, 52.3473 ], [ -131.34456, 52.33881 ], [ -131.35256, 52.32492 ], [ -131.33777, 52.3139 ], [ -131.35137, 52.30535 ], [ -131.33315, 52.30339 ], [ -131.32298, 52.27564 ], [ -131.32161, 52.29557 ], [ -131.30665, 52.30261 ], [ -131.29977, 52.28618 ], [ -131.24127, 52.24505 ], [ -131.21886, 52.26217 ], [ -131.26761, 52.28762 ], [ -131.25514, 52.28807 ], [ -131.25618, 52.29965 ], [ -131.23601, 52.30412 ], [ -131.21941, 52.29156 ], [ -131.224, 52.30539 ], [ -131.21444, 52.31322 ], [ -131.17366, 52.32616 ], [ -131.16832, 52.31821 ], [ -131.14636, 52.31648 ], [ -131.14343, 52.31802 ], [ -131.13767, 52.3136 ], [ -131.16713, 52.29476 ], [ -131.15194, 52.29594 ], [ -131.1371, 52.31128 ], [ -131.13484, 52.29417 ], [ -131.15765, 52.27856 ], [ -131.09123, 52.28839 ], [ -131.08386, 52.26572 ], [ -131.09486, 52.25777 ], [ -131.08496, 52.24841 ], [ -131.1578, 52.24154 ], [ -131.19029, 52.22483 ], [ -131.17723, 52.22389 ], [ -131.14202, 52.23326 ], [ -131.12457, 52.22662 ], [ -131.12298, 52.21325 ], [ -131.09764, 52.22573 ], [ -131.0799, 52.21492 ], [ -131.04583, 52.22199 ], [ -131.03203, 52.23322 ], [ -131.01022, 52.21712 ], [ -131.00055, 52.21437 ], [ -131.0037, 52.21015 ], [ -131.00701, 52.2147 ], [ -131.00919, 52.21445 ], [ -131.00989, 52.2138 ], [ -131.00959, 52.21196 ], [ -131.0113, 52.21131 ], [ -131.01299, 52.20837 ], [ -131.01438, 52.18053 ], [ -131.04514, 52.16329 ], [ -131.09954, 52.16851 ], [ -131.11095, 52.1621 ], [ -131.12159, 52.16573 ], [ -131.11871, 52.19334 ], [ -131.13983, 52.205 ], [ -131.15296, 52.20545 ], [ -131.13732, 52.18956 ], [ -131.14174, 52.13909 ], [ -131.15498, 52.12643 ], [ -131.16385, 52.12743 ], [ -131.16258, 52.12308 ], [ -131.18351, 52.11826 ], [ -131.19358, 52.12139 ], [ -131.1919, 52.12343 ], [ -131.19986, 52.1331 ], [ -131.21265, 52.13904 ], [ -131.21055, 52.14093 ], [ -131.20303, 52.13987 ], [ -131.20913, 52.15361 ], [ -131.21845, 52.15521 ], [ -131.21002, 52.16575 ], [ -131.22059, 52.18347 ], [ -131.29424, 52.24342 ], [ -131.23243, 52.15785 ], [ -131.2451, 52.14593 ], [ -131.23961, 52.13401 ], [ -131.23242, 52.12815 ], [ -131.23859, 52.13012 ], [ -131.24099, 52.12262 ], [ -131.25581, 52.12958 ], [ -131.26182, 52.11881 ], [ -131.28558, 52.14885 ], [ -131.31219, 52.14818 ], [ -131.31025, 52.14964 ], [ -131.31111, 52.1527 ], [ -131.29702, 52.15362 ], [ -131.2958, 52.15781 ], [ -131.30905, 52.17569 ], [ -131.32637, 52.1802 ], [ -131.32535, 52.19499 ], [ -131.33732, 52.19372 ], [ -131.34185, 52.20652 ], [ -131.34258, 52.19943 ], [ -131.34649, 52.20046 ], [ -131.34162, 52.21783 ], [ -131.34875, 52.22345 ], [ -131.35501, 52.21794 ], [ -131.36076, 52.23471 ], [ -131.35154, 52.23991 ], [ -131.37552, 52.27384 ], [ -131.37932, 52.26954 ], [ -131.37568, 52.24634 ], [ -131.36036, 52.22087 ], [ -131.36372, 52.18276 ], [ -131.36868, 52.18384 ], [ -131.36535, 52.18888 ], [ -131.37415, 52.19686 ], [ -131.38311, 52.19756 ], [ -131.39163, 52.19541 ], [ -131.3968, 52.19958 ], [ -131.39678, 52.2049 ], [ -131.39932, 52.20731 ], [ -131.42976, 52.22179 ], [ -131.42717, 52.22214 ], [ -131.42823, 52.22419 ], [ -131.42583, 52.22409 ], [ -131.42772, 52.23149 ], [ -131.46052, 52.27312 ], [ -131.46989, 52.2782 ], [ -131.47906, 52.27809 ], [ -131.48192, 52.27499 ], [ -131.49239, 52.28877 ], [ -131.50956, 52.29426 ], [ -131.51102, 52.3213 ], [ -131.53461, 52.31664 ], [ -131.5367, 52.32029 ], [ -131.55449, 52.32642 ], [ -131.56033, 52.32564 ], [ -131.53094, 52.34842 ], [ -131.55834, 52.35044 ], [ -131.57518, 52.34382 ], [ -131.57779, 52.36494 ], [ -131.59961, 52.37722 ], [ -131.59309, 52.3929 ], [ -131.58343, 52.3928 ], [ -131.59017, 52.4006 ], [ -131.56637, 52.40973 ], [ -131.53996, 52.40841 ], [ -131.50653, 52.39316 ], [ -131.50486, 52.40627 ], [ -131.51735, 52.4158 ], [ -131.55108, 52.4206 ], [ -131.55128, 52.43999 ], [ -131.61022, 52.41388 ], [ -131.61369, 52.42415 ], [ -131.63231, 52.44222 ], [ -131.61965, 52.45259 ], [ -131.64883, 52.45096 ], [ -131.64701, 52.45313 ], [ -131.6468, 52.45494 ], [ -131.65004, 52.45665 ], [ -131.65496, 52.45646 ], [ -131.65015, 52.46658 ], [ -131.65514, 52.47342 ], [ -131.66508, 52.47835 ], [ -131.6586, 52.48225 ], [ -131.67119, 52.47734 ], [ -131.69354, 52.48176 ], [ -131.70411, 52.48812 ], [ -131.71235, 52.48969 ], [ -131.71711, 52.48809 ], [ -131.72765, 52.4951 ], [ -131.7208, 52.49529 ], [ -131.71954, 52.49731 ], [ -131.74096, 52.49448 ], [ -131.74161, 52.49665 ], [ -131.75154, 52.50194 ], [ -131.78283, 52.51164 ], [ -131.78933, 52.52672 ], [ -131.75208, 52.53065 ], [ -131.74798, 52.53443 ], [ -131.80255, 52.52859 ], [ -131.80475, 52.5301 ], [ -131.8081, 52.52991 ], [ -131.80732, 52.53204 ], [ -131.81078, 52.53366 ], [ -131.81261, 52.53596 ], [ -131.81482, 52.53681 ], [ -131.80761, 52.54451 ], [ -131.83436, 52.54761 ], [ -131.83848, 52.56567 ], [ -131.80561, 52.56984 ], [ -131.78466, 52.58266 ], [ -131.84012, 52.57069 ], [ -131.84839, 52.55944 ], [ -131.86453, 52.57728 ], [ -131.89374, 52.57784 ], [ -131.89302, 52.58 ], [ -131.89585, 52.58368 ], [ -131.87917, 52.58648 ], [ -131.90614, 52.58748 ], [ -131.90932, 52.6053 ], [ -131.87061, 52.60569 ], [ -131.85988, 52.61377 ], [ -131.88201, 52.60892 ], [ -131.93349, 52.616 ], [ -131.93175, 52.61962 ], [ -131.93815, 52.6256 ], [ -131.93539, 52.6296 ], [ -131.93724, 52.63162 ], [ -131.92459, 52.63013 ], [ -131.9417, 52.64339 ], [ -131.89637, 52.65167 ], [ -131.88738, 52.64473 ], [ -131.88103, 52.65319 ], [ -131.91385, 52.65735 ], [ -131.93847, 52.64755 ], [ -131.94919, 52.66557 ], [ -131.95328, 52.65033 ], [ -131.97886, 52.6475 ], [ -132.00102, 52.66766 ], [ -131.98825, 52.67625 ], [ -132.01099, 52.66959 ], [ -132.02004, 52.6716 ], [ -132.02241, 52.67558 ], [ -132.03026, 52.67795 ], [ -132.02554, 52.68699 ], [ -132.04181, 52.68312 ], [ -132.05977, 52.69137 ], [ -132.07348, 52.71525 ], [ -132.10485, 52.72857 ], [ -132.09608, 52.7494 ], [ -132.07684, 52.74947 ], [ -132.03577, 52.76738 ], [ -132.02551, 52.76205 ], [ -132.04043, 52.76337 ], [ -132.0347, 52.75706 ], [ -132.01126, 52.75071 ], [ -131.98999, 52.73226 ], [ -131.99754, 52.721 ], [ -131.98142, 52.71767 ], [ -131.98322, 52.73689 ], [ -132.02451, 52.76946 ], [ -132.01454, 52.78367 ], [ -131.91709, 52.71434 ], [ -131.96323, 52.75622 ], [ -131.93866, 52.75589 ], [ -131.96894, 52.79528 ], [ -131.9893, 52.7923 ], [ -131.99308, 52.79868 ], [ -132.008, 52.79879 ], [ -131.99473, 52.79426 ], [ -131.99552, 52.79166 ], [ -132.03101, 52.80015 ], [ -132.08425, 52.85811 ], [ -132.08192, 52.84834 ], [ -132.09175, 52.84522 ], [ -132.05939, 52.81469 ], [ -132.06847, 52.79594 ], [ -132.06141, 52.79129 ], [ -132.09865, 52.78667 ], [ -132.10819, 52.74367 ], [ -132.12324, 52.74643 ], [ -132.12166, 52.75687 ], [ -132.13792, 52.74498 ], [ -132.16276, 52.77238 ], [ -132.1714, 52.77297 ], [ -132.17005, 52.78485 ], [ -132.19172, 52.784 ], [ -132.18495, 52.79672 ], [ -132.20479, 52.79336 ], [ -132.23547, 52.80007 ], [ -132.24629, 52.81253 ], [ -132.23643, 52.81775 ], [ -132.24632, 52.8172 ], [ -132.25552, 52.83037 ], [ -132.26139, 52.83191 ], [ -132.26417, 52.83967 ], [ -132.25957, 52.84937 ], [ -132.24177, 52.86159 ], [ -132.21013, 52.85824 ], [ -132.21352, 52.84879 ], [ -132.19736, 52.84338 ], [ -132.15202, 52.84419 ], [ -132.16137, 52.85016 ], [ -132.19802, 52.84897 ], [ -132.20479, 52.85874 ], [ -132.22502, 52.86158 ], [ -132.22237, 52.87013 ], [ -132.19878, 52.87888 ], [ -132.2253, 52.87254 ], [ -132.23221, 52.86514 ], [ -132.26005, 52.86378 ], [ -132.27101, 52.87243 ], [ -132.32558, 52.8935 ], [ -132.30228, 52.90623 ], [ -132.27345, 52.90702 ], [ -132.25915, 52.92027 ], [ -132.31327, 52.90361 ], [ -132.3441, 52.91501 ], [ -132.34215, 52.91741 ], [ -132.3437, 52.92101 ], [ -132.33921, 52.92631 ], [ -132.34854, 52.92148 ], [ -132.36519, 52.92753 ], [ -132.35527, 52.93868 ], [ -132.35672, 52.94752 ], [ -132.34694, 52.94618 ], [ -132.32148, 52.95507 ], [ -132.28778, 52.95378 ], [ -132.28743, 52.95934 ], [ -132.21657, 52.94814 ], [ -132.19889, 52.92885 ], [ -132.16544, 52.92975 ], [ -132.19297, 52.93588 ], [ -132.22986, 52.96047 ], [ -132.21344, 52.96942 ], [ -132.16893, 52.94481 ], [ -132.13146, 52.9341 ], [ -132.1906, 52.96704 ], [ -132.16639, 52.97659 ], [ -132.13655, 52.95565 ], [ -132.11466, 52.95754 ], [ -132.11317, 52.9631 ], [ -132.13286, 52.961 ], [ -132.15692, 52.97792 ], [ -132.15408, 52.98889 ], [ -132.1367, 52.99348 ], [ -132.08811, 52.96673 ], [ -132.07385, 52.96754 ], [ -132.10222, 52.97862 ], [ -132.11016, 52.99117 ], [ -132.13839, 52.99975 ], [ -132.19933, 52.99478 ], [ -132.22892, 53.00837 ], [ -132.25151, 53.00982 ], [ -132.24179, 53.01249 ], [ -132.25709, 53.01835 ], [ -132.30966, 53.019 ], [ -132.32053, 53.02693 ], [ -132.35736, 53.02003 ], [ -132.3601, 53.02752 ], [ -132.29982, 53.04399 ], [ -132.28829, 53.0531 ], [ -132.25847, 53.05664 ], [ -132.26216, 53.06069 ], [ -132.28767, 53.06288 ], [ -132.29832, 53.04881 ], [ -132.3477, 53.03463 ], [ -132.33396, 53.04326 ], [ -132.33749, 53.04774 ], [ -132.38738, 53.02714 ], [ -132.41525, 53.02723 ], [ -132.42705, 53.04075 ], [ -132.43875, 53.03681 ], [ -132.43489, 53.04041 ], [ -132.43768, 53.04065 ], [ -132.43644, 53.04448 ], [ -132.43813, 53.04515 ], [ -132.4549, 53.03341 ], [ -132.49759, 53.0273 ], [ -132.50347, 53.03569 ], [ -132.53344, 53.04538 ], [ -132.51788, 53.06423 ], [ -132.52268, 53.06627 ], [ -132.52598, 53.06653 ], [ -132.49759, 53.0687 ], [ -132.55171, 53.06868 ], [ -132.5603, 53.08183 ], [ -132.57399, 53.08255 ], [ -132.57055, 53.09671 ], [ -132.45661, 53.09581 ], [ -132.39325, 53.10384 ], [ -132.39234, 53.12752 ], [ -132.34526, 53.13109 ], [ -132.35172, 53.14774 ], [ -132.30183, 53.15319 ] ] ], [ [ [ -131.76517, 52.73068 ], [ -131.76574, 52.75961 ], [ -131.7238, 52.732 ], [ -131.73299, 52.71092 ], [ -131.76517, 52.73068 ] ] ], [ [ [ -131.59041, 52.75081 ], [ -131.57526, 52.77532 ], [ -131.54964, 52.76871 ], [ -131.56885, 52.7518 ], [ -131.59041, 52.75081 ] ] ], [ [ [ -131.75563, 52.7692 ], [ -131.69473, 52.76802 ], [ -131.64191, 52.77839 ], [ -131.61469, 52.76691 ], [ -131.60961, 52.75188 ], [ -131.71097, 52.74568 ], [ -131.75563, 52.7692 ] ] ], [ [ [ -131.96549, 52.7535 ], [ -131.97438, 52.75586 ], [ -131.98603, 52.7712 ], [ -131.96562, 52.76346 ], [ -131.96549, 52.7535 ] ] ], [ [ [ -131.74616, 52.83817 ], [ -131.71879, 52.8353 ], [ -131.69701, 52.84341 ], [ -131.65288, 52.8407 ], [ -131.64505, 52.83351 ], [ -131.73971, 52.80715 ], [ -131.83015, 52.81892 ], [ -131.84906, 52.83777 ], [ -131.84103, 52.84652 ], [ -131.80547, 52.84441 ], [ -131.75093, 52.86059 ], [ -131.72107, 52.84523 ], [ -131.72755, 52.8402 ], [ -131.75771, 52.84522 ], [ -131.74616, 52.83817 ] ] ], [ [ [ -131.53426, 52.86457 ], [ -131.54414, 52.87015 ], [ -131.5212, 52.87707 ], [ -131.49003, 52.87779 ], [ -131.51841, 52.86903 ], [ -131.51536, 52.86176 ], [ -131.5208, 52.86539 ], [ -131.53146, 52.86599 ], [ -131.53426, 52.86457 ] ] ], [ [ [ -131.60359, 52.96474 ], [ -131.64234, 52.94412 ], [ -131.61788, 52.9293 ], [ -131.62506, 52.91614 ], [ -131.6405, 52.91155 ], [ -131.62049, 52.90015 ], [ -131.65598, 52.90393 ], [ -131.67062, 52.87784 ], [ -131.68481, 52.8809 ], [ -131.69507, 52.87435 ], [ -131.6925, 52.86513 ], [ -131.70455, 52.87659 ], [ -131.79514, 52.8865 ], [ -131.82157, 52.88395 ], [ -131.82038, 52.88017 ], [ -131.78197, 52.87982 ], [ -131.80599, 52.87382 ], [ -131.82037, 52.8673 ], [ -131.84891, 52.88939 ], [ -131.84731, 52.90067 ], [ -131.89867, 52.93658 ], [ -131.8977, 52.94462 ], [ -131.90957, 52.97706 ], [ -131.93012, 52.99225 ], [ -131.92696, 53.01559 ], [ -131.87811, 53.03839 ], [ -131.83626, 53.03998 ], [ -131.78177, 53.02883 ], [ -131.77637, 53.01746 ], [ -131.75563, 53.01004 ], [ -131.66279, 52.99937 ], [ -131.60359, 52.96474 ] ] ], [ [ [ -132.32065, 52.97719 ], [ -132.33459, 52.98935 ], [ -132.35576, 52.98944 ], [ -132.36301, 52.99761 ], [ -132.37852, 53.00513 ], [ -132.29226, 53.00516 ], [ -132.21602, 52.99325 ], [ -132.18962, 52.97993 ], [ -132.32769, 52.96308 ], [ -132.33369, 52.96843 ], [ -132.32065, 52.97719 ] ] ], [ [ [ -132.55186, 53.11152 ], [ -132.55049, 53.11245 ], [ -132.55689, 53.11428 ], [ -132.55665, 53.11541 ], [ -132.56044, 53.11656 ], [ -132.55961, 53.11738 ], [ -132.56407, 53.11944 ], [ -132.58017, 53.1229 ], [ -132.59179, 53.12275 ], [ -132.58419, 53.15214 ], [ -132.53586, 53.13487 ], [ -132.49162, 53.12473 ], [ -132.40694, 53.1286 ], [ -132.39354, 53.10724 ], [ -132.54394, 53.10525 ], [ -132.54872, 53.11134 ], [ -132.55186, 53.11152 ] ] ], [ [ [ -132.11016, 53.1804 ], [ -132.10128, 53.18243 ], [ -132.09308, 53.17082 ], [ -132.085, 53.16969 ], [ -132.12364, 53.16978 ], [ -132.11673, 53.17753 ], [ -132.12123, 53.18602 ], [ -132.11016, 53.1804 ] ] ], [ [ [ -132.13083, 53.20105 ], [ -132.05625, 53.22256 ], [ -132.02985, 53.21631 ], [ -132.03414, 53.20392 ], [ -132.07308, 53.19162 ], [ -132.11981, 53.18733 ], [ -132.13083, 53.20105 ] ] ], [ [ [ -132.13342, 53.23698 ], [ -132.09623, 53.23515 ], [ -132.09512, 53.2296 ], [ -132.14171, 53.22204 ], [ -132.14361, 53.21758 ], [ -132.14394, 53.22408 ], [ -132.16103, 53.22779 ], [ -132.13342, 53.23698 ] ] ], [ [ [ -132.47695, 53.33012 ], [ -132.4703, 53.33318 ], [ -132.44308, 53.33496 ], [ -132.44198, 53.34028 ], [ -132.43505, 53.33173 ], [ -132.44829, 53.3289 ], [ -132.4576, 53.32314 ], [ -132.46226, 53.32808 ], [ -132.47695, 53.33012 ] ] ], [ [ [ -133.00668, 53.54493 ], [ -133.01128, 53.54278 ], [ -133.0066, 53.54706 ], [ -132.95573, 53.53573 ], [ -132.95517, 53.52412 ], [ -132.98326, 53.52246 ], [ -132.99002, 53.5284 ], [ -132.98557, 53.53623 ], [ -133.00668, 53.54493 ] ] ], [ [ [ -132.92191, 53.59465 ], [ -132.94844, 53.60563 ], [ -132.94329, 53.61177 ], [ -132.91936, 53.59813 ], [ -132.92191, 53.59465 ] ] ], [ [ [ -132.38802, 53.62709 ], [ -132.38308, 53.63891 ], [ -132.3755, 53.64258 ], [ -132.35779, 53.63902 ], [ -132.38802, 53.62709 ] ] ], [ [ [ -132.79807, 54.12342 ], [ -132.7988, 54.13423 ], [ -132.79341, 54.13229 ], [ -132.76566, 54.13219 ], [ -132.67114, 54.15473 ], [ -132.63209, 54.13422 ], [ -132.58145, 54.12044 ], [ -132.59021, 54.10422 ], [ -132.57111, 54.08582 ], [ -132.58485, 54.0713 ], [ -132.56814, 54.04777 ], [ -132.57847, 54.04819 ], [ -132.59026, 54.02499 ], [ -132.63182, 54.01535 ], [ -132.69116, 53.97734 ], [ -132.68568, 53.97294 ], [ -132.66992, 53.97855 ], [ -132.65923, 53.96722 ], [ -132.66471, 53.96302 ], [ -132.67307, 53.96142 ], [ -132.68679, 53.95652 ], [ -132.68988, 53.9544 ], [ -132.67965, 53.95752 ], [ -132.67064, 53.95152 ], [ -132.68117, 53.93968 ], [ -132.68026, 53.93617 ], [ -132.6834, 53.93183 ], [ -132.68248, 53.9287 ], [ -132.68473, 53.92661 ], [ -132.68464, 53.92378 ], [ -132.6966, 53.91937 ], [ -132.698, 53.91769 ], [ -132.69762, 53.91605 ], [ -132.70045, 53.91525 ], [ -132.70277, 53.91046 ], [ -132.68602, 53.9218 ], [ -132.68433, 53.9239 ], [ -132.68436, 53.92642 ], [ -132.68213, 53.92846 ], [ -132.67775, 53.94183 ], [ -132.66947, 53.94757 ], [ -132.60135, 53.97879 ], [ -132.60265, 53.97158 ], [ -132.59871, 53.96885 ], [ -132.59395, 53.97733 ], [ -132.58855, 53.97363 ], [ -132.58921, 53.98375 ], [ -132.55599, 54.00325 ], [ -132.57147, 54.01009 ], [ -132.56768, 54.01673 ], [ -132.58152, 54.00972 ], [ -132.56411, 54.02401 ], [ -132.56854, 54.04126 ], [ -132.52665, 54.05388 ], [ -132.52322, 54.06148 ], [ -132.45799, 54.07397 ], [ -132.44324, 54.08856 ], [ -132.43141, 54.08384 ], [ -132.43509, 54.10073 ], [ -132.38145, 54.10157 ], [ -132.31424, 54.11467 ], [ -132.2847, 54.0977 ], [ -132.26557, 54.09567 ], [ -132.26565, 54.08142 ], [ -132.259, 54.07399 ], [ -132.25336, 54.07964 ], [ -132.24309, 54.07648 ], [ -132.24598, 54.03315 ], [ -132.20346, 54.02421 ], [ -132.20659, 54.01984 ], [ -132.17646, 54.01572 ], [ -132.17393, 54.00168 ], [ -132.14444, 53.96697 ], [ -132.15273, 53.93061 ], [ -132.10668, 53.88799 ], [ -132.1282, 53.84336 ], [ -132.20287, 53.81562 ], [ -132.22308, 53.78428 ], [ -132.24994, 53.77634 ], [ -132.25964, 53.76468 ], [ -132.38643, 53.7538 ], [ -132.40808, 53.74638 ], [ -132.44051, 53.71718 ], [ -132.48244, 53.70259 ], [ -132.56621, 53.6887 ], [ -132.6241, 53.69506 ], [ -132.66025, 53.68968 ], [ -132.67169, 53.68023 ], [ -132.67778, 53.65269 ], [ -132.65664, 53.68186 ], [ -132.62144, 53.68822 ], [ -132.59266, 53.67959 ], [ -132.58297, 53.67192 ], [ -132.59858, 53.65541 ], [ -132.60315, 53.63873 ], [ -132.61569, 53.6369 ], [ -132.60121, 53.63472 ], [ -132.57411, 53.66469 ], [ -132.56072, 53.67113 ], [ -132.55565, 53.6658 ], [ -132.57353, 53.6576 ], [ -132.55132, 53.65948 ], [ -132.55124, 53.67165 ], [ -132.53478, 53.67452 ], [ -132.54525, 53.66113 ], [ -132.54129, 53.64562 ], [ -132.50262, 53.65708 ], [ -132.51188, 53.64382 ], [ -132.50019, 53.64129 ], [ -132.51619, 53.63503 ], [ -132.51534, 53.63197 ], [ -132.51023, 53.63119 ], [ -132.47574, 53.65932 ], [ -132.44948, 53.66335 ], [ -132.44268, 53.6744 ], [ -132.43153, 53.66698 ], [ -132.35307, 53.67486 ], [ -132.36121, 53.66345 ], [ -132.38678, 53.65675 ], [ -132.45984, 53.6177 ], [ -132.46965, 53.60621 ], [ -132.47445, 53.58396 ], [ -132.48809, 53.57926 ], [ -132.48069, 53.56385 ], [ -132.44817, 53.58962 ], [ -132.43923, 53.61213 ], [ -132.40578, 53.60656 ], [ -132.39315, 53.62311 ], [ -132.38656, 53.61425 ], [ -132.35428, 53.62457 ], [ -132.35108, 53.62102 ], [ -132.33657, 53.62242 ], [ -132.31723, 53.61306 ], [ -132.3115, 53.62083 ], [ -132.30825, 53.62037 ], [ -132.30629, 53.6207 ], [ -132.30306, 53.62246 ], [ -132.30121, 53.62481 ], [ -132.29455, 53.61958 ], [ -132.29863, 53.61832 ], [ -132.30137, 53.61601 ], [ -132.30069, 53.61528 ], [ -132.2976, 53.61398 ], [ -132.29685, 53.61158 ], [ -132.29581, 53.61105 ], [ -132.29702, 53.61409 ], [ -132.30092, 53.616 ], [ -132.29426, 53.61922 ], [ -132.29468, 53.62023 ], [ -132.30137, 53.62503 ], [ -132.30867, 53.62069 ], [ -132.31169, 53.62599 ], [ -132.28052, 53.6322 ], [ -132.33232, 53.64088 ], [ -132.34433, 53.65302 ], [ -132.34211, 53.6714 ], [ -132.33247, 53.67031 ], [ -132.295, 53.67694 ], [ -132.29755, 53.67069 ], [ -132.25386, 53.66687 ], [ -132.22087, 53.67185 ], [ -132.20402, 53.64188 ], [ -132.2012, 53.66778 ], [ -132.1861, 53.68889 ], [ -132.17361, 53.68566 ], [ -132.16575, 53.70817 ], [ -132.15039, 53.70494 ], [ -132.14613, 53.68765 ], [ -132.13586, 53.69906 ], [ -132.16048, 53.71281 ], [ -132.16163, 53.73242 ], [ -132.15734, 53.74019 ], [ -132.13953, 53.74975 ], [ -132.12835, 53.81006 ], [ -132.13409, 53.82396 ], [ -132.10778, 53.84665 ], [ -132.0883, 53.90215 ], [ -132.12717, 53.9339 ], [ -132.12322, 53.96845 ], [ -132.14323, 53.9998 ], [ -132.1307, 54.01561 ], [ -132.13729, 54.02157 ], [ -132.14245, 54.0227 ], [ -132.14448, 54.00664 ], [ -132.19594, 54.04209 ], [ -132.18963, 54.05058 ], [ -132.19889, 54.04904 ], [ -132.19207, 54.05182 ], [ -132.11992, 54.03165 ], [ -131.98389, 54.02517 ], [ -131.99668, 54.02753 ], [ -131.89326, 54.04689 ], [ -131.83648, 54.07048 ], [ -131.7951, 54.07845 ], [ -131.79152, 54.0719 ], [ -131.71183, 54.11455 ], [ -131.64173, 54.19319 ], [ -131.70804, 53.97729 ], [ -131.86262, 53.80694 ], [ -131.88471, 53.77024 ], [ -131.87424, 53.70938 ], [ -131.93339, 53.61965 ], [ -131.94381, 53.58114 ], [ -131.94311, 53.57567 ], [ -131.93976, 53.5689 ], [ -131.93131, 53.56217 ], [ -131.93937, 53.56445 ], [ -131.93155, 53.56158 ], [ -131.9286, 53.56701 ], [ -131.94302, 53.58112 ], [ -131.93166, 53.61907 ], [ -131.92479, 53.56347 ], [ -131.9573, 53.52056 ], [ -131.91179, 53.4311 ], [ -131.93377, 53.38346 ], [ -131.92627, 53.35769 ], [ -131.95278, 53.32765 ], [ -131.97088, 53.2781 ], [ -132.00227, 53.24468 ], [ -132.01995, 53.24372 ], [ -132.02954, 53.25004 ], [ -132.09033, 53.25476 ], [ -132.12497, 53.25205 ], [ -132.14875, 53.23564 ], [ -132.17938, 53.24335 ], [ -132.24608, 53.218 ], [ -132.23825, 53.20163 ], [ -132.25412, 53.20765 ], [ -132.25588, 53.19936 ], [ -132.27334, 53.20307 ], [ -132.29487, 53.22747 ], [ -132.32248, 53.2342 ], [ -132.32712, 53.22733 ], [ -132.28396, 53.20733 ], [ -132.29319, 53.2068 ], [ -132.28425, 53.1933 ], [ -132.256, 53.18474 ], [ -132.20906, 53.19502 ], [ -132.22292, 53.2044 ], [ -132.21256, 53.2032 ], [ -132.21257, 53.20941 ], [ -132.19363, 53.19705 ], [ -132.13476, 53.19402 ], [ -132.1315, 53.17842 ], [ -132.19951, 53.15829 ], [ -132.21427, 53.14779 ], [ -132.29947, 53.15487 ], [ -132.31243, 53.16471 ], [ -132.31364, 53.18423 ], [ -132.3367, 53.18964 ], [ -132.3209, 53.17094 ], [ -132.32873, 53.15264 ], [ -132.36051, 53.15339 ], [ -132.39743, 53.1378 ], [ -132.4724, 53.13531 ], [ -132.49897, 53.14345 ], [ -132.48628, 53.15897 ], [ -132.43025, 53.16888 ], [ -132.48414, 53.16766 ], [ -132.48197, 53.22347 ], [ -132.5086, 53.15382 ], [ -132.55555, 53.16956 ], [ -132.56356, 53.17868 ], [ -132.5387, 53.18852 ], [ -132.54, 53.19199 ], [ -132.58541, 53.19106 ], [ -132.5946, 53.20513 ], [ -132.58533, 53.20716 ], [ -132.57509, 53.21801 ], [ -132.56678, 53.21927 ], [ -132.56047, 53.22852 ], [ -132.59495, 53.22957 ], [ -132.61957, 53.2485 ], [ -132.5027, 53.28534 ], [ -132.62293, 53.2567 ], [ -132.63029, 53.24738 ], [ -132.63316, 53.25314 ], [ -132.68393, 53.26084 ], [ -132.71595, 53.25407 ], [ -132.70598, 53.27384 ], [ -132.71269, 53.28048 ], [ -132.70714, 53.28438 ], [ -132.62925, 53.28999 ], [ -132.63776, 53.31523 ], [ -132.57745, 53.32242 ], [ -132.55602, 53.30011 ], [ -132.55055, 53.32633 ], [ -132.57449, 53.33479 ], [ -132.63301, 53.32504 ], [ -132.67543, 53.32407 ], [ -132.6865, 53.32735 ], [ -132.72526, 53.32544 ], [ -132.7645, 53.31534 ], [ -132.7671, 53.32674 ], [ -132.74555, 53.3337 ], [ -132.73969, 53.33741 ], [ -132.72925, 53.34925 ], [ -132.72917, 53.3545 ], [ -132.7105, 53.35925 ], [ -132.72973, 53.36561 ], [ -132.7207, 53.37692 ], [ -132.70113, 53.37483 ], [ -132.68957, 53.36473 ], [ -132.67033, 53.37008 ], [ -132.65251, 53.36522 ], [ -132.53082, 53.36329 ], [ -132.51017, 53.3538 ], [ -132.51876, 53.34308 ], [ -132.49269, 53.33425 ], [ -132.48304, 53.32208 ], [ -132.44151, 53.32175 ], [ -132.43925, 53.30475 ], [ -132.42764, 53.29101 ], [ -132.42201, 53.29625 ], [ -132.43152, 53.30006 ], [ -132.41193, 53.32087 ], [ -132.41757, 53.33695 ], [ -132.52283, 53.37869 ], [ -132.51647, 53.38709 ], [ -132.53435, 53.39 ], [ -132.52033, 53.40359 ], [ -132.53419, 53.4159 ], [ -132.56332, 53.41315 ], [ -132.58624, 53.42458 ], [ -132.64332, 53.42507 ], [ -132.66613, 53.43385 ], [ -132.67557, 53.43297 ], [ -132.66143, 53.44544 ], [ -132.65471, 53.47514 ], [ -132.66705, 53.47729 ], [ -132.67008, 53.49918 ], [ -132.67605, 53.46202 ], [ -132.69672, 53.44504 ], [ -132.70614, 53.44342 ], [ -132.73379, 53.44917 ], [ -132.73627, 53.45235 ], [ -132.74592, 53.45504 ], [ -132.75195, 53.45453 ], [ -132.76031, 53.45602 ], [ -132.76005, 53.45725 ], [ -132.76147, 53.45695 ], [ -132.76256, 53.45815 ], [ -132.76638, 53.4586 ], [ -132.76732, 53.4613 ], [ -132.77558, 53.46178 ], [ -132.72964, 53.49097 ], [ -132.73094, 53.50091 ], [ -132.74392, 53.49686 ], [ -132.7402, 53.50625 ], [ -132.75289, 53.51575 ], [ -132.72939, 53.52412 ], [ -132.73419, 53.5247 ], [ -132.73723, 53.52378 ], [ -132.73173, 53.5323 ], [ -132.73345, 53.53798 ], [ -132.76069, 53.51862 ], [ -132.75516, 53.49328 ], [ -132.76739, 53.48523 ], [ -132.81357, 53.48165 ], [ -132.83016, 53.4683 ], [ -132.89905, 53.46773 ], [ -132.88551, 53.48614 ], [ -132.89034, 53.48812 ], [ -132.88632, 53.49041 ], [ -132.88883, 53.49444 ], [ -132.89234, 53.49335 ], [ -132.89167, 53.49863 ], [ -132.8492, 53.50001 ], [ -132.84046, 53.5193 ], [ -132.85017, 53.52194 ], [ -132.93318, 53.51851 ], [ -132.93793, 53.5163 ], [ -132.94033, 53.53189 ], [ -132.9225, 53.54466 ], [ -132.93412, 53.5543 ], [ -132.90192, 53.56348 ], [ -132.93017, 53.56357 ], [ -132.95502, 53.55329 ], [ -132.99073, 53.56143 ], [ -132.96906, 53.5703 ], [ -133.00481, 53.59245 ], [ -132.98135, 53.59358 ], [ -132.96542, 53.60628 ], [ -132.92887, 53.59063 ], [ -132.91258, 53.59223 ], [ -132.9052, 53.58319 ], [ -132.89034, 53.594 ], [ -132.84447, 53.5866 ], [ -132.81689, 53.60177 ], [ -132.82162, 53.60801 ], [ -132.8347, 53.59612 ], [ -132.90945, 53.60354 ], [ -132.92139, 53.61964 ], [ -132.93106, 53.61919 ], [ -132.93426, 53.63412 ], [ -132.92772, 53.63152 ], [ -132.93496, 53.64092 ], [ -132.94435, 53.63753 ], [ -132.94228, 53.64711 ], [ -132.96924, 53.64061 ], [ -132.96473, 53.64948 ], [ -132.94915, 53.64843 ], [ -132.94873, 53.65742 ], [ -132.95477, 53.66448 ], [ -132.95287, 53.66785 ], [ -132.95542, 53.67133 ], [ -132.95786, 53.6625 ], [ -132.96931, 53.66586 ], [ -132.97991, 53.66456 ], [ -132.98778, 53.66149 ], [ -132.98947, 53.6676 ], [ -133.01064, 53.66861 ], [ -133.01448, 53.68073 ], [ -133.03027, 53.6882 ], [ -133.03119, 53.69358 ], [ -133.02785, 53.69035 ], [ -133.00163, 53.68787 ], [ -132.99071, 53.67266 ], [ -132.99048, 53.68579 ], [ -132.97684, 53.68357 ], [ -132.98221, 53.69429 ], [ -132.97299, 53.69892 ], [ -132.95673, 53.69223 ], [ -132.97351, 53.68817 ], [ -132.96697, 53.68279 ], [ -132.94167, 53.68137 ], [ -132.94878, 53.69407 ], [ -132.92761, 53.68531 ], [ -132.93671, 53.6925 ], [ -132.92314, 53.6982 ], [ -132.93802, 53.70674 ], [ -132.99776, 53.7162 ], [ -132.99344, 53.71973 ], [ -132.99254, 53.7437 ], [ -133.00542, 53.75156 ], [ -133.01285, 53.74976 ], [ -132.99043, 53.76527 ], [ -132.9944, 53.77204 ], [ -133.00065, 53.77186 ], [ -133.00965, 53.76894 ], [ -133.01137, 53.77012 ], [ -133.02226, 53.76611 ], [ -133.03748, 53.74782 ], [ -133.06133, 53.77008 ], [ -133.08032, 53.77158 ], [ -133.08953, 53.76493 ], [ -133.09066, 53.77303 ], [ -133.11515, 53.7778 ], [ -133.11864, 53.77664 ], [ -133.11661, 53.7847 ], [ -133.12278, 53.78931 ], [ -133.12244, 53.78564 ], [ -133.12827, 53.79522 ], [ -133.12467, 53.79794 ], [ -133.1242, 53.80039 ], [ -133.12551, 53.80187 ], [ -133.12166, 53.80204 ], [ -133.119, 53.8045 ], [ -133.12074, 53.80867 ], [ -133.08415, 53.82032 ], [ -133.08139, 53.82598 ], [ -133.11043, 53.83635 ], [ -133.11652, 53.84599 ], [ -133.11723, 53.85102 ], [ -133.1069, 53.85418 ], [ -133.10901, 53.85739 ], [ -133.11431, 53.85337 ], [ -133.12205, 53.8646 ], [ -133.12658, 53.86569 ], [ -133.13778, 53.86392 ], [ -133.15093, 53.88611 ], [ -133.14631, 53.89908 ], [ -133.15438, 53.91457 ], [ -133.12386, 53.9299 ], [ -133.13481, 53.94692 ], [ -133.1289, 53.94248 ], [ -133.11334, 53.94225 ], [ -133.10771, 53.94507 ], [ -133.10642, 53.9373 ], [ -133.1006, 53.9335 ], [ -133.08698, 53.93726 ], [ -133.1005, 53.934 ], [ -133.10657, 53.94493 ], [ -133.11941, 53.94693 ], [ -133.11833, 54.00126 ], [ -133.08605, 54.00369 ], [ -133.08559, 54.01972 ], [ -133.06809, 54.02282 ], [ -133.05701, 54.03003 ], [ -133.04714, 54.02986 ], [ -133.04449, 54.03097 ], [ -133.04484, 54.03248 ], [ -133.04254, 54.03251 ], [ -133.05751, 54.03343 ], [ -133.05101, 54.04729 ], [ -133.06962, 54.05536 ], [ -133.07611, 54.07766 ], [ -133.07869, 54.09154 ], [ -133.06033, 54.10059 ], [ -133.07302, 54.10731 ], [ -133.09621, 54.10383 ], [ -133.09866, 54.10898 ], [ -133.10204, 54.111 ], [ -133.09973, 54.113 ], [ -133.10226, 54.11518 ], [ -133.0284, 54.17309 ], [ -133.0531, 54.17622 ], [ -133.0575, 54.17298 ], [ -133.08664, 54.17073 ], [ -133.08713, 54.18261 ], [ -133.0763, 54.18196 ], [ -133.02632, 54.18444 ], [ -132.97929, 54.16558 ], [ -132.94387, 54.17055 ], [ -132.91781, 54.14828 ], [ -132.89085, 54.15105 ], [ -132.86611, 54.13641 ], [ -132.79807, 54.12342 ] ] ], [ [ [ -132.47333, 53.68827 ], [ -132.46856, 53.68009 ], [ -132.48752, 53.67324 ], [ -132.49159, 53.66826 ], [ -132.49962, 53.67487 ], [ -132.48493, 53.6877 ], [ -132.47333, 53.68827 ] ] ], [ [ [ -132.1601, 53.74029 ], [ -132.18004, 53.71208 ], [ -132.2154, 53.77142 ], [ -132.20247, 53.79152 ], [ -132.18848, 53.79375 ], [ -132.14119, 53.82354 ], [ -132.13339, 53.80908 ], [ -132.13942, 53.79748 ], [ -132.13767, 53.76923 ], [ -132.14596, 53.75727 ], [ -132.14049, 53.75053 ], [ -132.1601, 53.74029 ] ] ], [ [ [ -133.19508, 53.92123 ], [ -133.18961, 53.92377 ], [ -133.19694, 53.93962 ], [ -133.17837, 53.93626 ], [ -133.17512, 53.93793 ], [ -133.17494, 53.94119 ], [ -133.16955, 53.94156 ], [ -133.16169, 53.93597 ], [ -133.17503, 53.91418 ], [ -133.19508, 53.92123 ] ] ], [ [ [ -132.9662, 54.22474 ], [ -132.9876, 54.21879 ], [ -132.97433, 54.20425 ], [ -132.97901, 54.18728 ], [ -133.00089, 54.19313 ], [ -133.01647, 54.19275 ], [ -133.00243, 54.21218 ], [ -133.01112, 54.2199 ], [ -133.01946, 54.21447 ], [ -133.04076, 54.21615 ], [ -133.03655, 54.22209 ], [ -133.04316, 54.22479 ], [ -133.0814, 54.22372 ], [ -133.06977, 54.23451 ], [ -133.07755, 54.24802 ], [ -133.05974, 54.25629 ], [ -133.01722, 54.25363 ], [ -133.0018, 54.25603 ], [ -132.97778, 54.2488 ], [ -132.97751, 54.23833 ], [ -132.9638, 54.23786 ], [ -132.97288, 54.23266 ], [ -132.9662, 54.22474 ] ] ], [ [ [ -131.02116, 52.12378 ], [ -131.04591, 52.12656 ], [ -131.05064, 52.1325 ], [ -131.06551, 52.12369 ], [ -131.01745, 52.11376 ], [ -131.02106, 52.09604 ], [ -131.00805, 52.10123 ], [ -130.99812, 52.08962 ], [ -131.00356, 52.10555 ], [ -130.99733, 52.11127 ], [ -130.99946, 52.10324 ], [ -130.97324, 52.11034 ], [ -130.96742, 52.09531 ], [ -130.95099, 52.10527 ], [ -130.9366, 52.09354 ], [ -130.93967, 52.07749 ], [ -130.97905, 52.06833 ], [ -130.97999, 52.06784 ], [ -130.98163, 52.06502 ], [ -130.98151, 52.06312 ], [ -130.98804, 52.05931 ], [ -130.99512, 52.05852 ], [ -131.02402, 52.06842 ], [ -131.02677, 52.06664 ], [ -131.02894, 52.06363 ], [ -131.02506, 52.05202 ], [ -131.04152, 52.0564 ], [ -131.05448, 52.07244 ], [ -131.06324, 52.07951 ], [ -131.07269, 52.07611 ], [ -131.07351, 52.06945 ], [ -131.07265, 52.06313 ], [ -131.06032, 52.05013 ], [ -131.05865, 52.04219 ], [ -131.05443, 52.03776 ], [ -130.9771, 52.01109 ], [ -130.98362, 52.00423 ], [ -130.99671, 52.0057 ], [ -130.99716, 52.00767 ], [ -131.01727, 52.01897 ], [ -131.03034, 52.02381 ], [ -131.05646, 52.02312 ], [ -131.05383, 52.01634 ], [ -131.03979, 52.01069 ], [ -131.03764, 52.00608 ], [ -131.03266, 51.99944 ], [ -131.03296, 51.99892 ], [ -131.02331, 51.99433 ], [ -131.01524, 51.98707 ], [ -131.01219, 51.98514 ], [ -131.01126, 51.98512 ], [ -131.00964, 51.98343 ], [ -131.01078, 51.97984 ], [ -131.00981, 51.97789 ], [ -131.00851, 51.97728 ], [ -131.00863, 51.97595 ], [ -131.00807, 51.97575 ], [ -131.03448, 51.97466 ], [ -131.04208, 51.96798 ], [ -131.03876, 51.96214 ], [ -131.03985, 51.96107 ], [ -131.01262, 51.94563 ], [ -131.02351, 51.94378 ], [ -131.02581, 51.9418 ], [ -131.02963, 51.94937 ], [ -131.03775, 51.9526 ], [ -131.0406, 51.95193 ], [ -131.04502, 51.95347 ], [ -131.05019, 51.9529 ], [ -131.04898, 51.95459 ], [ -131.05329, 51.95684 ], [ -131.05248, 51.96017 ], [ -131.07161, 51.96901 ], [ -131.0747, 51.96836 ], [ -131.07563, 51.9724 ], [ -131.08618, 51.98213 ], [ -131.08912, 51.98179 ], [ -131.08619, 51.98535 ], [ -131.08954, 51.99505 ], [ -131.09067, 51.99585 ], [ -131.0933, 51.99647 ], [ -131.09705, 51.99561 ], [ -131.0974, 51.99662 ], [ -131.10262, 51.9954 ], [ -131.10244, 51.99894 ], [ -131.10914, 52.00143 ], [ -131.10913, 52.00376 ], [ -131.098, 52.00688 ], [ -131.09526, 52.00603 ], [ -131.0793, 52.01344 ], [ -131.07788, 52.01663 ], [ -131.08114, 52.02064 ], [ -131.08326, 52.02081 ], [ -131.07683, 52.02339 ], [ -131.08111, 52.0389 ], [ -131.08732, 52.03967 ], [ -131.09147, 52.03516 ], [ -131.09309, 52.03532 ], [ -131.09263, 52.03601 ], [ -131.09531, 52.03722 ], [ -131.1032, 52.03818 ], [ -131.1017, 52.04135 ], [ -131.10456, 52.04228 ], [ -131.10264, 52.04269 ], [ -131.10189, 52.04349 ], [ -131.10486, 52.04867 ], [ -131.10805, 52.05208 ], [ -131.11055, 52.05338 ], [ -131.11385, 52.05351 ], [ -131.11454, 52.05579 ], [ -131.11097, 52.06136 ], [ -131.1106, 52.06902 ], [ -131.12057, 52.06393 ], [ -131.12192, 52.06963 ], [ -131.12993, 52.0734 ], [ -131.11534, 52.07203 ], [ -131.1122, 52.08057 ], [ -131.13277, 52.10228 ], [ -131.1146, 52.15179 ], [ -131.08743, 52.1478 ], [ -131.07479, 52.15329 ], [ -131.05263, 52.14968 ], [ -131.04936, 52.13911 ], [ -131.02935, 52.12569 ], [ -131.02116, 52.12378 ] ] ], [ [ [ -131.21386, 52.08717 ], [ -131.2193, 52.09085 ], [ -131.223, 52.09419 ], [ -131.22683, 52.09209 ], [ -131.22791, 52.09319 ], [ -131.23327, 52.09474 ], [ -131.22614, 52.09629 ], [ -131.22724, 52.10138 ], [ -131.22222, 52.10062 ], [ -131.22243, 52.10398 ], [ -131.221, 52.10367 ], [ -131.21982, 52.10437 ], [ -131.21624, 52.0982 ], [ -131.21364, 52.09847 ], [ -131.21156, 52.08493 ], [ -131.21344, 52.08577 ], [ -131.21386, 52.08717 ] ] ], [ [ [ -130.44856, 53.47918 ], [ -130.43807, 53.48977 ], [ -130.43266, 53.47934 ], [ -130.43798, 53.46957 ], [ -130.44856, 53.47918 ] ] ], [ [ [ -130.61721, 53.47472 ], [ -130.62301, 53.4851 ], [ -130.6312, 53.48512 ], [ -130.63071, 53.5038 ], [ -130.61156, 53.50397 ], [ -130.6005, 53.49576 ], [ -130.59318, 53.49376 ], [ -130.59841, 53.49219 ], [ -130.58421, 53.46682 ], [ -130.61721, 53.47472 ] ] ], [ [ [ -130.42407, 53.48248 ], [ -130.42345, 53.48975 ], [ -130.43582, 53.49311 ], [ -130.42653, 53.50236 ], [ -130.41556, 53.50213 ], [ -130.41955, 53.49573 ], [ -130.41789, 53.49465 ], [ -130.42122, 53.48932 ], [ -130.42021, 53.48487 ], [ -130.42407, 53.48248 ] ] ], [ [ [ -130.55428, 53.61681 ], [ -130.54513, 53.62582 ], [ -130.54142, 53.61828 ], [ -130.57771, 53.60529 ], [ -130.56241, 53.62279 ], [ -130.55428, 53.61681 ] ] ], [ [ [ -130.37299, 53.74192 ], [ -130.3743, 53.74848 ], [ -130.36221, 53.75009 ], [ -130.38064, 53.73233 ], [ -130.39318, 53.74323 ], [ -130.38505, 53.74815 ], [ -130.37299, 53.74192 ] ] ], [ [ [ -130.41566, 53.75682 ], [ -130.42379, 53.77165 ], [ -130.43045, 53.76895 ], [ -130.43122, 53.76642 ], [ -130.42905, 53.76464 ], [ -130.42975, 53.7611 ], [ -130.42219, 53.7606 ], [ -130.41945, 53.75487 ], [ -130.44145, 53.76139 ], [ -130.43372, 53.74951 ], [ -130.47818, 53.76577 ], [ -130.47067, 53.77737 ], [ -130.44874, 53.7686 ], [ -130.44424, 53.78637 ], [ -130.47171, 53.77892 ], [ -130.45957, 53.79203 ], [ -130.42987, 53.79638 ], [ -130.40981, 53.79147 ], [ -130.40678, 53.78422 ], [ -130.41673, 53.7868 ], [ -130.41146, 53.78208 ], [ -130.40022, 53.7793 ], [ -130.41566, 53.75682 ] ] ], [ [ [ -130.53189, 53.79607 ], [ -130.54386, 53.79351 ], [ -130.54497, 53.78813 ], [ -130.58016, 53.79389 ], [ -130.59238, 53.78846 ], [ -130.62426, 53.80025 ], [ -130.62707, 53.80929 ], [ -130.64271, 53.81048 ], [ -130.57735, 53.84726 ], [ -130.55614, 53.8476 ], [ -130.50043, 53.81991 ], [ -130.53869, 53.80931 ], [ -130.5461, 53.80265 ], [ -130.53169, 53.80236 ], [ -130.53189, 53.79607 ] ] ], [ [ [ -130.58681, 53.89629 ], [ -130.5945, 53.88249 ], [ -130.60615, 53.88396 ], [ -130.61667, 53.87381 ], [ -130.64786, 53.88774 ], [ -130.62679, 53.88325 ], [ -130.60981, 53.88453 ], [ -130.66261, 53.89914 ], [ -130.63283, 53.92067 ], [ -130.63107, 53.91664 ], [ -130.61056, 53.9138 ], [ -130.60659, 53.91626 ], [ -130.60553, 53.91124 ], [ -130.61211, 53.91339 ], [ -130.61568, 53.91307 ], [ -130.58681, 53.89629 ] ] ], [ [ [ -130.45981, 54.0786 ], [ -130.4354, 54.05165 ], [ -130.42806, 54.0579 ], [ -130.43982, 54.06121 ], [ -130.43101, 54.06713 ], [ -130.44345, 54.07016 ], [ -130.44636, 54.08449 ], [ -130.43553, 54.09777 ], [ -130.42713, 54.09565 ], [ -130.41609, 54.10258 ], [ -130.41056, 54.08647 ], [ -130.4003, 54.09078 ], [ -130.38508, 54.08009 ], [ -130.37938, 54.077 ], [ -130.37648, 54.07663 ], [ -130.38274, 54.08925 ], [ -130.36011, 54.07633 ], [ -130.35369, 54.06885 ], [ -130.31721, 54.05309 ], [ -130.28929, 54.02784 ], [ -130.29819, 54.00971 ], [ -130.2794, 54.01729 ], [ -130.25295, 53.99036 ], [ -130.24552, 53.99236 ], [ -130.23132, 53.94859 ], [ -130.24892, 53.94447 ], [ -130.26095, 53.95222 ], [ -130.2633, 53.95287 ], [ -130.26958, 53.95306 ], [ -130.23979, 53.93517 ], [ -130.26052, 53.93271 ], [ -130.27735, 53.90298 ], [ -130.33496, 53.87962 ], [ -130.33823, 53.85422 ], [ -130.35378, 53.84431 ], [ -130.33879, 53.84429 ], [ -130.34147, 53.82812 ], [ -130.35924, 53.83165 ], [ -130.39887, 53.82343 ], [ -130.40593, 53.83342 ], [ -130.40632, 53.82809 ], [ -130.42155, 53.83324 ], [ -130.41193, 53.83506 ], [ -130.41273, 53.83835 ], [ -130.43548, 53.83354 ], [ -130.42751, 53.83831 ], [ -130.43872, 53.85974 ], [ -130.45022, 53.84356 ], [ -130.44818, 53.83963 ], [ -130.4695, 53.84212 ], [ -130.47345, 53.84163 ], [ -130.48014, 53.83826 ], [ -130.48581, 53.83744 ], [ -130.4867, 53.8419 ], [ -130.50332, 53.83737 ], [ -130.5027, 53.84333 ], [ -130.48436, 53.84662 ], [ -130.48409, 53.84804 ], [ -130.51638, 53.87006 ], [ -130.50634, 53.87699 ], [ -130.49345, 53.87259 ], [ -130.4936, 53.87937 ], [ -130.48781, 53.87843 ], [ -130.46839, 53.88665 ], [ -130.44591, 53.91955 ], [ -130.43199, 53.95872 ], [ -130.41433, 53.971 ], [ -130.37857, 53.96772 ], [ -130.37055, 53.96053 ], [ -130.33639, 53.96287 ], [ -130.3807, 53.97958 ], [ -130.35104, 53.98664 ], [ -130.35624, 53.99487 ], [ -130.34133, 53.99728 ], [ -130.41223, 54.0321 ], [ -130.4209, 54.02971 ], [ -130.3564, 53.98973 ], [ -130.37941, 53.98576 ], [ -130.38795, 53.97362 ], [ -130.43472, 53.98462 ], [ -130.45186, 53.97298 ], [ -130.46106, 53.95201 ], [ -130.45539, 53.92308 ], [ -130.47304, 53.89175 ], [ -130.49773, 53.88347 ], [ -130.51102, 53.89604 ], [ -130.53403, 53.90053 ], [ -130.55327, 53.89845 ], [ -130.55682, 53.89603 ], [ -130.55658, 53.89792 ], [ -130.55714, 53.89903 ], [ -130.55904, 53.89934 ], [ -130.55798, 53.90148 ], [ -130.57746, 53.91567 ], [ -130.57668, 53.92017 ], [ -130.58348, 53.9213 ], [ -130.57856, 53.92816 ], [ -130.60949, 53.94816 ], [ -130.64439, 53.96002 ], [ -130.63168, 53.94076 ], [ -130.66152, 53.93619 ], [ -130.67303, 53.93958 ], [ -130.66117, 53.94876 ], [ -130.66861, 53.95791 ], [ -130.6726, 53.95253 ], [ -130.6697, 53.94947 ], [ -130.68913, 53.94436 ], [ -130.67956, 53.93299 ], [ -130.68998, 53.92562 ], [ -130.68042, 53.91575 ], [ -130.68756, 53.92039 ], [ -130.70091, 53.91272 ], [ -130.69893, 53.89242 ], [ -130.61074, 53.85642 ], [ -130.6163, 53.85464 ], [ -130.61753, 53.85114 ], [ -130.62252, 53.85513 ], [ -130.63506, 53.85617 ], [ -130.61581, 53.8452 ], [ -130.63932, 53.84492 ], [ -130.65088, 53.8401 ], [ -130.6386, 53.84165 ], [ -130.64457, 53.83472 ], [ -130.66358, 53.84603 ], [ -130.69045, 53.84216 ], [ -130.6916, 53.84696 ], [ -130.70689, 53.84719 ], [ -130.69983, 53.852 ], [ -130.72241, 53.86865 ], [ -130.71081, 53.89711 ], [ -130.73212, 53.91003 ], [ -130.72252, 53.94011 ], [ -130.67559, 53.96856 ], [ -130.66571, 54.00491 ], [ -130.65686, 54.00032 ], [ -130.65899, 53.98983 ], [ -130.64625, 53.99003 ], [ -130.65079, 53.9722 ], [ -130.64529, 53.97092 ], [ -130.63479, 53.97682 ], [ -130.63686, 53.98274 ], [ -130.63576, 53.98236 ], [ -130.63278, 53.9846 ], [ -130.63388, 53.98666 ], [ -130.63048, 53.9889 ], [ -130.62828, 54.0089 ], [ -130.61899, 54.00934 ], [ -130.6204, 54.01726 ], [ -130.6141, 54.01232 ], [ -130.6003, 54.03408 ], [ -130.5623, 54.03184 ], [ -130.55005, 54.05671 ], [ -130.52573, 54.04568 ], [ -130.53075, 54.06547 ], [ -130.50065, 54.06425 ], [ -130.48413, 54.07311 ], [ -130.47845, 54.06819 ], [ -130.47201, 54.07838 ], [ -130.45981, 54.0786 ] ] ], [ [ [ -130.64453, 54.01119 ], [ -130.64618, 54.00949 ], [ -130.65772, 54.0123 ], [ -130.66214, 54.00988 ], [ -130.67368, 54.02352 ], [ -130.66834, 54.00536 ], [ -130.67656, 54.00706 ], [ -130.67967, 54.00936 ], [ -130.68368, 54.00967 ], [ -130.67551, 54.03649 ], [ -130.65016, 54.03354 ], [ -130.66026, 54.02696 ], [ -130.6592, 54.02384 ], [ -130.65413, 54.02048 ], [ -130.64524, 54.019 ], [ -130.64453, 54.01119 ] ] ], [ [ [ -130.71627, 54.02608 ], [ -130.70834, 54.04092 ], [ -130.70183, 54.04384 ], [ -130.69466, 54.03502 ], [ -130.69524, 54.02895 ], [ -130.70203, 54.02478 ], [ -130.70608, 54.03315 ], [ -130.71028, 54.02688 ], [ -130.71627, 54.02608 ] ] ], [ [ [ -130.58521, 54.05959 ], [ -130.60794, 54.06122 ], [ -130.62507, 54.05337 ], [ -130.63192, 54.07136 ], [ -130.60095, 54.06733 ], [ -130.58521, 54.05959 ] ] ], [ [ [ -130.57194, 54.06522 ], [ -130.58537, 54.06544 ], [ -130.58673, 54.07502 ], [ -130.58971, 54.06742 ], [ -130.61748, 54.07541 ], [ -130.63178, 54.09015 ], [ -130.61975, 54.09989 ], [ -130.62733, 54.10493 ], [ -130.64817, 54.08462 ], [ -130.64362, 54.09719 ], [ -130.64948, 54.1023 ], [ -130.65438, 54.10088 ], [ -130.64817, 54.10743 ], [ -130.63636, 54.105 ], [ -130.64728, 54.10892 ], [ -130.64344, 54.12038 ], [ -130.62703, 54.11674 ], [ -130.62437, 54.12017 ], [ -130.62259, 54.11118 ], [ -130.59871, 54.10517 ], [ -130.57141, 54.08099 ], [ -130.57194, 54.06522 ] ] ], [ [ [ -130.76647, 54.13884 ], [ -130.76223, 54.1345 ], [ -130.75325, 54.13274 ], [ -130.75071, 54.11622 ], [ -130.77134, 54.12085 ], [ -130.77627, 54.13162 ], [ -130.76647, 54.13884 ] ] ], [ [ [ -130.82188, 54.16137 ], [ -130.80107, 54.14832 ], [ -130.80919, 54.14717 ], [ -130.81785, 54.13985 ], [ -130.81469, 54.15141 ], [ -130.83091, 54.14908 ], [ -130.82188, 54.16137 ] ] ], [ [ [ -130.63568, 54.13019 ], [ -130.64306, 54.13078 ], [ -130.65102, 54.11375 ], [ -130.672, 54.11523 ], [ -130.68758, 54.10751 ], [ -130.70853, 54.11251 ], [ -130.70552, 54.12979 ], [ -130.72249, 54.11859 ], [ -130.73124, 54.13576 ], [ -130.74408, 54.12086 ], [ -130.73776, 54.1371 ], [ -130.75112, 54.14652 ], [ -130.76192, 54.13936 ], [ -130.77748, 54.141 ], [ -130.76607, 54.14675 ], [ -130.77963, 54.15769 ], [ -130.7894, 54.14691 ], [ -130.78814, 54.14256 ], [ -130.79875, 54.14673 ], [ -130.79897, 54.16532 ], [ -130.8048, 54.15802 ], [ -130.80972, 54.15811 ], [ -130.82199, 54.1761 ], [ -130.80508, 54.17745 ], [ -130.81082, 54.18505 ], [ -130.7932, 54.19572 ], [ -130.78954, 54.20173 ], [ -130.80091, 54.20984 ], [ -130.79346, 54.2161 ], [ -130.78633, 54.2168 ], [ -130.78273, 54.20788 ], [ -130.76564, 54.19998 ], [ -130.75416, 54.20683 ], [ -130.70678, 54.17386 ], [ -130.66008, 54.15586 ], [ -130.63568, 54.13019 ] ] ], [ [ [ -130.38618, 54.28594 ], [ -130.37441, 54.28994 ], [ -130.38578, 54.28037 ], [ -130.37227, 54.27823 ], [ -130.36411, 54.25482 ], [ -130.37822, 54.25258 ], [ -130.38716, 54.26565 ], [ -130.39045, 54.26718 ], [ -130.39293, 54.26956 ], [ -130.39572, 54.27092 ], [ -130.37777, 54.23514 ], [ -130.43942, 54.26856 ], [ -130.435, 54.27217 ], [ -130.46913, 54.2955 ], [ -130.47434, 54.30759 ], [ -130.46493, 54.31192 ], [ -130.45071, 54.30542 ], [ -130.45803, 54.31664 ], [ -130.44733, 54.32819 ], [ -130.43547, 54.3312 ], [ -130.43716, 54.32627 ], [ -130.41557, 54.32318 ], [ -130.40981, 54.30631 ], [ -130.40357, 54.31285 ], [ -130.38827, 54.30677 ], [ -130.38618, 54.28594 ] ] ], [ [ [ -130.51714, 54.31877 ], [ -130.50901, 54.33925 ], [ -130.49497, 54.332 ], [ -130.5073, 54.32136 ], [ -130.51714, 54.31877 ] ] ], [ [ [ -130.70156, 54.39124 ], [ -130.71819, 54.38227 ], [ -130.6998, 54.38001 ], [ -130.71144, 54.36398 ], [ -130.7335, 54.35775 ], [ -130.74911, 54.36338 ], [ -130.75908, 54.35469 ], [ -130.76837, 54.35883 ], [ -130.77298, 54.37031 ], [ -130.78099, 54.37617 ], [ -130.79438, 54.37816 ], [ -130.77681, 54.39926 ], [ -130.75807, 54.40651 ], [ -130.71992, 54.4122 ], [ -130.71213, 54.40167 ], [ -130.72103, 54.39387 ], [ -130.7101, 54.39804 ], [ -130.70156, 54.39124 ] ] ], [ [ [ -130.79775, 54.38383 ], [ -130.81117, 54.38016 ], [ -130.81597, 54.38935 ], [ -130.80311, 54.39469 ], [ -130.79775, 54.38383 ] ] ], [ [ [ -130.79277, 54.41672 ], [ -130.78686, 54.41737 ], [ -130.7861, 54.41436 ], [ -130.7905, 54.41327 ], [ -130.79166, 54.41182 ], [ -130.78799, 54.41226 ], [ -130.79563, 54.41005 ], [ -130.80585, 54.41077 ], [ -130.79408, 54.41964 ], [ -130.76893, 54.42183 ], [ -130.76714, 54.42003 ], [ -130.77674, 54.41676 ], [ -130.77436, 54.41193 ], [ -130.78423, 54.41122 ], [ -130.78384, 54.41911 ], [ -130.79277, 54.41672 ] ] ], [ [ [ -130.76535, 54.4268 ], [ -130.79008, 54.42559 ], [ -130.7886, 54.43296 ], [ -130.79863, 54.43193 ], [ -130.80236, 54.44369 ], [ -130.8256, 54.42632 ], [ -130.83846, 54.42917 ], [ -130.82265, 54.43416 ], [ -130.81976, 54.4464 ], [ -130.79527, 54.45321 ], [ -130.8015, 54.45812 ], [ -130.78623, 54.46926 ], [ -130.76395, 54.4714 ], [ -130.7576, 54.44426 ], [ -130.75102, 54.44767 ], [ -130.72823, 54.42811 ], [ -130.74086, 54.416 ], [ -130.76554, 54.41299 ], [ -130.76535, 54.4268 ] ] ], [ [ [ -130.85621, 54.45612 ], [ -130.81992, 54.46669 ], [ -130.84087, 54.46549 ], [ -130.84194, 54.47154 ], [ -130.81947, 54.47496 ], [ -130.82244, 54.48292 ], [ -130.80788, 54.49219 ], [ -130.78948, 54.49687 ], [ -130.7889, 54.47309 ], [ -130.81179, 54.45238 ], [ -130.848, 54.44708 ], [ -130.85569, 54.438 ], [ -130.85621, 54.45612 ] ] ], [ [ [ -130.95227, 54.46927 ], [ -130.94862, 54.46028 ], [ -130.95023, 54.45778 ], [ -130.97284, 54.46569 ], [ -130.9687, 54.48993 ], [ -130.96526, 54.48613 ], [ -130.96003, 54.48565 ], [ -130.96298, 54.4812 ], [ -130.95857, 54.47827 ], [ -130.9629, 54.47537 ], [ -130.95227, 54.46927 ] ] ], [ [ [ -130.46588, 54.52161 ], [ -130.4874, 54.53359 ], [ -130.47968, 54.56714 ], [ -130.45559, 54.54471 ], [ -130.46588, 54.52161 ] ] ], [ [ [ -130.85834, 54.60942 ], [ -130.87862, 54.60199 ], [ -130.87636, 54.60732 ], [ -130.87949, 54.60842 ], [ -130.89873, 54.58124 ], [ -130.87198, 54.60179 ], [ -130.87492, 54.59046 ], [ -130.86707, 54.59124 ], [ -130.84697, 54.61213 ], [ -130.83697, 54.61169 ], [ -130.83891, 54.59629 ], [ -130.81377, 54.61386 ], [ -130.79012, 54.61567 ], [ -130.78985, 54.62223 ], [ -130.78579, 54.62475 ], [ -130.78558, 54.61381 ], [ -130.77842, 54.62686 ], [ -130.75765, 54.61416 ], [ -130.75303, 54.58615 ], [ -130.77563, 54.55149 ], [ -130.81554, 54.53756 ], [ -130.87446, 54.49446 ], [ -130.88526, 54.49428 ], [ -130.89431, 54.5058 ], [ -130.91697, 54.47631 ], [ -130.93171, 54.47611 ], [ -130.93554, 54.47352 ], [ -130.93311, 54.4673 ], [ -130.94445, 54.46684 ], [ -130.9567, 54.48571 ], [ -130.96464, 54.4906 ], [ -130.95841, 54.5059 ], [ -130.97981, 54.50253 ], [ -130.98323, 54.50652 ], [ -130.96682, 54.51355 ], [ -130.96806, 54.52198 ], [ -130.97733, 54.52039 ], [ -130.96764, 54.52746 ], [ -130.97371, 54.5466 ], [ -130.96595, 54.55454 ], [ -130.96029, 54.54986 ], [ -130.94698, 54.56219 ], [ -130.94858, 54.58046 ], [ -130.9297, 54.59084 ], [ -130.94893, 54.59295 ], [ -130.9359, 54.59467 ], [ -130.94001, 54.60628 ], [ -130.93344, 54.61308 ], [ -130.93391, 54.61543 ], [ -130.89493, 54.6348 ], [ -130.87673, 54.61046 ], [ -130.87261, 54.6104 ], [ -130.87377, 54.62178 ], [ -130.85438, 54.62977 ], [ -130.85287, 54.61772 ], [ -130.84554, 54.61678 ], [ -130.85834, 54.60942 ] ] ], [ [ [ -131.09538, 54.61287 ], [ -131.07789, 54.62061 ], [ -131.09271, 54.62144 ], [ -131.08692, 54.62587 ], [ -131.05394, 54.62485 ], [ -131.04563, 54.60968 ], [ -131.07706, 54.58068 ], [ -131.08762, 54.59287 ], [ -131.09073, 54.58317 ], [ -131.10035, 54.5876 ], [ -131.09538, 54.61287 ] ] ], [ [ [ -129.46416, 53.36112 ], [ -129.44666, 53.35364 ], [ -129.43554, 53.34448 ], [ -129.45152, 53.32191 ], [ -129.46444, 53.34333 ], [ -129.46232, 53.32339 ], [ -129.47091, 53.33969 ], [ -129.46416, 53.36112 ] ] ], [ [ [ -129.39362, 53.31814 ], [ -129.39986, 53.34734 ], [ -129.41145, 53.342 ], [ -129.45159, 53.36046 ], [ -129.45783, 53.37508 ], [ -129.44932, 53.37623 ], [ -129.45538, 53.37939 ], [ -129.44752, 53.38509 ], [ -129.44881, 53.38253 ], [ -129.4425, 53.37833 ], [ -129.42825, 53.37392 ], [ -129.4465, 53.38683 ], [ -129.43279, 53.39209 ], [ -129.43272, 53.40163 ], [ -129.42676, 53.3919 ], [ -129.41644, 53.39485 ], [ -129.41681, 53.41092 ], [ -129.40865, 53.40879 ], [ -129.33522, 53.3637 ], [ -129.3455, 53.34585 ], [ -129.33414, 53.32451 ], [ -129.33789, 53.30128 ], [ -129.41547, 53.2942 ], [ -129.38452, 53.32205 ], [ -129.39362, 53.31814 ] ] ], [ [ [ -129.23241, 53.40912 ], [ -129.22188, 53.37749 ], [ -129.22945, 53.35734 ], [ -129.26159, 53.3671 ], [ -129.27686, 53.39359 ], [ -129.27074, 53.40102 ], [ -129.23241, 53.40912 ] ] ], [ [ [ -130.47478, 53.62661 ], [ -130.46217, 53.62547 ], [ -130.45646, 53.62895 ], [ -130.45026, 53.62506 ], [ -130.45452, 53.62907 ], [ -130.47909, 53.63398 ], [ -130.46546, 53.63774 ], [ -130.46507, 53.63649 ], [ -130.45434, 53.6311 ], [ -130.43294, 53.62452 ], [ -130.43474, 53.62036 ], [ -130.42477, 53.62485 ], [ -130.40115, 53.62 ], [ -130.36046, 53.59856 ], [ -130.3524, 53.6015 ], [ -130.21016, 53.55623 ], [ -130.17183, 53.5354 ], [ -130.19067, 53.52835 ], [ -130.17639, 53.52685 ], [ -130.1661, 53.53444 ], [ -130.10828, 53.51474 ], [ -130.04453, 53.47172 ], [ -129.99325, 53.45283 ], [ -129.97857, 53.43851 ], [ -129.9472, 53.42374 ], [ -129.94741, 53.41569 ], [ -129.93436, 53.41475 ], [ -129.93964, 53.40866 ], [ -129.90554, 53.39182 ], [ -129.88261, 53.36299 ], [ -129.89187, 53.35664 ], [ -129.8784, 53.35958 ], [ -129.86928, 53.35013 ], [ -129.86889, 53.34341 ], [ -129.88351, 53.34185 ], [ -129.87021, 53.3415 ], [ -129.86596, 53.32874 ], [ -129.85596, 53.33557 ], [ -129.84977, 53.31881 ], [ -129.83748, 53.31762 ], [ -129.82942, 53.30277 ], [ -129.79977, 53.28706 ], [ -129.80038, 53.2778 ], [ -129.79712, 53.2653 ], [ -129.79015, 53.25645 ], [ -129.79463, 53.25498 ], [ -129.75293, 53.21453 ], [ -129.75669, 53.21046 ], [ -129.76025, 53.19183 ], [ -129.77328, 53.18934 ], [ -129.78297, 53.17935 ], [ -129.78262, 53.16569 ], [ -129.78966, 53.17044 ], [ -129.79348, 53.16395 ], [ -129.80322, 53.17483 ], [ -129.81918, 53.16996 ], [ -129.82528, 53.17904 ], [ -129.82959, 53.17346 ], [ -129.82964, 53.18319 ], [ -129.83453, 53.18827 ], [ -129.84808, 53.1832 ], [ -129.87071, 53.18802 ], [ -129.8727, 53.17407 ], [ -129.88791, 53.17726 ], [ -129.88879, 53.17423 ], [ -129.88175, 53.16844 ], [ -129.89526, 53.17394 ], [ -129.90124, 53.16364 ], [ -129.90548, 53.16601 ], [ -129.90817, 53.17187 ], [ -129.93929, 53.17123 ], [ -129.92979, 53.16334 ], [ -129.93304, 53.16493 ], [ -129.94353, 53.16768 ], [ -129.94562, 53.16443 ], [ -129.96176, 53.17019 ], [ -129.97305, 53.18071 ], [ -129.96057, 53.18318 ], [ -129.97311, 53.19514 ], [ -129.98589, 53.19265 ], [ -129.98145, 53.19975 ], [ -129.99909, 53.21566 ], [ -130.01343, 53.20693 ], [ -130.00869, 53.22129 ], [ -130.0211, 53.21855 ], [ -130.02417, 53.22609 ], [ -130.01886, 53.2299 ], [ -130.02477, 53.23469 ], [ -130.021, 53.23805 ], [ -130.03461, 53.22783 ], [ -130.02029, 53.25255 ], [ -130.03111, 53.24725 ], [ -130.0505, 53.25087 ], [ -130.04652, 53.24519 ], [ -130.05596, 53.24491 ], [ -130.05813, 53.24611 ], [ -130.05645, 53.24896 ], [ -130.05919, 53.2514 ], [ -130.06418, 53.24877 ], [ -130.06612, 53.25645 ], [ -130.0645, 53.26251 ], [ -130.05669, 53.26473 ], [ -130.07203, 53.26718 ], [ -130.0752, 53.25317 ], [ -130.07763, 53.26204 ], [ -130.09968, 53.27151 ], [ -130.09471, 53.27429 ], [ -130.09177, 53.28832 ], [ -130.10391, 53.29575 ], [ -130.10267, 53.30088 ], [ -130.09843, 53.30274 ], [ -130.09807, 53.30444 ], [ -130.10992, 53.3235 ], [ -130.12427, 53.33258 ], [ -130.1195, 53.34405 ], [ -130.12815, 53.33896 ], [ -130.12962, 53.34569 ], [ -130.13273, 53.34584 ], [ -130.13111, 53.33952 ], [ -130.12543, 53.33823 ], [ -130.12385, 53.32969 ], [ -130.12623, 53.32915 ], [ -130.12177, 53.32177 ], [ -130.12541, 53.31735 ], [ -130.13326, 53.32271 ], [ -130.13458, 53.31767 ], [ -130.15496, 53.32618 ], [ -130.15217, 53.33288 ], [ -130.15505, 53.33345 ], [ -130.16003, 53.3321 ], [ -130.15416, 53.35104 ], [ -130.16729, 53.34263 ], [ -130.18468, 53.34845 ], [ -130.15903, 53.35268 ], [ -130.1708, 53.35724 ], [ -130.18105, 53.35088 ], [ -130.18254, 53.3582 ], [ -130.19281, 53.35734 ], [ -130.18967, 53.36033 ], [ -130.20066, 53.35418 ], [ -130.20112, 53.35201 ], [ -130.20752, 53.35984 ], [ -130.21814, 53.35962 ], [ -130.22137, 53.35884 ], [ -130.22049, 53.37422 ], [ -130.19894, 53.37693 ], [ -130.25579, 53.37573 ], [ -130.26935, 53.38496 ], [ -130.27116, 53.37758 ], [ -130.27677, 53.38186 ], [ -130.30464, 53.38343 ], [ -130.30534, 53.39248 ], [ -130.31134, 53.38778 ], [ -130.33187, 53.41057 ], [ -130.36883, 53.4385 ], [ -130.38284, 53.4432 ], [ -130.38727, 53.4429 ], [ -130.39249, 53.45694 ], [ -130.40823, 53.4571 ], [ -130.39608, 53.47516 ], [ -130.40512, 53.46776 ], [ -130.41468, 53.46677 ], [ -130.40745, 53.48077 ], [ -130.4133, 53.47685 ], [ -130.41313, 53.48258 ], [ -130.38759, 53.505 ], [ -130.36965, 53.51063 ], [ -130.32097, 53.5083 ], [ -130.30207, 53.51291 ], [ -130.3578, 53.51024 ], [ -130.36392, 53.52283 ], [ -130.37913, 53.53 ], [ -130.3879, 53.5172 ], [ -130.39353, 53.52091 ], [ -130.39528, 53.52161 ], [ -130.397, 53.52097 ], [ -130.39441, 53.51054 ], [ -130.42107, 53.51636 ], [ -130.43999, 53.50281 ], [ -130.44214, 53.51315 ], [ -130.45715, 53.50691 ], [ -130.46213, 53.50901 ], [ -130.46272, 53.51163 ], [ -130.45927, 53.51359 ], [ -130.46006, 53.51505 ], [ -130.46878, 53.50822 ], [ -130.47208, 53.51641 ], [ -130.4879, 53.51547 ], [ -130.48451, 53.52685 ], [ -130.48732, 53.53286 ], [ -130.49532, 53.5318 ], [ -130.48699, 53.53424 ], [ -130.48321, 53.5383 ], [ -130.48335, 53.53939 ], [ -130.49577, 53.53507 ], [ -130.51812, 53.54937 ], [ -130.52286, 53.54782 ], [ -130.52396, 53.54311 ], [ -130.53639, 53.55163 ], [ -130.54723, 53.55014 ], [ -130.54812, 53.55737 ], [ -130.53236, 53.5613 ], [ -130.54708, 53.56249 ], [ -130.54877, 53.57562 ], [ -130.52712, 53.5726 ], [ -130.5455, 53.57857 ], [ -130.54131, 53.58074 ], [ -130.54349, 53.58942 ], [ -130.53355, 53.58931 ], [ -130.5213, 53.60156 ], [ -130.53703, 53.59325 ], [ -130.53292, 53.60064 ], [ -130.5409, 53.60263 ], [ -130.53471, 53.60676 ], [ -130.55015, 53.60483 ], [ -130.54226, 53.6068 ], [ -130.54011, 53.62747 ], [ -130.53151, 53.61851 ], [ -130.52925, 53.62374 ], [ -130.53336, 53.63028 ], [ -130.5136, 53.62925 ], [ -130.50771, 53.6338 ], [ -130.47478, 53.62661 ] ] ], [ [ [ -129.90436, 53.51548 ], [ -129.90926, 53.50278 ], [ -129.936, 53.50227 ], [ -129.94766, 53.49965 ], [ -129.95573, 53.49666 ], [ -129.94643, 53.49936 ], [ -129.90894, 53.50044 ], [ -129.92668, 53.47031 ], [ -129.94608, 53.4662 ], [ -129.96399, 53.47608 ], [ -129.98176, 53.47974 ], [ -129.98099, 53.49139 ], [ -129.99742, 53.48985 ], [ -130.02678, 53.50864 ], [ -129.99057, 53.52589 ], [ -129.97929, 53.52732 ], [ -129.97821, 53.51015 ], [ -129.96646, 53.50654 ], [ -129.97508, 53.50711 ], [ -129.98676, 53.49284 ], [ -129.96844, 53.49754 ], [ -129.96852, 53.50245 ], [ -129.96139, 53.49515 ], [ -129.95751, 53.49551 ], [ -129.96774, 53.50917 ], [ -129.95801, 53.51015 ], [ -129.95402, 53.51406 ], [ -129.97096, 53.50952 ], [ -129.97134, 53.51607 ], [ -129.96431, 53.516 ], [ -129.96073, 53.53195 ], [ -129.94092, 53.54742 ], [ -129.89831, 53.54291 ], [ -129.89306, 53.54027 ], [ -129.89639, 53.53733 ], [ -129.89132, 53.53375 ], [ -129.89852, 53.53311 ], [ -129.89494, 53.52072 ], [ -129.90436, 53.51548 ] ] ], [ [ [ -129.95994, 53.54973 ], [ -129.96779, 53.53166 ], [ -129.97829, 53.54007 ], [ -129.96973, 53.54865 ], [ -129.99541, 53.54397 ], [ -129.99055, 53.553 ], [ -129.95994, 53.54973 ] ] ], [ [ [ -130.06847, 53.85617 ], [ -130.0615, 53.84303 ], [ -130.05864, 53.84917 ], [ -130.04638, 53.84077 ], [ -130.03428, 53.8395 ], [ -130.00471, 53.81482 ], [ -130.00649, 53.80944 ], [ -129.96536, 53.79477 ], [ -129.93264, 53.76441 ], [ -129.82479, 53.70985 ], [ -129.70604, 53.59963 ], [ -129.45153, 53.43938 ], [ -129.44087, 53.42718 ], [ -129.4189, 53.41368 ], [ -129.42139, 53.40574 ], [ -129.44128, 53.41698 ], [ -129.43517, 53.39959 ], [ -129.46615, 53.38098 ], [ -129.46576, 53.36323 ], [ -129.47346, 53.37235 ], [ -129.48116, 53.33616 ], [ -129.46407, 53.30927 ], [ -129.48504, 53.28183 ], [ -129.50914, 53.28727 ], [ -129.51607, 53.30872 ], [ -129.52541, 53.30795 ], [ -129.51704, 53.31707 ], [ -129.53214, 53.32382 ], [ -129.53961, 53.32262 ], [ -129.54128, 53.33655 ], [ -129.55296, 53.34144 ], [ -129.54102, 53.32358 ], [ -129.55064, 53.32179 ], [ -129.53612, 53.31963 ], [ -129.52502, 53.30632 ], [ -129.52998, 53.3034 ], [ -129.52283, 53.29281 ], [ -129.53993, 53.29149 ], [ -129.50072, 53.27278 ], [ -129.51235, 53.25747 ], [ -129.48774, 53.22893 ], [ -129.49391, 53.22065 ], [ -129.50476, 53.22493 ], [ -129.502, 53.20818 ], [ -129.52571, 53.22077 ], [ -129.52896, 53.21751 ], [ -129.54282, 53.21654 ], [ -129.54223, 53.21595 ], [ -129.55463, 53.21248 ], [ -129.56402, 53.21845 ], [ -129.58761, 53.21187 ], [ -129.60929, 53.23904 ], [ -129.62799, 53.25074 ], [ -129.63545, 53.24925 ], [ -129.64603, 53.27028 ], [ -129.65487, 53.26853 ], [ -129.64842, 53.27352 ], [ -129.64739, 53.27762 ], [ -129.65325, 53.28021 ], [ -129.66602, 53.27714 ], [ -129.6532, 53.28285 ], [ -129.65162, 53.28787 ], [ -129.66888, 53.28225 ], [ -129.66671, 53.29129 ], [ -129.67323, 53.29229 ], [ -129.68548, 53.30765 ], [ -129.63053, 53.30643 ], [ -129.57283, 53.3186 ], [ -129.6006, 53.31825 ], [ -129.61363, 53.33149 ], [ -129.61165, 53.3163 ], [ -129.62223, 53.31228 ], [ -129.66675, 53.31829 ], [ -129.65118, 53.31277 ], [ -129.67079, 53.31045 ], [ -129.67442, 53.31487 ], [ -129.68764, 53.31884 ], [ -129.69878, 53.31848 ], [ -129.67853, 53.33385 ], [ -129.65101, 53.33159 ], [ -129.6335, 53.33829 ], [ -129.6263, 53.34695 ], [ -129.64328, 53.36464 ], [ -129.65069, 53.36338 ], [ -129.63519, 53.34091 ], [ -129.64934, 53.342 ], [ -129.65825, 53.33344 ], [ -129.68075, 53.343 ], [ -129.69618, 53.33316 ], [ -129.69937, 53.34117 ], [ -129.71423, 53.32311 ], [ -129.74385, 53.33723 ], [ -129.74597, 53.34173 ], [ -129.77871, 53.36515 ], [ -129.77091, 53.3716 ], [ -129.77518, 53.37684 ], [ -129.76103, 53.37928 ], [ -129.76005, 53.38235 ], [ -129.78477, 53.38114 ], [ -129.77616, 53.37799 ], [ -129.78386, 53.36897 ], [ -129.80868, 53.37572 ], [ -129.78424, 53.40641 ], [ -129.80155, 53.39799 ], [ -129.80846, 53.37857 ], [ -129.83258, 53.38736 ], [ -129.84996, 53.40961 ], [ -129.83322, 53.4122 ], [ -129.83906, 53.40687 ], [ -129.83587, 53.40456 ], [ -129.83238, 53.40552 ], [ -129.82831, 53.40872 ], [ -129.83122, 53.41332 ], [ -129.83536, 53.41268 ], [ -129.83679, 53.41611 ], [ -129.82867, 53.41962 ], [ -129.84996, 53.41888 ], [ -129.84687, 53.42549 ], [ -129.82728, 53.42502 ], [ -129.8473, 53.42947 ], [ -129.82658, 53.43155 ], [ -129.83963, 53.43474 ], [ -129.82225, 53.4435 ], [ -129.79633, 53.44911 ], [ -129.78032, 53.44805 ], [ -129.77265, 53.45316 ], [ -129.80128, 53.45139 ], [ -129.78169, 53.45967 ], [ -129.8419, 53.43754 ], [ -129.83693, 53.45277 ], [ -129.82401, 53.4478 ], [ -129.82028, 53.44908 ], [ -129.81817, 53.4527 ], [ -129.82174, 53.45861 ], [ -129.83641, 53.45597 ], [ -129.83902, 53.47056 ], [ -129.85443, 53.44824 ], [ -129.86669, 53.45288 ], [ -129.87017, 53.45129 ], [ -129.86707, 53.46196 ], [ -129.88415, 53.45649 ], [ -129.89061, 53.46042 ], [ -129.91568, 53.46344 ], [ -129.86694, 53.47404 ], [ -129.86889, 53.47862 ], [ -129.87937, 53.47164 ], [ -129.91157, 53.47388 ], [ -129.89302, 53.49526 ], [ -129.89928, 53.49915 ], [ -129.86296, 53.50116 ], [ -129.86663, 53.50626 ], [ -129.86816, 53.50251 ], [ -129.86626, 53.50206 ], [ -129.86772, 53.50106 ], [ -129.89314, 53.50122 ], [ -129.88874, 53.51611 ], [ -129.8267, 53.50827 ], [ -129.82811, 53.51579 ], [ -129.81366, 53.51317 ], [ -129.82279, 53.51653 ], [ -129.81463, 53.52102 ], [ -129.87458, 53.51727 ], [ -129.88668, 53.5526 ], [ -129.89463, 53.54532 ], [ -129.9509, 53.55152 ], [ -129.92115, 53.5551 ], [ -129.91702, 53.5685 ], [ -129.90287, 53.57182 ], [ -129.90182, 53.57311 ], [ -129.90293, 53.57016 ], [ -129.89354, 53.56164 ], [ -129.87833, 53.56788 ], [ -129.89711, 53.58463 ], [ -129.92563, 53.57576 ], [ -129.925, 53.5823 ], [ -129.95384, 53.57381 ], [ -129.93066, 53.5877 ], [ -129.94875, 53.58356 ], [ -129.94522, 53.59005 ], [ -129.91872, 53.59929 ], [ -129.93833, 53.59422 ], [ -129.93271, 53.60189 ], [ -129.90475, 53.60854 ], [ -129.92321, 53.60677 ], [ -129.92731, 53.61383 ], [ -129.94198, 53.59708 ], [ -129.94921, 53.60692 ], [ -129.9625, 53.58991 ], [ -129.95617, 53.57845 ], [ -130.0073, 53.5648 ], [ -130.02359, 53.57202 ], [ -130.01539, 53.57717 ], [ -130.02944, 53.57503 ], [ -130.0354, 53.59056 ], [ -130.04445, 53.58448 ], [ -130.05584, 53.59302 ], [ -130.0434, 53.59769 ], [ -130.06192, 53.59807 ], [ -130.05891, 53.6264 ], [ -129.99569, 53.63303 ], [ -129.94405, 53.64741 ], [ -129.92309, 53.64858 ], [ -129.9156, 53.64004 ], [ -129.89289, 53.63261 ], [ -129.83972, 53.61906 ], [ -129.83209, 53.62108 ], [ -129.85234, 53.63242 ], [ -129.87013, 53.62832 ], [ -129.9099, 53.63963 ], [ -129.92711, 53.65389 ], [ -129.93948, 53.65668 ], [ -129.96655, 53.64476 ], [ -129.98127, 53.64833 ], [ -130.07255, 53.6306 ], [ -130.10024, 53.66725 ], [ -130.08889, 53.67259 ], [ -130.10187, 53.69816 ], [ -130.08979, 53.71024 ], [ -130.07634, 53.71413 ], [ -130.08267, 53.72451 ], [ -130.10357, 53.69836 ], [ -130.15276, 53.71482 ], [ -130.17416, 53.71938 ], [ -130.20586, 53.72138 ], [ -130.22015, 53.8084 ], [ -130.18568, 53.80609 ], [ -130.18322, 53.81483 ], [ -130.17063, 53.81516 ], [ -130.27291, 53.81944 ], [ -130.29008, 53.82361 ], [ -130.2952, 53.84519 ], [ -130.2792, 53.86288 ], [ -130.28674, 53.86984 ], [ -130.25961, 53.88881 ], [ -130.23234, 53.89127 ], [ -130.22053, 53.90672 ], [ -130.20262, 53.91124 ], [ -130.15694, 53.89064 ], [ -130.12324, 53.88807 ], [ -130.075, 53.84895 ], [ -130.06854, 53.84638 ], [ -130.06847, 53.85617 ] ] ], [ [ [ -130.09957, 53.55994 ], [ -130.08604, 53.55675 ], [ -130.07902, 53.56213 ], [ -130.07589, 53.55478 ], [ -130.06315, 53.55316 ], [ -130.09385, 53.54718 ], [ -130.09957, 53.55994 ] ] ], [ [ [ -129.96967, 53.56346 ], [ -129.95755, 53.56163 ], [ -129.96281, 53.55489 ], [ -129.98648, 53.55434 ], [ -129.9792, 53.56187 ], [ -129.96967, 53.56346 ] ] ], [ [ [ -129.94153, 53.57231 ], [ -129.93579, 53.57359 ], [ -129.91428, 53.57624 ], [ -129.93134, 53.56689 ], [ -129.92442, 53.56384 ], [ -129.93053, 53.56107 ], [ -129.94711, 53.55973 ], [ -129.94153, 53.57231 ] ] ], [ [ [ -130.1442, 53.55924 ], [ -130.15387, 53.56377 ], [ -130.12621, 53.56655 ], [ -130.11859, 53.56157 ], [ -130.1442, 53.55924 ] ] ], [ [ [ -130.16524, 53.57167 ], [ -130.18282, 53.56769 ], [ -130.18946, 53.57836 ], [ -130.17035, 53.58406 ], [ -130.16524, 53.57167 ] ] ], [ [ [ -130.12282, 53.69559 ], [ -130.11027, 53.67619 ], [ -130.12941, 53.66964 ], [ -130.11431, 53.63198 ], [ -130.12879, 53.61836 ], [ -130.11775, 53.62019 ], [ -130.10108, 53.60576 ], [ -130.10295, 53.58358 ], [ -130.07572, 53.56378 ], [ -130.11039, 53.56201 ], [ -130.12326, 53.57093 ], [ -130.15451, 53.56811 ], [ -130.16496, 53.58681 ], [ -130.17048, 53.58672 ], [ -130.19074, 53.58011 ], [ -130.22876, 53.60053 ], [ -130.26341, 53.60099 ], [ -130.2695, 53.61003 ], [ -130.28658, 53.60603 ], [ -130.27939, 53.61059 ], [ -130.2942, 53.61345 ], [ -130.29976, 53.60901 ], [ -130.30245, 53.62012 ], [ -130.31084, 53.61472 ], [ -130.31415, 53.61858 ], [ -130.33324, 53.61757 ], [ -130.3597, 53.63273 ], [ -130.34508, 53.63959 ], [ -130.32232, 53.63541 ], [ -130.33246, 53.63844 ], [ -130.32217, 53.64063 ], [ -130.34498, 53.6417 ], [ -130.34195, 53.64855 ], [ -130.35682, 53.64625 ], [ -130.35608, 53.65233 ], [ -130.37663, 53.65145 ], [ -130.38167, 53.66354 ], [ -130.40269, 53.67472 ], [ -130.40875, 53.67364 ], [ -130.40056, 53.67907 ], [ -130.40383, 53.6906 ], [ -130.37567, 53.70012 ], [ -130.3759, 53.70522 ], [ -130.40049, 53.70659 ], [ -130.3808, 53.70801 ], [ -130.33011, 53.74096 ], [ -130.30411, 53.7397 ], [ -130.30353, 53.75094 ], [ -130.27577, 53.74668 ], [ -130.31809, 53.77565 ], [ -130.31501, 53.78421 ], [ -130.29736, 53.7888 ], [ -130.31176, 53.79675 ], [ -130.27833, 53.80007 ], [ -130.24206, 53.79247 ], [ -130.22074, 53.76026 ], [ -130.23116, 53.72562 ], [ -130.19864, 53.70819 ], [ -130.15794, 53.70961 ], [ -130.12282, 53.69559 ] ] ], [ [ [ -130.37444, 53.75023 ], [ -130.39004, 53.75368 ], [ -130.38763, 53.76984 ], [ -130.37224, 53.76855 ], [ -130.38409, 53.77664 ], [ -130.37877, 53.7823 ], [ -130.34872, 53.77987 ], [ -130.32089, 53.76284 ], [ -130.35238, 53.74239 ], [ -130.35548, 53.75347 ], [ -130.36362, 53.75639 ], [ -130.37318, 53.75565 ], [ -130.37444, 53.75023 ] ] ], [ [ [ -130.14873, 53.92037 ], [ -130.17067, 53.92772 ], [ -130.16434, 53.93697 ], [ -130.14083, 53.93082 ], [ -130.14873, 53.92037 ] ] ], [ [ [ -130.1594, 53.96316 ], [ -130.15743, 53.9666 ], [ -130.14203, 53.97114 ], [ -130.14581, 53.95562 ], [ -130.1594, 53.96316 ] ] ], [ [ [ -130.23276, 53.98659 ], [ -130.25996, 54.00783 ], [ -130.25161, 54.00465 ], [ -130.2585, 54.02569 ], [ -130.23265, 54.00336 ], [ -130.23276, 53.98659 ] ] ], [ [ [ -130.22427, 54.05467 ], [ -130.21367, 54.0686 ], [ -130.18633, 54.07931 ], [ -130.15883, 54.06599 ], [ -130.12947, 54.02292 ], [ -130.14733, 53.98792 ], [ -130.1762, 53.98415 ], [ -130.20742, 54.00456 ], [ -130.22427, 54.05467 ] ] ], [ [ [ -130.19226, 54.71398 ], [ -130.15946, 54.70914 ], [ -130.09576, 54.66291 ], [ -130.10385, 54.67646 ], [ -130.09347, 54.68519 ], [ -130.08761, 54.67022 ], [ -130.06529, 54.64013 ], [ -130.04359, 54.62669 ], [ -129.94583, 54.59577 ], [ -129.90132, 54.61374 ], [ -129.89973, 54.62528 ], [ -129.94507, 54.60258 ], [ -129.98381, 54.61291 ], [ -130.0572, 54.65357 ], [ -130.08288, 54.69002 ], [ -130.10781, 54.69097 ], [ -130.14423, 54.71545 ], [ -130.21745, 54.72609 ], [ -130.20391, 54.73176 ], [ -130.14489, 54.7316 ], [ -130.04993, 54.70096 ], [ -129.9656, 54.69893 ], [ -129.9596, 54.70688 ], [ -129.97376, 54.71637 ], [ -129.91928, 54.71108 ], [ -129.82368, 54.73164 ], [ -129.79535, 54.74579 ], [ -129.77436, 54.72744 ], [ -129.75386, 54.72358 ], [ -129.71432, 54.74366 ], [ -129.69672, 54.73104 ], [ -129.68434, 54.69541 ], [ -129.56697, 54.6803 ], [ -129.513, 54.65844 ], [ -129.47831, 54.6649 ], [ -129.46394, 54.66029 ], [ -129.47459, 54.61867 ], [ -129.5183, 54.59976 ], [ -129.54398, 54.59988 ], [ -129.55735, 54.62771 ], [ -129.57584, 54.63763 ], [ -129.62525, 54.63449 ], [ -129.66246, 54.62092 ], [ -129.68717, 54.59476 ], [ -129.65822, 54.58094 ], [ -129.65862, 54.55688 ], [ -129.69229, 54.52726 ], [ -129.676, 54.48194 ], [ -129.6537, 54.48721 ], [ -129.59839, 54.47327 ], [ -129.52505, 54.43855 ], [ -129.50609, 54.39748 ], [ -129.47566, 54.36823 ], [ -129.43068, 54.36483 ], [ -129.39921, 54.35135 ], [ -129.37112, 54.3565 ], [ -129.37348, 53.79654 ], [ -129.23119, 53.63112 ], [ -129.30403, 53.64921 ], [ -129.29831, 53.63017 ], [ -129.24016, 53.61352 ], [ -129.25339, 53.58883 ], [ -129.23308, 53.51894 ], [ -129.29237, 53.52285 ], [ -129.31493, 53.55133 ], [ -129.33076, 53.55465 ], [ -129.34528, 53.57807 ], [ -129.35136, 53.57551 ], [ -129.28756, 53.50543 ], [ -129.29089, 53.51993 ], [ -129.23532, 53.50967 ], [ -129.23737, 53.42479 ], [ -129.25271, 53.42595 ], [ -129.2698, 53.41119 ], [ -129.25594, 53.41324 ], [ -129.25756, 53.40678 ], [ -129.29104, 53.39701 ], [ -129.27121, 53.3635 ], [ -129.34175, 53.38385 ], [ -129.47724, 53.47514 ], [ -129.48949, 53.47469 ], [ -129.5827, 53.53026 ], [ -129.59413, 53.54611 ], [ -129.57212, 53.55355 ], [ -129.57916, 53.55706 ], [ -129.56427, 53.55593 ], [ -129.56866, 53.56341 ], [ -129.59712, 53.55418 ], [ -129.60147, 53.54228 ], [ -129.64672, 53.56665 ], [ -129.75966, 53.66814 ], [ -129.75578, 53.6849 ], [ -129.7218, 53.66182 ], [ -129.718, 53.66591 ], [ -129.70742, 53.65721 ], [ -129.68706, 53.65404 ], [ -129.7139, 53.66716 ], [ -129.71101, 53.70776 ], [ -129.71696, 53.70228 ], [ -129.73228, 53.71913 ], [ -129.71772, 53.69809 ], [ -129.71893, 53.67359 ], [ -129.74096, 53.70845 ], [ -129.73859, 53.69705 ], [ -129.75547, 53.69445 ], [ -129.814, 53.72418 ], [ -129.81864, 53.75616 ], [ -129.83028, 53.75186 ], [ -129.8337, 53.73621 ], [ -129.88564, 53.76878 ], [ -129.89644, 53.768 ], [ -129.95395, 53.80961 ], [ -129.95006, 53.81632 ], [ -129.9207, 53.81855 ], [ -129.89346, 53.81044 ], [ -129.87194, 53.81537 ], [ -129.85061, 53.80548 ], [ -129.85279, 53.81316 ], [ -129.92908, 53.82375 ], [ -129.94709, 53.82115 ], [ -129.95386, 53.81312 ], [ -129.98112, 53.8239 ], [ -130.00717, 53.85089 ], [ -129.97196, 53.86486 ], [ -129.98754, 53.8801 ], [ -129.9665, 53.87866 ], [ -130.00495, 53.89079 ], [ -129.98459, 53.8683 ], [ -130.00265, 53.86494 ], [ -130.00712, 53.86225 ], [ -130.00498, 53.85842 ], [ -130.01381, 53.8548 ], [ -130.03092, 53.86659 ], [ -130.03703, 53.86228 ], [ -130.05056, 53.87227 ], [ -130.04374, 53.87599 ], [ -130.07239, 53.89174 ], [ -130.08261, 53.92707 ], [ -130.10919, 53.94841 ], [ -130.08938, 53.96911 ], [ -130.10486, 53.9786 ], [ -130.09484, 54.00036 ], [ -130.08165, 53.99535 ], [ -130.07705, 53.97687 ], [ -130.07435, 53.97511 ], [ -130.07158, 53.9783 ], [ -130.07757, 54.00165 ], [ -130.09561, 54.00542 ], [ -130.08534, 54.02374 ], [ -130.10253, 54.06591 ], [ -130.08877, 54.08025 ], [ -130.08413, 54.11303 ], [ -130.06502, 54.12419 ], [ -130.05571, 54.1363 ], [ -130.05252, 54.14867 ], [ -130.03241, 54.14166 ], [ -129.98836, 54.14313 ], [ -129.96996, 54.15972 ], [ -129.95401, 54.16144 ], [ -129.94601, 54.13233 ], [ -129.89745, 54.09564 ], [ -129.85587, 54.0372 ], [ -129.82698, 54.0313 ], [ -129.79815, 54.0 ], [ -129.75256, 54.0 ], [ -129.79021, 54.00524 ], [ -129.80941, 54.02733 ], [ -129.83933, 54.04195 ], [ -129.87646, 54.09769 ], [ -129.92951, 54.13737 ], [ -129.93735, 54.16637 ], [ -129.95481, 54.1814 ], [ -129.83852, 54.21511 ], [ -129.77636, 54.1984 ], [ -129.75327, 54.20921 ], [ -129.71879, 54.2058 ], [ -129.6727, 54.18309 ], [ -129.61292, 54.17451 ], [ -129.58613, 54.18772 ], [ -129.57733, 54.2129 ], [ -129.53948, 54.21813 ], [ -129.52193, 54.23302 ], [ -129.5, 54.23796 ], [ -129.52145, 54.23756 ], [ -129.54437, 54.22198 ], [ -129.57798, 54.22134 ], [ -129.5881, 54.20385 ], [ -129.62332, 54.18686 ], [ -129.65088, 54.18914 ], [ -129.69053, 54.21161 ], [ -129.86024, 54.23607 ], [ -129.94724, 54.20218 ], [ -129.98622, 54.19616 ], [ -130.0225, 54.16999 ], [ -130.08115, 54.17267 ], [ -130.1289, 54.14843 ], [ -130.20222, 54.18771 ], [ -130.27909, 54.2044 ], [ -130.30256, 54.24333 ], [ -130.28585, 54.23221 ], [ -130.28663, 54.24248 ], [ -130.27328, 54.2419 ], [ -130.25877, 54.25365 ], [ -130.21092, 54.26109 ], [ -130.20962, 54.25293 ], [ -130.19043, 54.2478 ], [ -130.20338, 54.2632 ], [ -130.15966, 54.27333 ], [ -130.14576, 54.28491 ], [ -130.203, 54.26473 ], [ -130.23169, 54.26798 ], [ -130.24947, 54.31576 ], [ -130.26445, 54.32196 ], [ -130.25666, 54.32281 ], [ -130.25666, 54.32727 ], [ -130.26881, 54.32467 ], [ -130.26534, 54.33137 ], [ -130.27222, 54.32819 ], [ -130.27579, 54.33686 ], [ -130.23797, 54.40137 ], [ -130.25384, 54.39867 ], [ -130.323, 54.43794 ], [ -130.29258, 54.40989 ], [ -130.25748, 54.3991 ], [ -130.28756, 54.34759 ], [ -130.30713, 54.33742 ], [ -130.3199, 54.3391 ], [ -130.33869, 54.32944 ], [ -130.35162, 54.34332 ], [ -130.34571, 54.33149 ], [ -130.35592, 54.32293 ], [ -130.36368, 54.33867 ], [ -130.37182, 54.31962 ], [ -130.37104, 54.33288 ], [ -130.38291, 54.3259 ], [ -130.38167, 54.33569 ], [ -130.40477, 54.32846 ], [ -130.40496, 54.32079 ], [ -130.40773, 54.32853 ], [ -130.42301, 54.33556 ], [ -130.41116, 54.33762 ], [ -130.40962, 54.34169 ], [ -130.42592, 54.33921 ], [ -130.42312, 54.34484 ], [ -130.43348, 54.34559 ], [ -130.4418, 54.33573 ], [ -130.46142, 54.3356 ], [ -130.46469, 54.35836 ], [ -130.48751, 54.3634 ], [ -130.47418, 54.37536 ], [ -130.47428, 54.39014 ], [ -130.49018, 54.40308 ], [ -130.47755, 54.4155 ], [ -130.48945, 54.42931 ], [ -130.48375, 54.43883 ], [ -130.46565, 54.44021 ], [ -130.44781, 54.45712 ], [ -130.42647, 54.44831 ], [ -130.3876, 54.45171 ], [ -130.38342, 54.46631 ], [ -130.39201, 54.46759 ], [ -130.39389, 54.45995 ], [ -130.39571, 54.47266 ], [ -130.4134, 54.46736 ], [ -130.41052, 54.47781 ], [ -130.42873, 54.47402 ], [ -130.44583, 54.49251 ], [ -130.44045, 54.56305 ], [ -130.38834, 54.55604 ], [ -130.38166, 54.56056 ], [ -130.43586, 54.59666 ], [ -130.43892, 54.60871 ], [ -130.4562, 54.61288 ], [ -130.45389, 54.62506 ], [ -130.4378, 54.62436 ], [ -130.44405, 54.63195 ], [ -130.43128, 54.6373 ], [ -130.35976, 54.59744 ], [ -130.33825, 54.57627 ], [ -130.37876, 54.59347 ], [ -130.36747, 54.58304 ], [ -130.37566, 54.58044 ], [ -130.31289, 54.54886 ], [ -130.26469, 54.49454 ], [ -130.11418, 54.39394 ], [ -130.07106, 54.34272 ], [ -129.99548, 54.30071 ], [ -129.9796, 54.30173 ], [ -129.98099, 54.3298 ], [ -129.99399, 54.31304 ], [ -130.04339, 54.33512 ], [ -130.0529, 54.35697 ], [ -130.10362, 54.40517 ], [ -130.06622, 54.44242 ], [ -130.08107, 54.46286 ], [ -130.06658, 54.47024 ], [ -130.0727, 54.47389 ], [ -130.05954, 54.4822 ], [ -130.00444, 54.48808 ], [ -129.98267, 54.50737 ], [ -129.99552, 54.50863 ], [ -130.02669, 54.49079 ], [ -130.0469, 54.49499 ], [ -130.07505, 54.48791 ], [ -130.08114, 54.4649 ], [ -130.0941, 54.46061 ], [ -130.08529, 54.43805 ], [ -130.09996, 54.41995 ], [ -130.1199, 54.42028 ], [ -130.1862, 54.46446 ], [ -130.19563, 54.47999 ], [ -130.2271, 54.49326 ], [ -130.22695, 54.50773 ], [ -130.23731, 54.50397 ], [ -130.24515, 54.51137 ], [ -130.22746, 54.51749 ], [ -130.25791, 54.52174 ], [ -130.25921, 54.53434 ], [ -130.30305, 54.56302 ], [ -130.29197, 54.57388 ], [ -130.3924, 54.6313 ], [ -130.38643, 54.6479 ], [ -130.34707, 54.62241 ], [ -130.33712, 54.63769 ], [ -130.2892, 54.66144 ], [ -130.3101, 54.65985 ], [ -130.35271, 54.63439 ], [ -130.36378, 54.63898 ], [ -130.3802, 54.6553 ], [ -130.36935, 54.68067 ], [ -130.34885, 54.69484 ], [ -130.29962, 54.6974 ], [ -130.22961, 54.7164 ], [ -130.21707, 54.71135 ], [ -130.23231, 54.70979 ], [ -130.22604, 54.70364 ], [ -130.19226, 54.71398 ] ] ], [ [ [ -130.27057, 54.0407 ], [ -130.26797, 54.04846 ], [ -130.25944, 54.03982 ], [ -130.26931, 54.02552 ], [ -130.27778, 54.04318 ], [ -130.27057, 54.0407 ] ] ], [ [ [ -130.32222, 54.06529 ], [ -130.33925, 54.07447 ], [ -130.29149, 54.0577 ], [ -130.28726, 54.0386 ], [ -130.32222, 54.06529 ] ] ], [ [ [ -130.19582, 54.11382 ], [ -130.20564, 54.10345 ], [ -130.22308, 54.10824 ], [ -130.21763, 54.11185 ], [ -130.20528, 54.11477 ], [ -130.19582, 54.11382 ] ] ], [ [ [ -130.14791, 54.14692 ], [ -130.12331, 54.12961 ], [ -130.14667, 54.08936 ], [ -130.16051, 54.1072 ], [ -130.15102, 54.11829 ], [ -130.16548, 54.11808 ], [ -130.14791, 54.14692 ] ] ], [ [ [ -130.28906, 54.16124 ], [ -130.27274, 54.17294 ], [ -130.24406, 54.17348 ], [ -130.20823, 54.16281 ], [ -130.19975, 54.16287 ], [ -130.24294, 54.1781 ], [ -130.27415, 54.17458 ], [ -130.24993, 54.18632 ], [ -130.26577, 54.18513 ], [ -130.25924, 54.19461 ], [ -130.22266, 54.18968 ], [ -130.15509, 54.15092 ], [ -130.18205, 54.12114 ], [ -130.22507, 54.11365 ], [ -130.2456, 54.11683 ], [ -130.28752, 54.14933 ], [ -130.28906, 54.16124 ] ] ], [ [ [ -130.27736, 54.20026 ], [ -130.28285, 54.19078 ], [ -130.30262, 54.20159 ], [ -130.29189, 54.21054 ], [ -130.28721, 54.20478 ], [ -130.27736, 54.20026 ] ] ], [ [ [ -130.25828, 54.25442 ], [ -130.27258, 54.26317 ], [ -130.27129, 54.25464 ], [ -130.29769, 54.26148 ], [ -130.29504, 54.24966 ], [ -130.31017, 54.24719 ], [ -130.32029, 54.23739 ], [ -130.29484, 54.21388 ], [ -130.30832, 54.20231 ], [ -130.33451, 54.22489 ], [ -130.32949, 54.23609 ], [ -130.36064, 54.28481 ], [ -130.34981, 54.30343 ], [ -130.29201, 54.33194 ], [ -130.28468, 54.33431 ], [ -130.27548, 54.33204 ], [ -130.2786, 54.32567 ], [ -130.24823, 54.29873 ], [ -130.2617, 54.291 ], [ -130.25828, 54.25442 ] ] ], [ [ [ -130.45468, 54.64165 ], [ -130.44748, 54.64833 ], [ -130.43323, 54.6389 ], [ -130.44287, 54.63321 ], [ -130.45468, 54.64165 ] ] ], [ [ [ -130.43164, 54.64348 ], [ -130.4384, 54.65548 ], [ -130.39176, 54.67017 ], [ -130.39468, 54.6309 ], [ -130.43164, 54.64348 ] ] ] ] } },
{ "type": "Feature", "properties": { "cduid": "5949", "cd_name": "Kitimat-Stikine", "hazard_score": 0.0014868689170536528, "annual_burn_share": 0.00043364570337538422, "owner_households": 10545.0 }, "geometry": { "type": "MultiPolygon", "coordinates": [ [ [ [ -129.16038, 52.76637 ], [ -129.15666, 52.75996 ], [ -129.11332, 52.74313 ], [ -129.06075, 52.69208 ], [ -129.01333, 52.67326 ], [ -129.01686, 52.66667 ], [ -129.00451, 52.66877 ], [ -128.99491, 52.65123 ], [ -128.97836, 52.64521 ], [ -128.93741, 52.61347 ], [ -128.93096, 52.61271 ], [ -128.9431, 52.56361 ], [ -128.93461, 52.52877 ], [ -128.94343, 52.47578 ], [ -128.95398, 52.47535 ], [ -128.9622, 52.46499 ], [ -128.96417, 52.46933 ], [ -128.96919, 52.4618 ], [ -128.96824, 52.45817 ], [ -128.97168, 52.46396 ], [ -128.97442, 52.45332 ], [ -128.98054, 52.4621 ], [ -128.98624, 52.45447 ], [ -128.99411, 52.46173 ], [ -128.9994, 52.45824 ], [ -128.98899, 52.47546 ], [ -128.99067, 52.47976 ], [ -128.9952, 52.47083 ], [ -129.00152, 52.46984 ], [ -128.99511, 52.475 ], [ -128.99242, 52.48432 ], [ -128.99763, 52.48804 ], [ -129.00197, 52.48863 ], [ -129.01149, 52.47913 ], [ -129.01617, 52.47989 ], [ -129.00894, 52.48501 ], [ -129.00816, 52.48829 ], [ -128.99764, 52.49114 ], [ -128.99697, 52.49595 ], [ -129.00731, 52.51048 ], [ -129.01655, 52.51389 ], [ -129.02259, 52.53617 ], [ -129.0397, 52.52651 ], [ -129.02882, 52.53531 ], [ -129.0371, 52.5428 ], [ -129.04044, 52.52945 ], [ -129.04807, 52.53087 ], [ -129.03774, 52.51531 ], [ -129.06593, 52.52365 ], [ -129.07013, 52.51596 ], [ -129.07266, 52.52253 ], [ -129.08611, 52.52475 ], [ -129.08028, 52.53482 ], [ -129.09826, 52.54607 ], [ -129.08993, 52.54695 ], [ -129.08916, 52.54869 ], [ -129.09592, 52.551 ], [ -129.11806, 52.5441 ], [ -129.13191, 52.56194 ], [ -129.13535, 52.55678 ], [ -129.13947, 52.56176 ], [ -129.14732, 52.58469 ], [ -129.12286, 52.60656 ], [ -129.15407, 52.59928 ], [ -129.15451, 52.60314 ], [ -129.15815, 52.60422 ], [ -129.16677, 52.6046 ], [ -129.16867, 52.60257 ], [ -129.18257, 52.62202 ], [ -129.18868, 52.62085 ], [ -129.19288, 52.62551 ], [ -129.21201, 52.62804 ], [ -129.21313, 52.63458 ], [ -129.20056, 52.63353 ], [ -129.19952, 52.64051 ], [ -129.21078, 52.63645 ], [ -129.20957, 52.64096 ], [ -129.21771, 52.6478 ], [ -129.21649, 52.64267 ], [ -129.21876, 52.64296 ], [ -129.22163, 52.63956 ], [ -129.22493, 52.66169 ], [ -129.23292, 52.66826 ], [ -129.22271, 52.67275 ], [ -129.20778, 52.66147 ], [ -129.20171, 52.66852 ], [ -129.24044, 52.68037 ], [ -129.24307, 52.69538 ], [ -129.23367, 52.6874 ], [ -129.17504, 52.67545 ], [ -129.20626, 52.68636 ], [ -129.21726, 52.68651 ], [ -129.21764, 52.68807 ], [ -129.22227, 52.69025 ], [ -129.22875, 52.69153 ], [ -129.22715, 52.69366 ], [ -129.23468, 52.69511 ], [ -129.22627, 52.69719 ], [ -129.28193, 52.71924 ], [ -129.2766, 52.73547 ], [ -129.26133, 52.73497 ], [ -129.28782, 52.74155 ], [ -129.29139, 52.75056 ], [ -129.30531, 52.76014 ], [ -129.30292, 52.77873 ], [ -129.28603, 52.78205 ], [ -129.27925, 52.78705 ], [ -129.29037, 52.82186 ], [ -129.27239, 52.82704 ], [ -129.21501, 52.80314 ], [ -129.1714, 52.77183 ], [ -129.17635, 52.76663 ], [ -129.16038, 52.76637 ] ] ], [ [ [ -129.40363, 52.68105 ], [ -129.40156, 52.67972 ], [ -129.40707, 52.67747 ], [ -129.40462, 52.67445 ], [ -129.40842, 52.6776 ], [ -129.41469, 52.67755 ], [ -129.41566, 52.66869 ], [ -129.41373, 52.66649 ], [ -129.42802, 52.67615 ], [ -129.41666, 52.69126 ], [ -129.41293, 52.68036 ], [ -129.40719, 52.68037 ], [ -129.40745, 52.68494 ], [ -129.40609, 52.68459 ], [ -129.40363, 52.68105 ] ] ], [ [ [ -129.3384, 52.7994 ], [ -129.34437, 52.8064 ], [ -129.34772, 52.80384 ], [ -129.35374, 52.81338 ], [ -129.35891, 52.81528 ], [ -129.36556, 52.8124 ], [ -129.36778, 52.8191 ], [ -129.37293, 52.8206 ], [ -129.35383, 52.84122 ], [ -129.36228, 52.84498 ], [ -129.35796, 52.84857 ], [ -129.35636, 52.85734 ], [ -129.32763, 52.84879 ], [ -129.31356, 52.83552 ], [ -129.3262, 52.79823 ], [ -129.32641, 52.80484 ], [ -129.3384, 52.7994 ] ] ], [ [ [ -129.64888, 53.01606 ], [ -129.63036, 53.02108 ], [ -129.61482, 53.00975 ], [ -129.60761, 53.01062 ], [ -129.61415, 53.00771 ], [ -129.60896, 53.00485 ], [ -129.6027, 53.00571 ], [ -129.60713, 53.00169 ], [ -129.59663, 53.00619 ], [ -129.58034, 53.00162 ], [ -129.57866, 52.99345 ], [ -129.56926, 52.99064 ], [ -129.57744, 52.9856 ], [ -129.56212, 52.98405 ], [ -129.56712, 52.98096 ], [ -129.56426, 52.9776 ], [ -129.53806, 52.97073 ], [ -129.54094, 52.96811 ], [ -129.53917, 52.96171 ], [ -129.53593, 52.95987 ], [ -129.54822, 52.96124 ], [ -129.54105, 52.95444 ], [ -129.55544, 52.95579 ], [ -129.56422, 52.95043 ], [ -129.57103, 52.96724 ], [ -129.59022, 52.97225 ], [ -129.59325, 52.96554 ], [ -129.6013, 52.9724 ], [ -129.587, 52.98416 ], [ -129.60675, 52.98814 ], [ -129.60911, 52.98557 ], [ -129.60436, 52.9784 ], [ -129.60681, 52.97254 ], [ -129.6025, 52.96766 ], [ -129.60639, 52.96273 ], [ -129.60055, 52.95398 ], [ -129.6128, 52.95656 ], [ -129.62678, 52.94805 ], [ -129.62446, 52.95705 ], [ -129.63683, 52.95501 ], [ -129.62954, 52.97411 ], [ -129.64282, 52.97761 ], [ -129.64096, 52.98662 ], [ -129.65293, 52.99094 ], [ -129.65967, 52.98064 ], [ -129.66889, 52.99234 ], [ -129.68227, 52.99635 ], [ -129.6708, 53.01393 ], [ -129.6558, 53.00285 ], [ -129.65235, 53.01023 ], [ -129.63723, 53.00746 ], [ -129.6367, 53.01221 ], [ -129.64888, 53.01606 ] ] ], [ [ [ -129.54974, 53.02583 ], [ -129.54666, 53.01815 ], [ -129.54533, 53.03348 ], [ -129.53113, 53.02597 ], [ -129.5359, 53.02471 ], [ -129.53745, 53.00882 ], [ -129.5446, 53.01167 ], [ -129.54657, 53.01015 ], [ -129.54624, 53.00415 ], [ -129.54955, 53.0097 ], [ -129.55429, 53.00897 ], [ -129.56396, 52.99946 ], [ -129.56998, 53.01712 ], [ -129.57943, 53.01397 ], [ -129.5853, 53.02004 ], [ -129.58204, 53.02227 ], [ -129.58016, 53.02594 ], [ -129.58065, 53.02681 ], [ -129.57847, 53.02697 ], [ -129.57331, 53.03277 ], [ -129.57934, 53.02992 ], [ -129.5827, 53.02247 ], [ -129.58872, 53.02015 ], [ -129.60091, 53.02906 ], [ -129.57535, 53.05216 ], [ -129.55639, 53.04294 ], [ -129.56318, 53.03189 ], [ -129.563, 53.02833 ], [ -129.5505, 53.0352 ], [ -129.54974, 53.02583 ] ] ], [ [ [ -129.64858, 53.05489 ], [ -129.62115, 53.04625 ], [ -129.62416, 53.04366 ], [ -129.59736, 53.02218 ], [ -129.60626, 53.01845 ], [ -129.60488, 53.01789 ], [ -129.60285, 53.01886 ], [ -129.59616, 53.01837 ], [ -129.60102, 53.00931 ], [ -129.61587, 53.01802 ], [ -129.63335, 53.02225 ], [ -129.63753, 53.03164 ], [ -129.6556, 53.03361 ], [ -129.65404, 53.04194 ], [ -129.66138, 53.0413 ], [ -129.6651, 53.03956 ], [ -129.66463, 53.0411 ], [ -129.66986, 53.0465 ], [ -129.68226, 53.04843 ], [ -129.69338, 53.04652 ], [ -129.68933, 53.04952 ], [ -129.6947, 53.06603 ], [ -129.66039, 53.04486 ], [ -129.66132, 53.05093 ], [ -129.65092, 53.05307 ], [ -129.64818, 53.05416 ], [ -129.64858, 53.05489 ] ] ], [ [ [ -129.60619, 53.05764 ], [ -129.57945, 53.05531 ], [ -129.60212, 53.03572 ], [ -129.61984, 53.04836 ], [ -129.61251, 53.05233 ], [ -129.60619, 53.05764 ] ] ], [ [ [ -129.21553, 53.04507 ], [ -129.23085, 53.06559 ], [ -129.19885, 53.07735 ], [ -129.19757, 53.05268 ], [ -129.21553, 53.04507 ] ] ], [ [ [ -129.31569, 53.04683 ], [ -129.30691, 52.97411 ], [ -129.29829, 52.97524 ], [ -129.30575, 52.96393 ], [ -129.33325, 52.96042 ], [ -129.33037, 52.96151 ], [ -129.33156, 52.96355 ], [ -129.34462, 52.96387 ], [ -129.34319, 52.96777 ], [ -129.35273, 52.97017 ], [ -129.35648, 52.96795 ], [ -129.35883, 52.97581 ], [ -129.37068, 52.97525 ], [ -129.36798, 52.98262 ], [ -129.37717, 52.98078 ], [ -129.38701, 52.9917 ], [ -129.39459, 52.98981 ], [ -129.39245, 52.99758 ], [ -129.39909, 52.99459 ], [ -129.40692, 53.0037 ], [ -129.431, 53.01225 ], [ -129.43563, 53.04028 ], [ -129.46487, 53.06738 ], [ -129.4592, 53.08232 ], [ -129.48453, 53.09014 ], [ -129.46109, 53.06032 ], [ -129.46036, 53.05406 ], [ -129.46527, 53.0533 ], [ -129.46818, 53.06019 ], [ -129.48318, 53.06957 ], [ -129.48183, 53.07013 ], [ -129.48387, 53.07319 ], [ -129.48835, 53.07668 ], [ -129.48675, 53.07764 ], [ -129.48944, 53.07844 ], [ -129.48807, 53.0811 ], [ -129.4935, 53.08299 ], [ -129.49456, 53.08999 ], [ -129.49901, 53.08913 ], [ -129.49589, 53.0962 ], [ -129.48533, 53.09142 ], [ -129.48307, 53.09562 ], [ -129.47169, 53.09835 ], [ -129.46969, 53.0998 ], [ -129.46948, 53.10035 ], [ -129.48064, 53.10049 ], [ -129.48624, 53.09595 ], [ -129.47877, 53.10418 ], [ -129.49472, 53.10284 ], [ -129.49322, 53.11248 ], [ -129.50134, 53.1027 ], [ -129.50479, 53.10942 ], [ -129.51815, 53.11355 ], [ -129.5174, 53.09281 ], [ -129.53768, 53.10895 ], [ -129.52406, 53.11657 ], [ -129.50713, 53.11476 ], [ -129.4971, 53.11845 ], [ -129.4952, 53.11347 ], [ -129.47622, 53.12648 ], [ -129.48478, 53.13117 ], [ -129.51255, 53.11608 ], [ -129.50351, 53.12994 ], [ -129.52237, 53.12491 ], [ -129.52622, 53.12962 ], [ -129.52369, 53.13042 ], [ -129.52126, 53.12869 ], [ -129.51562, 53.12904 ], [ -129.53394, 53.13896 ], [ -129.55274, 53.12743 ], [ -129.55786, 53.13196 ], [ -129.56141, 53.13208 ], [ -129.55057, 53.14936 ], [ -129.55502, 53.15394 ], [ -129.56032, 53.14879 ], [ -129.56925, 53.14738 ], [ -129.55303, 53.1595 ], [ -129.56012, 53.17128 ], [ -129.54266, 53.17108 ], [ -129.53398, 53.18496 ], [ -129.48617, 53.19039 ], [ -129.45814, 53.15054 ], [ -129.41778, 53.12666 ], [ -129.41621, 53.11804 ], [ -129.39414, 53.08805 ], [ -129.31569, 53.04683 ] ] ], [ [ [ -129.73787, 53.074 ], [ -129.71099, 53.06861 ], [ -129.70683, 53.06319 ], [ -129.72629, 53.06756 ], [ -129.72951, 53.063 ], [ -129.73787, 53.074 ] ] ], [ [ [ -129.69445, 53.12316 ], [ -129.69197, 53.13482 ], [ -129.6783, 53.1349 ], [ -129.67773, 53.12476 ], [ -129.6602, 53.12675 ], [ -129.65634, 53.11886 ], [ -129.6286, 53.10257 ], [ -129.63268, 53.08881 ], [ -129.62255, 53.09939 ], [ -129.60454, 53.08479 ], [ -129.59701, 53.06711 ], [ -129.62478, 53.05033 ], [ -129.65301, 53.06354 ], [ -129.68276, 53.07009 ], [ -129.70712, 53.07075 ], [ -129.70776, 53.07876 ], [ -129.72753, 53.07415 ], [ -129.73661, 53.0806 ], [ -129.72724, 53.0843 ], [ -129.74376, 53.09735 ], [ -129.74997, 53.0983 ], [ -129.74525, 53.09827 ], [ -129.74933, 53.11664 ], [ -129.73981, 53.11303 ], [ -129.74986, 53.11847 ], [ -129.75107, 53.11587 ], [ -129.75488, 53.1222 ], [ -129.75454, 53.12889 ], [ -129.75043, 53.11838 ], [ -129.75033, 53.13218 ], [ -129.69322, 53.13398 ], [ -129.70532, 53.12533 ], [ -129.6968, 53.12519 ], [ -129.70177, 53.1198 ], [ -129.69445, 53.12316 ] ] ], [ [ [ -129.17164, 53.19373 ], [ -129.16488, 53.18554 ], [ -129.17581, 53.17734 ], [ -129.16356, 53.16378 ], [ -129.17223, 53.1522 ], [ -129.16184, 53.13959 ], [ -129.14769, 53.13357 ], [ -129.13992, 53.11651 ], [ -129.1527, 53.09721 ], [ -129.16803, 53.09836 ], [ -129.17512, 53.09098 ], [ -129.17623, 53.10119 ], [ -129.19044, 53.10637 ], [ -129.2237, 53.09998 ], [ -129.226, 53.0907 ], [ -129.2613, 53.08773 ], [ -129.27007, 53.10329 ], [ -129.27681, 53.07891 ], [ -129.29807, 53.10673 ], [ -129.31382, 53.10164 ], [ -129.333, 53.11902 ], [ -129.33394, 53.12665 ], [ -129.34644, 53.14661 ], [ -129.35004, 53.17364 ], [ -129.34256, 53.19603 ], [ -129.31483, 53.19764 ], [ -129.3449, 53.19813 ], [ -129.34402, 53.20859 ], [ -129.30136, 53.22511 ], [ -129.29881, 53.24131 ], [ -129.25616, 53.26878 ], [ -129.28798, 53.31897 ], [ -129.27356, 53.32622 ], [ -129.2237, 53.31533 ], [ -129.17232, 53.28436 ], [ -129.17732, 53.25109 ], [ -129.14957, 53.20603 ], [ -129.17164, 53.19373 ] ] ], [ [ [ -129.35351, 53.26634 ], [ -129.38085, 53.26041 ], [ -129.34564, 53.27221 ], [ -129.35287, 53.27542 ], [ -129.3701, 53.271 ], [ -129.37159, 53.28135 ], [ -129.32563, 53.28477 ], [ -129.33556, 53.27325 ], [ -129.30606, 53.28167 ], [ -129.36872, 53.23219 ], [ -129.37253, 53.25161 ], [ -129.35351, 53.26634 ] ] ], [ [ [ -130.37834, 54.71802 ], [ -130.38144, 54.72546 ], [ -130.36393, 54.73632 ], [ -130.3608, 54.73095 ], [ -130.37834, 54.71802 ] ] ], [ [ [ -130.23154, 54.72245 ], [ -130.32226, 54.70447 ], [ -130.3481, 54.70687 ], [ -130.3797, 54.69318 ], [ -130.36932, 54.7203 ], [ -130.32978, 54.74566 ], [ -130.30148, 54.75303 ], [ -130.29636, 54.75097 ], [ -130.25797, 54.76805 ], [ -130.22704, 54.80038 ], [ -130.21292, 54.79837 ], [ -130.22875, 54.7758 ], [ -130.20371, 54.79111 ], [ -130.20166, 54.783 ], [ -130.23154, 54.72245 ] ] ], [ [ [ -130.58721, 54.75605 ], [ -130.58086, 54.75219 ], [ -130.57122, 54.75253 ], [ -130.58709, 54.77093 ], [ -130.54515, 54.78855 ], [ -130.5459, 54.79685 ], [ -130.49268, 54.82595 ], [ -130.44204, 54.77335 ], [ -130.43907, 54.76262 ], [ -130.45789, 54.75446 ], [ -130.43594, 54.75779 ], [ -130.4637, 54.72468 ], [ -130.47426, 54.70512 ], [ -130.49631, 54.70848 ], [ -130.50221, 54.72099 ], [ -130.51898, 54.71701 ], [ -130.52977, 54.72675 ], [ -130.51659, 54.70812 ], [ -130.53046, 54.70139 ], [ -130.5935, 54.72384 ], [ -130.60218, 54.74025 ], [ -130.64416, 54.76164 ], [ -130.62904, 54.77449 ], [ -130.59999, 54.76575 ], [ -130.59853, 54.75384 ], [ -130.58888, 54.75464 ], [ -130.58678, 54.7408 ], [ -130.58721, 54.75605 ] ] ], [ [ [ -130.25857, 54.85271 ], [ -130.27477, 54.85023 ], [ -130.27603, 54.8336 ], [ -130.30229, 54.81949 ], [ -130.30488, 54.83113 ], [ -130.32839, 54.80921 ], [ -130.35094, 54.79842 ], [ -130.36358, 54.80407 ], [ -130.36523, 54.79257 ], [ -130.4231, 54.76858 ], [ -130.42756, 54.78467 ], [ -130.43822, 54.78418 ], [ -130.48932, 54.82889 ], [ -130.4647, 54.83891 ], [ -130.42874, 54.79492 ], [ -130.41394, 54.78733 ], [ -130.45629, 54.84375 ], [ -130.27554, 54.9532 ], [ -130.24127, 54.99105 ], [ -130.22977, 55.01032 ], [ -130.20101, 55.03023 ], [ -130.1891, 55.03395 ], [ -130.18646, 55.02396 ], [ -130.18121, 55.02986 ], [ -130.15364, 54.95653 ], [ -130.25857, 54.85271 ] ] ], [ [ [ -129.75561, 55.33936 ], [ -129.74013, 55.36313 ], [ -129.71748, 55.37632 ], [ -129.72357, 55.36189 ], [ -129.75561, 55.33936 ] ] ], [ [ [ -129.73382, 55.40997 ], [ -129.74966, 55.38897 ], [ -129.75658, 55.40982 ], [ -129.74537, 55.42617 ], [ -129.76154, 55.45196 ], [ -129.75327, 55.46107 ], [ -129.74182, 55.45763 ], [ -129.72291, 55.39665 ], [ -129.74766, 55.37586 ], [ -129.756, 55.38371 ], [ -129.73616, 55.39637 ], [ -129.73382, 55.40997 ] ] ], [ [ [ -128.85004, 57.11666 ], [ -128.81797, 57.08756 ], [ -128.78612, 57.07567 ], [ -128.78066, 57.05289 ], [ -128.72627, 57.04215 ], [ -128.69913, 56.99682 ], [ -128.66152, 56.97227 ], [ -128.66769, 56.93594 ], [ -128.6489, 56.91975 ], [ -128.69334, 56.87843 ], [ -128.63447, 56.88364 ], [ -128.61888, 56.87786 ], [ -128.486, 56.80373 ], [ -128.44902, 56.79474 ], [ -128.4183, 56.77185 ], [ -128.35852, 56.75298 ], [ -128.29062, 56.74506 ], [ -128.25927, 56.74823 ], [ -128.20642, 56.7302 ], [ -128.18868, 56.73785 ], [ -128.16198, 56.70647 ], [ -128.18391, 56.65761 ], [ -128.17652, 56.64345 ], [ -128.11059, 56.63938 ], [ -128.09779, 56.666 ], [ -128.07112, 56.66664 ], [ -127.98948, 56.61132 ], [ -127.94498, 56.62156 ], [ -127.91622, 56.61507 ], [ -127.90524, 56.59147 ], [ -127.8476, 56.55916 ], [ -127.84369, 56.54883 ], [ -127.94599, 56.53349 ], [ -127.97749, 56.52072 ], [ -127.99002, 56.50345 ], [ -127.96379, 56.45115 ], [ -127.99896, 56.42835 ], [ -128.0801, 56.41412 ], [ -128.13651, 56.42761 ], [ -128.16352, 56.45348 ], [ -128.28019, 56.40945 ], [ -128.27318, 56.38342 ], [ -128.10934, 56.34818 ], [ -128.08797, 56.32122 ], [ -128.10581, 56.30943 ], [ -128.20206, 56.30092 ], [ -128.23091, 56.27125 ], [ -128.28409, 56.24657 ], [ -128.27549, 56.2142 ], [ -128.29843, 56.18096 ], [ -128.27871, 56.11028 ], [ -128.32162, 56.09209 ], [ -128.4093, 56.10915 ], [ -128.47379, 56.10578 ], [ -128.52262, 56.08376 ], [ -128.40574, 56.03527 ], [ -128.36463, 56.00318 ], [ -128.43928, 56.00295 ], [ -128.48555, 55.94484 ], [ -128.45517, 55.92882 ], [ -128.3869, 55.9143 ], [ -128.33094, 55.91416 ], [ -128.27537, 55.93605 ], [ -128.22426, 55.93245 ], [ -128.18904, 55.91079 ], [ -128.18848, 55.87092 ], [ -128.156, 55.86302 ], [ -128.14287, 55.84649 ], [ -128.18949, 55.82239 ], [ -128.24061, 55.76797 ], [ -128.21385, 55.74085 ], [ -128.18017, 55.72774 ], [ -128.11512, 55.72141 ], [ -128.09458, 55.74969 ], [ -128.09951, 55.76447 ], [ -128.08776, 55.77018 ], [ -128.04268, 55.74895 ], [ -128.00445, 55.75208 ], [ -127.9763, 55.69981 ], [ -127.94916, 55.68612 ], [ -127.93679, 55.68762 ], [ -127.91507, 55.71703 ], [ -127.90244, 55.72004 ], [ -127.85367, 55.70839 ], [ -127.78539, 55.705 ], [ -127.71332, 55.71082 ], [ -127.6641, 55.68545 ], [ -127.65279, 55.63849 ], [ -127.59087, 55.60157 ], [ -127.53337, 55.55003 ], [ -127.4577, 55.53756 ], [ -127.4489, 55.49973 ], [ -127.41558, 55.49401 ], [ -127.39504, 55.51091 ], [ -127.35615, 55.50951 ], [ -127.33356, 55.51621 ], [ -127.30017, 55.51212 ], [ -127.25723, 55.47392 ], [ -127.21843, 55.47507 ], [ -127.1726, 55.46259 ], [ -127.08975, 55.40533 ], [ -127.06301, 55.39605 ], [ -127.06338, 55.38306 ], [ -127.04663, 55.3755 ], [ -127.03184, 55.38587 ], [ -126.97342, 55.37839 ], [ -126.9374, 55.38615 ], [ -126.9058, 55.3774 ], [ -126.89294, 55.38097 ], [ -126.89136, 55.36952 ], [ -126.85339, 55.3608 ], [ -126.87431, 55.34696 ], [ -126.86777, 55.30279 ], [ -126.95365, 55.28854 ], [ -126.95399, 55.28202 ], [ -126.92834, 55.26826 ], [ -126.87997, 55.26898 ], [ -126.84534, 55.24028 ], [ -126.83808, 55.22193 ], [ -126.80805, 55.22932 ], [ -126.76579, 55.22016 ], [ -126.73857, 55.2039 ], [ -126.73494, 55.1603 ], [ -126.6856, 55.12475 ], [ -126.6447, 55.12449 ], [ -126.64762, 55.10078 ], [ -126.71615, 55.0641 ], [ -126.83396, 55.07601 ], [ -126.88, 55.05985 ], [ -126.87347, 55.03497 ], [ -126.93007, 55.01589 ], [ -126.94296, 55.00707 ], [ -126.9372, 55.00004 ], [ -127.24011, 55.00022 ], [ -127.24152, 55.00688 ], [ -127.27163, 55.00795 ], [ -127.27252, 55.00028 ], [ -127.344, 55.00004 ], [ -127.34348, 54.99382 ], [ -127.36709, 54.99384 ], [ -127.36707, 55.00026 ], [ -127.80105, 54.99947 ], [ -127.7967, 54.62726 ], [ -127.81014, 54.60666 ], [ -127.80398, 54.59924 ], [ -127.77766, 54.60444 ], [ -127.71555, 54.59262 ], [ -127.68735, 54.5784 ], [ -127.70026, 54.54723 ], [ -127.72939, 54.54692 ], [ -127.77121, 54.52592 ], [ -127.7678, 54.49067 ], [ -127.77957, 54.46736 ], [ -127.75771, 54.44307 ], [ -127.69391, 54.46361 ], [ -127.64183, 54.45937 ], [ -127.6214, 54.44459 ], [ -127.58043, 54.45146 ], [ -127.55464, 54.44644 ], [ -127.53776, 54.43519 ], [ -127.5618, 54.39783 ], [ -127.53231, 54.38341 ], [ -127.56801, 54.35957 ], [ -127.56852, 54.34233 ], [ -127.59381, 54.313 ], [ -127.64116, 54.30448 ], [ -127.6532, 54.28 ], [ -127.66553, 54.27731 ], [ -127.67487, 54.26124 ], [ -127.65517, 54.24588 ], [ -127.66598, 54.23001 ], [ -127.70559, 54.20645 ], [ -127.72648, 54.20466 ], [ -127.73899, 54.21155 ], [ -127.75, 54.20412 ], [ -127.75993, 54.17778 ], [ -127.72484, 54.14401 ], [ -127.72168, 54.12402 ], [ -127.82602, 54.10195 ], [ -127.89254, 54.02209 ], [ -127.93492, 54.02036 ], [ -127.94471, 54.00516 ], [ -127.97824, 53.99418 ], [ -128.00024, 53.995 ], [ -127.99936, 53.88053 ], [ -128.01272, 53.87504 ], [ -127.99814, 53.85636 ], [ -127.93668, 53.82621 ], [ -127.94441, 53.81289 ], [ -127.89923, 53.7779 ], [ -127.91125, 53.77182 ], [ -127.90107, 53.74508 ], [ -127.85167, 53.72909 ], [ -127.82012, 53.72766 ], [ -127.81685, 53.71349 ], [ -127.83637, 53.70043 ], [ -127.81235, 53.68127 ], [ -127.81413, 53.66234 ], [ -127.7859, 53.66189 ], [ -127.78538, 53.63911 ], [ -127.76297, 53.63293 ], [ -127.74928, 53.60807 ], [ -127.76395, 53.59212 ], [ -127.74147, 53.58088 ], [ -127.76941, 53.5576 ], [ -127.67747, 53.54945 ], [ -127.66685, 53.53611 ], [ -127.64929, 53.53359 ], [ -127.61442, 53.56821 ], [ -127.60348, 53.54836 ], [ -127.57123, 53.54152 ], [ -127.55431, 53.52511 ], [ -127.56537, 53.49294 ], [ -127.5067, 53.45805 ], [ -127.47918, 53.48802 ], [ -127.43498, 53.49089 ], [ -127.39275, 53.4266 ], [ -127.37049, 53.42783 ], [ -127.36448, 53.38597 ], [ -127.35501, 53.37292 ], [ -127.31978, 53.35738 ], [ -127.3148, 53.32843 ], [ -127.25869, 53.30215 ], [ -127.29533, 53.22374 ], [ -127.31986, 53.21439 ], [ -127.34024, 53.23121 ], [ -127.36126, 53.22832 ], [ -127.35519, 53.18 ], [ -127.40583, 53.18432 ], [ -127.41155, 53.15935 ], [ -127.44174, 53.16088 ], [ -127.457, 53.14306 ], [ -127.47665, 53.13924 ], [ -127.47279, 53.12433 ], [ -127.43471, 53.11793 ], [ -127.44876, 53.09907 ], [ -127.44353, 53.09178 ], [ -127.37581, 53.08641 ], [ -127.3222, 53.06756 ], [ -127.24355, 53.01642 ], [ -127.2564, 52.97886 ], [ -127.23689, 52.96178 ], [ -127.28606, 52.93701 ], [ -127.29766, 52.90766 ], [ -127.2778, 52.89762 ], [ -127.28104, 52.88692 ], [ -127.24941, 52.86265 ], [ -127.22297, 52.85078 ], [ -127.2281, 52.82991 ], [ -127.21701, 52.82834 ], [ -127.24268, 52.8164 ], [ -127.27847, 52.81155 ], [ -127.29254, 52.81602 ], [ -127.32511, 52.79513 ], [ -127.35283, 52.80825 ], [ -127.37973, 52.78372 ], [ -127.37378, 52.75034 ], [ -127.3881, 52.74952 ], [ -127.49045, 52.69257 ], [ -127.5627, 52.69097 ], [ -127.5883, 52.72213 ], [ -127.61638, 52.73275 ], [ -127.59721, 52.77932 ], [ -127.64114, 52.78044 ], [ -127.67922, 52.79134 ], [ -127.71879, 52.77095 ], [ -127.71996, 52.71875 ], [ -127.73933, 52.71788 ], [ -127.78217, 52.69655 ], [ -127.78073, 52.67774 ], [ -127.80977, 52.6645 ], [ -127.85134, 52.66259 ], [ -127.84956, 52.67501 ], [ -127.86857, 52.67861 ], [ -127.91251, 52.67598 ], [ -127.93853, 52.72103 ], [ -127.96794, 52.70823 ], [ -127.99171, 52.71631 ], [ -128.00128, 52.69473 ], [ -128.01168, 52.71948 ], [ -128.10934, 52.67921 ], [ -128.1348, 52.68646 ], [ -128.15136, 52.66559 ], [ -128.13614, 52.65259 ], [ -128.1084, 52.64929 ], [ -128.12563, 52.61734 ], [ -128.13175, 52.6133 ], [ -128.14619, 52.62514 ], [ -128.1896, 52.60736 ], [ -128.18152, 52.59209 ], [ -128.19687, 52.5805 ], [ -128.17482, 52.57548 ], [ -128.19444, 52.51377 ], [ -128.17694, 52.48416 ], [ -128.22329, 52.48445 ], [ -128.23515, 52.49574 ], [ -128.24661, 52.5713 ], [ -128.23076, 52.57025 ], [ -128.19728, 52.62088 ], [ -128.18201, 52.62879 ], [ -128.16969, 52.67927 ], [ -128.13577, 52.71216 ], [ -128.11359, 52.75933 ], [ -128.08927, 52.76449 ], [ -127.98776, 52.74033 ], [ -127.96662, 52.74282 ], [ -127.95888, 52.73113 ], [ -127.94344, 52.72857 ], [ -127.90336, 52.73599 ], [ -127.87999, 52.75201 ], [ -127.87021, 52.73884 ], [ -127.86108, 52.7414 ], [ -127.83863, 52.73045 ], [ -127.82571, 52.73469 ], [ -127.82243, 52.73217 ], [ -127.8202, 52.73256 ], [ -127.8743, 52.75427 ], [ -127.8809, 52.75277 ], [ -127.87892, 52.75611 ], [ -127.8751, 52.75548 ], [ -127.87301, 52.75612 ], [ -127.87243, 52.75688 ], [ -127.88001, 52.76745 ], [ -127.87329, 52.7561 ], [ -127.88561, 52.75993 ], [ -127.90326, 52.74751 ], [ -127.94729, 52.73898 ], [ -127.95268, 52.74938 ], [ -127.98289, 52.75658 ], [ -127.99335, 52.78875 ], [ -128.00316, 52.7826 ], [ -128.00223, 52.75756 ], [ -128.08971, 52.77641 ], [ -128.13054, 52.76846 ], [ -128.12323, 52.83211 ], [ -128.14392, 52.84635 ], [ -128.13644, 52.87692 ], [ -128.12528, 52.89256 ], [ -128.12646, 52.87356 ], [ -128.11518, 52.87612 ], [ -128.1171, 52.89709 ], [ -128.08654, 52.89522 ], [ -128.04397, 52.90939 ], [ -128.02124, 52.90101 ], [ -128.02268, 52.90275 ], [ -128.03617, 52.91028 ], [ -128.02833, 52.91977 ], [ -128.03299, 52.92088 ], [ -128.0807, 52.90982 ], [ -128.11626, 52.90966 ], [ -128.13464, 52.92864 ], [ -128.16107, 52.85719 ], [ -128.22529, 52.83728 ], [ -128.20455, 52.83141 ], [ -128.24082, 52.79958 ], [ -128.33396, 52.79826 ], [ -128.39164, 52.81856 ], [ -128.38946, 52.83146 ], [ -128.37618, 52.83529 ], [ -128.37479, 52.83855 ], [ -128.37532, 52.83917 ], [ -128.43038, 52.81447 ], [ -128.44273, 52.82173 ], [ -128.45538, 52.84681 ], [ -128.49835, 52.88383 ], [ -128.50035, 52.92177 ], [ -128.47496, 52.91419 ], [ -128.43969, 52.91974 ], [ -128.41537, 52.93292 ], [ -128.41301, 52.94423 ], [ -128.4031, 52.94168 ], [ -128.40005, 52.94227 ], [ -128.39009, 52.98506 ], [ -128.37659, 52.99585 ], [ -128.38411, 53.00013 ], [ -128.39911, 52.99034 ], [ -128.41349, 52.94476 ], [ -128.45495, 52.92438 ], [ -128.48648, 52.92009 ], [ -128.5035, 52.93274 ], [ -128.51339, 52.98065 ], [ -128.50425, 53.01391 ], [ -128.52049, 53.01338 ], [ -128.55069, 53.06746 ], [ -128.53514, 53.08561 ], [ -128.52004, 53.08898 ], [ -128.45211, 53.09656 ], [ -128.43538, 53.08408 ], [ -128.41131, 53.0791 ], [ -128.42814, 53.08843 ], [ -128.41184, 53.08581 ], [ -128.42854, 53.09089 ], [ -128.43481, 53.1026 ], [ -128.46592, 53.10676 ], [ -128.48894, 53.0966 ], [ -128.53298, 53.09636 ], [ -128.55655, 53.08741 ], [ -128.57061, 53.10888 ], [ -128.56593, 53.12285 ], [ -128.55212, 53.12849 ], [ -128.5113, 53.12384 ], [ -128.47723, 53.13726 ], [ -128.4775, 53.14661 ], [ -128.52076, 53.13167 ], [ -128.55859, 53.13565 ], [ -128.57923, 53.12832 ], [ -128.59458, 53.1519 ], [ -128.64429, 53.18486 ], [ -128.68355, 53.25 ], [ -128.68739, 53.23958 ], [ -128.65628, 53.1808 ], [ -128.72868, 53.20232 ], [ -128.85104, 53.27048 ], [ -128.89, 53.31206 ], [ -128.88959, 53.32916 ], [ -128.88389, 53.35025 ], [ -128.84664, 53.3607 ], [ -128.86497, 53.36491 ], [ -128.89006, 53.35657 ], [ -128.88161, 53.4018 ], [ -128.90468, 53.42978 ], [ -128.86954, 53.46586 ], [ -128.83489, 53.4695 ], [ -128.87139, 53.48111 ], [ -128.89629, 53.47133 ], [ -128.92275, 53.44525 ], [ -128.94694, 53.45934 ], [ -128.96154, 53.48785 ], [ -128.97507, 53.49408 ], [ -128.96107, 53.53503 ], [ -128.98496, 53.53635 ], [ -128.98693, 53.54183 ], [ -128.96215, 53.54986 ], [ -128.9246, 53.53254 ], [ -128.8697, 53.52947 ], [ -128.81424, 53.5683 ], [ -128.76792, 53.5036 ], [ -128.76615, 53.48858 ], [ -128.76963, 53.48585 ], [ -128.77411, 53.47714 ], [ -128.78103, 53.47375 ], [ -128.78435, 53.47166 ], [ -128.78457, 53.47058 ], [ -128.77416, 53.47657 ], [ -128.76059, 53.49041 ], [ -128.75716, 53.48445 ], [ -128.73112, 53.48951 ], [ -128.68452, 53.44598 ], [ -128.68131, 53.46111 ], [ -128.72166, 53.49055 ], [ -128.65743, 53.47531 ], [ -128.57433, 53.41707 ], [ -128.51884, 53.39413 ], [ -128.491, 53.3933 ], [ -128.50211, 53.34666 ], [ -128.49495, 53.33401 ], [ -128.47046, 53.31688 ], [ -128.49315, 53.35433 ], [ -128.47978, 53.39603 ], [ -128.51378, 53.39849 ], [ -128.52237, 53.40405 ], [ -128.49068, 53.41721 ], [ -128.48157, 53.42984 ], [ -128.43502, 53.42764 ], [ -128.40489, 53.44256 ], [ -128.37014, 53.44072 ], [ -128.35493, 53.45404 ], [ -128.36238, 53.47737 ], [ -128.2786, 53.44694 ], [ -128.17686, 53.45884 ], [ -128.10696, 53.43308 ], [ -128.07387, 53.37951 ], [ -128.12345, 53.33718 ], [ -128.10708, 53.3311 ], [ -128.03745, 53.37113 ], [ -128.00923, 53.34072 ], [ -127.94187, 53.32115 ], [ -127.95394, 53.30707 ], [ -127.95447, 53.26759 ], [ -127.87509, 53.22462 ], [ -127.87424, 53.24797 ], [ -127.93244, 53.27568 ], [ -127.92528, 53.32719 ], [ -127.99908, 53.35043 ], [ -128.02559, 53.37901 ], [ -128.05342, 53.38554 ], [ -128.05607, 53.40331 ], [ -128.08254, 53.43322 ], [ -128.13071, 53.47019 ], [ -128.11997, 53.48099 ], [ -128.13102, 53.48576 ], [ -128.14096, 53.47577 ], [ -128.23165, 53.47671 ], [ -128.24131, 53.46833 ], [ -128.30837, 53.47506 ], [ -128.32718, 53.49073 ], [ -128.35483, 53.49451 ], [ -128.36775, 53.51154 ], [ -128.39603, 53.48277 ], [ -128.38118, 53.45627 ], [ -128.40967, 53.4572 ], [ -128.44765, 53.43792 ], [ -128.49029, 53.44514 ], [ -128.5108, 53.4325 ], [ -128.53834, 53.42797 ], [ -128.55626, 53.44021 ], [ -128.55316, 53.44971 ], [ -128.59951, 53.46027 ], [ -128.58643, 53.4766 ], [ -128.60178, 53.48843 ], [ -128.64412, 53.50217 ], [ -128.68704, 53.50214 ], [ -128.73379, 53.55383 ], [ -128.74151, 53.55516 ], [ -128.74205, 53.54093 ], [ -128.76304, 53.5468 ], [ -128.77406, 53.56027 ], [ -128.76446, 53.55973 ], [ -128.7645, 53.56665 ], [ -128.81603, 53.60784 ], [ -128.83683, 53.64665 ], [ -128.78629, 53.69021 ], [ -128.7936, 53.69311 ], [ -128.77941, 53.71507 ], [ -128.78486, 53.71968 ], [ -128.77649, 53.72648 ], [ -128.78601, 53.72208 ], [ -128.80462, 53.74252 ], [ -128.80667, 53.77171 ], [ -128.78479, 53.79012 ], [ -128.72314, 53.81412 ], [ -128.70439, 53.7991 ], [ -128.70697, 53.82769 ], [ -128.66837, 53.85482 ], [ -128.60789, 53.83242 ], [ -128.55013, 53.83576 ], [ -128.49981, 53.82022 ], [ -128.48483, 53.82697 ], [ -128.4976, 53.84795 ], [ -128.54847, 53.85106 ], [ -128.56355, 53.8439 ], [ -128.59464, 53.84339 ], [ -128.62714, 53.85109 ], [ -128.64489, 53.86716 ], [ -128.6683, 53.86329 ], [ -128.67141, 53.87976 ], [ -128.68816, 53.86732 ], [ -128.7092, 53.87828 ], [ -128.71561, 53.90087 ], [ -128.70315, 53.91049 ], [ -128.67461, 53.89251 ], [ -128.69073, 53.91646 ], [ -128.65715, 53.94742 ], [ -128.65175, 53.97852 ], [ -128.64085, 53.97364 ], [ -128.65264, 53.98019 ], [ -128.64931, 54.00452 ], [ -128.60876, 54.02582 ], [ -128.62082, 54.03499 ], [ -128.65876, 54.01096 ], [ -128.68122, 54.01625 ], [ -128.68646, 54.01079 ], [ -128.67794, 54.01335 ], [ -128.67063, 54.00944 ], [ -128.67892, 54.00487 ], [ -128.67571, 54.00777 ], [ -128.67976, 54.0115 ], [ -128.68356, 54.00452 ], [ -128.67732, 53.99294 ], [ -128.68387, 54.00414 ], [ -128.6864, 53.99497 ], [ -128.68825, 54.00236 ], [ -128.69318, 54.00189 ], [ -128.72279, 53.92837 ], [ -128.74329, 53.91831 ], [ -128.75688, 53.9232 ], [ -128.76867, 53.89739 ], [ -128.78373, 53.9049 ], [ -128.7949, 53.90243 ], [ -128.79239, 53.87381 ], [ -128.81239, 53.86582 ], [ -128.81498, 53.85626 ], [ -128.8328, 53.86561 ], [ -128.84659, 53.85903 ], [ -128.86995, 53.81618 ], [ -128.90333, 53.81877 ], [ -128.89642, 53.80697 ], [ -128.92354, 53.7907 ], [ -128.94762, 53.77083 ], [ -128.9404, 53.78415 ], [ -128.95132, 53.79222 ], [ -128.91892, 53.82477 ], [ -128.91489, 53.85574 ], [ -128.92764, 53.85346 ], [ -128.92694, 53.84167 ], [ -128.94273, 53.84298 ], [ -128.94682, 53.80879 ], [ -128.96133, 53.79816 ], [ -128.96673, 53.82219 ], [ -128.9558, 53.8487 ], [ -128.9608, 53.86038 ], [ -128.96345, 53.84539 ], [ -128.96732, 53.84964 ], [ -128.96487, 53.87283 ], [ -128.99195, 53.89343 ], [ -129.03382, 53.89859 ], [ -129.02586, 53.88618 ], [ -128.99696, 53.88779 ], [ -128.98149, 53.87123 ], [ -128.98057, 53.82436 ], [ -128.96263, 53.78491 ], [ -128.96958, 53.77282 ], [ -129.00989, 53.75874 ], [ -129.02118, 53.76869 ], [ -129.0518, 53.76877 ], [ -129.06003, 53.78399 ], [ -129.07827, 53.7912 ], [ -129.06354, 53.80859 ], [ -129.06682, 53.82523 ], [ -129.08242, 53.83627 ], [ -129.09486, 53.83188 ], [ -129.08381, 53.81327 ], [ -129.09995, 53.80493 ], [ -129.09912, 53.77788 ], [ -129.07261, 53.7777 ], [ -129.05604, 53.76259 ], [ -129.03022, 53.76426 ], [ -129.0303, 53.75423 ], [ -129.11729, 53.71789 ], [ -129.14395, 53.68075 ], [ -129.19481, 53.6612 ], [ -129.23265, 53.63103 ], [ -129.37348, 53.79654 ], [ -129.37112, 54.3565 ], [ -129.39921, 54.35135 ], [ -129.43068, 54.36483 ], [ -129.47566, 54.36823 ], [ -129.50609, 54.39748 ], [ -129.52505, 54.43855 ], [ -129.59839, 54.47327 ], [ -129.6537, 54.48721 ], [ -129.676, 54.48194 ], [ -129.69229, 54.52726 ], [ -129.65862, 54.55688 ], [ -129.65822, 54.58094 ], [ -129.68717, 54.59476 ], [ -129.66246, 54.62092 ], [ -129.62525, 54.63449 ], [ -129.57584, 54.63763 ], [ -129.55735, 54.62771 ], [ -129.54398, 54.59988 ], [ -129.5183, 54.59976 ], [ -129.47459, 54.61867 ], [ -129.46394, 54.66029 ], [ -129.47831, 54.6649 ], [ -129.513, 54.65844 ], [ -129.56697, 54.6803 ], [ -129.68434, 54.69541 ], [ -129.69672, 54.73104 ], [ -129.71432, 54.74366 ], [ -129.75386, 54.72358 ], [ -129.77436, 54.72744 ], [ -129.79535, 54.74579 ], [ -129.82368, 54.73164 ], [ -129.91928, 54.71108 ], [ -129.97376, 54.71637 ], [ -129.9596, 54.70688 ], [ -129.9656, 54.69893 ], [ -130.04993, 54.70096 ], [ -130.14489, 54.7316 ], [ -130.20391, 54.73176 ], [ -130.21745, 54.72609 ], [ -130.18279, 54.78224 ], [ -130.15117, 54.77316 ], [ -130.17612, 54.79342 ], [ -130.16932, 54.81533 ], [ -130.14819, 54.83069 ], [ -130.10776, 54.8383 ], [ -130.07794, 54.85827 ], [ -130.05629, 54.89238 ], [ -130.06582, 54.89754 ], [ -130.09019, 54.88767 ], [ -130.10904, 54.86287 ], [ -130.13889, 54.8461 ], [ -130.17631, 54.84119 ], [ -130.17043, 54.85709 ], [ -130.0282, 54.97076 ], [ -129.98812, 54.97494 ], [ -129.95007, 54.96199 ], [ -129.95958, 54.94484 ], [ -129.99985, 54.92561 ], [ -129.99777, 54.91662 ], [ -129.98061, 54.91365 ], [ -129.94136, 54.92961 ], [ -129.94991, 54.93154 ], [ -129.94212, 54.93859 ], [ -129.91997, 54.93399 ], [ -129.88217, 54.9444 ], [ -129.85137, 54.97959 ], [ -129.79936, 54.98306 ], [ -129.77623, 54.9739 ], [ -129.7422, 54.97809 ], [ -129.69069, 54.97004 ], [ -129.6734, 54.98117 ], [ -129.65963, 54.98019 ], [ -129.65006, 54.99308 ], [ -129.6164, 55.0 ], [ -129.64807, 55.0 ], [ -129.69443, 54.98377 ], [ -129.7298, 54.99845 ], [ -129.81679, 55.00705 ], [ -129.87901, 55.00371 ], [ -129.91771, 54.98461 ], [ -130.00557, 55.01031 ], [ -129.97749, 55.0491 ], [ -129.98952, 55.05409 ], [ -129.97642, 55.07522 ], [ -129.86155, 55.17359 ], [ -129.85767, 55.20944 ], [ -129.81965, 55.24521 ], [ -129.81262, 55.26458 ], [ -129.75636, 55.28004 ], [ -129.75535, 55.29754 ], [ -129.74055, 55.28863 ], [ -129.73989, 55.32088 ], [ -129.72051, 55.34868 ], [ -129.68421, 55.37361 ], [ -129.69842, 55.37953 ], [ -129.68857, 55.39274 ], [ -129.68914, 55.37919 ], [ -129.67696, 55.3778 ], [ -129.66439, 55.43203 ], [ -129.61976, 55.44601 ], [ -129.55593, 55.43748 ], [ -129.50432, 55.4419 ], [ -129.45705, 55.46975 ], [ -129.46114, 55.47776 ], [ -129.49089, 55.48016 ], [ -129.50304, 55.45595 ], [ -129.51693, 55.45116 ], [ -129.58602, 55.45834 ], [ -129.64232, 55.45595 ], [ -129.67574, 55.4404 ], [ -129.70067, 55.40732 ], [ -129.72064, 55.43429 ], [ -129.72342, 55.46838 ], [ -129.7454, 55.48071 ], [ -129.77362, 55.53428 ], [ -129.7671, 55.54929 ], [ -129.78611, 55.57681 ], [ -129.77721, 55.5967 ], [ -129.79631, 55.63055 ], [ -129.80688, 55.62961 ], [ -129.80911, 55.63219 ], [ -129.80428, 55.63528 ], [ -129.8059, 55.63618 ], [ -129.8124, 55.63404 ], [ -129.79993, 55.59217 ], [ -129.81079, 55.56913 ], [ -129.76687, 55.47182 ], [ -129.78204, 55.42907 ], [ -129.8269, 55.41675 ], [ -129.84152, 55.37207 ], [ -129.8304, 55.35342 ], [ -129.80993, 55.38205 ], [ -129.81758, 55.39956 ], [ -129.79469, 55.41549 ], [ -129.78669, 55.39995 ], [ -129.8111, 55.37825 ], [ -129.81484, 55.35736 ], [ -129.79592, 55.36177 ], [ -129.7852, 55.38155 ], [ -129.78628, 55.3737 ], [ -129.77642, 55.36285 ], [ -129.79109, 55.36483 ], [ -129.79649, 55.35082 ], [ -129.82856, 55.34019 ], [ -129.83296, 55.31382 ], [ -129.81579, 55.28863 ], [ -129.85455, 55.26694 ], [ -129.84612, 55.25885 ], [ -129.88784, 55.21341 ], [ -129.90097, 55.16651 ], [ -129.96241, 55.12284 ], [ -130.00779, 55.08276 ], [ -130.04909, 55.01418 ], [ -130.10528, 54.9834 ], [ -130.13455, 55.02701 ], [ -130.13533, 55.04979 ], [ -130.16164, 55.06864 ], [ -130.16363, 55.08849 ], [ -130.13847, 55.11527 ], [ -130.12903, 55.14851 ], [ -130.08539, 55.19402 ], [ -129.94366, 55.28815 ], [ -129.96994, 55.31914 ], [ -130.00304, 55.33611 ], [ -130.01795, 55.40825 ], [ -130.00864, 55.42437 ], [ -130.02412, 55.46109 ], [ -130.06915, 55.49565 ], [ -130.07722, 55.52392 ], [ -130.11009, 55.56328 ], [ -130.08533, 55.68298 ], [ -130.13256, 55.71747 ], [ -130.13403, 55.76444 ], [ -130.10883, 55.79757 ], [ -130.06821, 55.81822 ], [ -130.01595, 55.88215 ], [ -130.00389, 55.88324 ], [ -129.9871, 55.91748 ], [ -129.98779, 55.93095 ], [ -130.00188, 55.93538 ], [ -130.01059, 55.91246 ], [ -130.0201, 55.91172 ], [ -130.00214, 56.00661 ], [ -130.1037, 56.12202 ], [ -130.24124, 56.09581 ], [ -130.33155, 56.12259 ], [ -130.41972, 56.13888 ], [ -130.46511, 56.24147 ], [ -130.56356, 56.25005 ], [ -130.63345, 56.27156 ], [ -130.78121, 56.3681 ], [ -131.0872, 56.40635 ], [ -131.16416, 56.44729 ], [ -131.46738, 56.55107 ], [ -131.58175, 56.61237 ], [ -131.83363, 56.59878 ], [ -131.85746, 56.70177 ], [ -131.90184, 56.75436 ], [ -131.87076, 56.80625 ], [ -132.12115, 56.8669 ], [ -132.04593, 57.04404 ], [ -132.36931, 57.09142 ], [ -132.24462, 57.21201 ], [ -132.36958, 57.35142 ], [ -132.56358, 57.50683 ], [ -132.75944, 57.70753 ], [ -132.86807, 57.84459 ], [ -133.06954, 58.00005 ], [ -131.00167, 58.00055 ], [ -131.00979, 59.0021 ], [ -129.79776, 59.00059 ], [ -128.94319, 59.00225 ], [ -128.95874, 58.74781 ], [ -129.00225, 57.99876 ], [ -129.00205, 57.16439 ], [ -128.97769, 57.14394 ], [ -128.93062, 57.14763 ], [ -128.85004, 57.11666 ] ] ], [ [ [ -128.67431, 52.47964 ], [ -128.69046, 52.4649 ], [ -128.67869, 52.47273 ], [ -128.66648, 52.46726 ], [ -128.66966, 52.48246 ], [ -128.65011, 52.47318 ], [ -128.66308, 52.47164 ], [ -128.62433, 52.4575 ], [ -128.6312, 52.4156 ], [ -128.61612, 52.36485 ], [ -128.62505, 52.33624 ], [ -128.61566, 52.33233 ], [ -128.62948, 52.31961 ], [ -128.63004, 52.30609 ], [ -128.63577, 52.31113 ], [ -128.64502, 52.3095 ], [ -128.64334, 52.30148 ], [ -128.65206, 52.30536 ], [ -128.64937, 52.29992 ], [ -128.66395, 52.29707 ], [ -128.65846, 52.29258 ], [ -128.66832, 52.29234 ], [ -128.66558, 52.27906 ], [ -128.6907, 52.28632 ], [ -128.69837, 52.30257 ], [ -128.7048, 52.29963 ], [ -128.71029, 52.30738 ], [ -128.73347, 52.3138 ], [ -128.72525, 52.32206 ], [ -128.73944, 52.33403 ], [ -128.73275, 52.33646 ], [ -128.73092, 52.34037 ], [ -128.74021, 52.34505 ], [ -128.73488, 52.35164 ], [ -128.7421, 52.35052 ], [ -128.73526, 52.35608 ], [ -128.71859, 52.35014 ], [ -128.7341, 52.3563 ], [ -128.7191, 52.35935 ], [ -128.72746, 52.36774 ], [ -128.7372, 52.3574 ], [ -128.73824, 52.36072 ], [ -128.73256, 52.36502 ], [ -128.7338, 52.36737 ], [ -128.74041, 52.36227 ], [ -128.74243, 52.37534 ], [ -128.75043, 52.36881 ], [ -128.75087, 52.37747 ], [ -128.75709, 52.37649 ], [ -128.75717, 52.384 ], [ -128.74236, 52.38559 ], [ -128.75451, 52.38565 ], [ -128.75482, 52.39893 ], [ -128.75796, 52.3963 ], [ -128.76324, 52.399 ], [ -128.74549, 52.418 ], [ -128.75944, 52.41667 ], [ -128.76705, 52.41134 ], [ -128.77231, 52.41732 ], [ -128.76388, 52.42248 ], [ -128.77151, 52.43336 ], [ -128.76009, 52.4567 ], [ -128.7649, 52.47263 ], [ -128.69813, 52.47184 ], [ -128.70712, 52.47978 ], [ -128.6886, 52.48299 ], [ -128.68725, 52.48651 ], [ -128.67431, 52.47964 ] ] ], [ [ [ -128.26906, 52.49321 ], [ -128.30473, 52.48207 ], [ -128.35047, 52.483 ], [ -128.41967, 52.46242 ], [ -128.41996, 52.51236 ], [ -128.37941, 52.49702 ], [ -128.31688, 52.49793 ], [ -128.31062, 52.49057 ], [ -128.30679, 52.49356 ], [ -128.30767, 52.49918 ], [ -128.31532, 52.50735 ], [ -128.38142, 52.50418 ], [ -128.41133, 52.5107 ], [ -128.43864, 52.52989 ], [ -128.43756, 52.54467 ], [ -128.35229, 52.52418 ], [ -128.30089, 52.52373 ], [ -128.28681, 52.51105 ], [ -128.2812, 52.52006 ], [ -128.26906, 52.49321 ] ] ], [ [ [ -128.50573, 52.43015 ], [ -128.61515, 52.46452 ], [ -128.63492, 52.47426 ], [ -128.62584, 52.47706 ], [ -128.65178, 52.48222 ], [ -128.66672, 52.49456 ], [ -128.69564, 52.49754 ], [ -128.70202, 52.50576 ], [ -128.6815, 52.50743 ], [ -128.69164, 52.50897 ], [ -128.6888, 52.51515 ], [ -128.69119, 52.52034 ], [ -128.70113, 52.51091 ], [ -128.70242, 52.51726 ], [ -128.70887, 52.51908 ], [ -128.72749, 52.50965 ], [ -128.70579, 52.50432 ], [ -128.70804, 52.48215 ], [ -128.73406, 52.49497 ], [ -128.73215, 52.48343 ], [ -128.75346, 52.48854 ], [ -128.75951, 52.4794 ], [ -128.75811, 52.48393 ], [ -128.75881, 52.48922 ], [ -128.76129, 52.49321 ], [ -128.76285, 52.48299 ], [ -128.7684, 52.49974 ], [ -128.77554, 52.49356 ], [ -128.77666, 52.49781 ], [ -128.78101, 52.49533 ], [ -128.78386, 52.49861 ], [ -128.78733, 52.49836 ], [ -128.78188, 52.49519 ], [ -128.78497, 52.49097 ], [ -128.79141, 52.49971 ], [ -128.79904, 52.49627 ], [ -128.78807, 52.50636 ], [ -128.79673, 52.51044 ], [ -128.80204, 52.50668 ], [ -128.80566, 52.50772 ], [ -128.80735, 52.50646 ], [ -128.80617, 52.50936 ], [ -128.80092, 52.5101 ], [ -128.81261, 52.52288 ], [ -128.82793, 52.5148 ], [ -128.82028, 52.54037 ], [ -128.82611, 52.54169 ], [ -128.81398, 52.55835 ], [ -128.73837, 52.51009 ], [ -128.73068, 52.51277 ], [ -128.74402, 52.52294 ], [ -128.73732, 52.52589 ], [ -128.72748, 52.52496 ], [ -128.70624, 52.53375 ], [ -128.70527, 52.52887 ], [ -128.67966, 52.5271 ], [ -128.72899, 52.54039 ], [ -128.72803, 52.54948 ], [ -128.70207, 52.55145 ], [ -128.65571, 52.53822 ], [ -128.6772, 52.54932 ], [ -128.70479, 52.55213 ], [ -128.70622, 52.55705 ], [ -128.65654, 52.55484 ], [ -128.65135, 52.55723 ], [ -128.64737, 52.55457 ], [ -128.64346, 52.55436 ], [ -128.62499, 52.5496 ], [ -128.62335, 52.54965 ], [ -128.66888, 52.56329 ], [ -128.66962, 52.55657 ], [ -128.7126, 52.55835 ], [ -128.69347, 52.57021 ], [ -128.70172, 52.57261 ], [ -128.691, 52.58379 ], [ -128.70145, 52.59878 ], [ -128.7094, 52.57613 ], [ -128.71653, 52.58019 ], [ -128.7226, 52.577 ], [ -128.71218, 52.56828 ], [ -128.71671, 52.56801 ], [ -128.71815, 52.56417 ], [ -128.71395, 52.56498 ], [ -128.71379, 52.55917 ], [ -128.70985, 52.55571 ], [ -128.71981, 52.55338 ], [ -128.71303, 52.55694 ], [ -128.72255, 52.55657 ], [ -128.72791, 52.55825 ], [ -128.72138, 52.56184 ], [ -128.73072, 52.5596 ], [ -128.73642, 52.56237 ], [ -128.74213, 52.56063 ], [ -128.7376, 52.56539 ], [ -128.73889, 52.56934 ], [ -128.75577, 52.55897 ], [ -128.75092, 52.5764 ], [ -128.73549, 52.5831 ], [ -128.75024, 52.58453 ], [ -128.75511, 52.59281 ], [ -128.71829, 52.59697 ], [ -128.7365, 52.5721 ], [ -128.7049, 52.60201 ], [ -128.63034, 52.60785 ], [ -128.61685, 52.60264 ], [ -128.58282, 52.59882 ], [ -128.57691, 52.63579 ], [ -128.56147, 52.66831 ], [ -128.54928, 52.67748 ], [ -128.51793, 52.57185 ], [ -128.5056, 52.55813 ], [ -128.50176, 52.55724 ], [ -128.4663, 52.47723 ], [ -128.48624, 52.43985 ], [ -128.50573, 52.43015 ] ] ], [ [ [ -128.49001, 52.55293 ], [ -128.51118, 52.57641 ], [ -128.51828, 52.60866 ], [ -128.49501, 52.57847 ], [ -128.49001, 52.55293 ] ] ], [ [ [ -128.78698, 52.64417 ], [ -128.78328, 52.65724 ], [ -128.7581, 52.65806 ], [ -128.76338, 52.61667 ], [ -128.78334, 52.63721 ], [ -128.77161, 52.64074 ], [ -128.78698, 52.64417 ] ] ], [ [ [ -128.28937, 52.68477 ], [ -128.30327, 52.63579 ], [ -128.28504, 52.54099 ], [ -128.29398, 52.52269 ], [ -128.30798, 52.52745 ], [ -128.31682, 52.5256 ], [ -128.32579, 52.53007 ], [ -128.35392, 52.52988 ], [ -128.35943, 52.5372 ], [ -128.36945, 52.53259 ], [ -128.38979, 52.54096 ], [ -128.44233, 52.548 ], [ -128.44424, 52.60836 ], [ -128.4348, 52.61744 ], [ -128.44639, 52.61221 ], [ -128.44936, 52.63068 ], [ -128.43643, 52.67812 ], [ -128.37137, 52.67539 ], [ -128.35344, 52.665 ], [ -128.34925, 52.67588 ], [ -128.35635, 52.68596 ], [ -128.36505, 52.68108 ], [ -128.43205, 52.69396 ], [ -128.42801, 52.71235 ], [ -128.38869, 52.70497 ], [ -128.42574, 52.71411 ], [ -128.42939, 52.72313 ], [ -128.41645, 52.7323 ], [ -128.39775, 52.72633 ], [ -128.40072, 52.73474 ], [ -128.4235, 52.73869 ], [ -128.40964, 52.73969 ], [ -128.41132, 52.74325 ], [ -128.4413, 52.73328 ], [ -128.45186, 52.74518 ], [ -128.4271, 52.7796 ], [ -128.41099, 52.78262 ], [ -128.38999, 52.77194 ], [ -128.41122, 52.79174 ], [ -128.38762, 52.79622 ], [ -128.39011, 52.80512 ], [ -128.35257, 52.78537 ], [ -128.34954, 52.73239 ], [ -128.34185, 52.73744 ], [ -128.3153, 52.71786 ], [ -128.28937, 52.68477 ] ] ], [ [ [ -128.79631, 52.66532 ], [ -128.80884, 52.65011 ], [ -128.81313, 52.67194 ], [ -128.80263, 52.68475 ], [ -128.79631, 52.66532 ] ] ], [ [ [ -128.20334, 52.7753 ], [ -128.21967, 52.79198 ], [ -128.17608, 52.83054 ], [ -128.14603, 52.84405 ], [ -128.15394, 52.77031 ], [ -128.17314, 52.72378 ], [ -128.20026, 52.69177 ], [ -128.20824, 52.70998 ], [ -128.2243, 52.71872 ], [ -128.2086, 52.68787 ], [ -128.2139, 52.65149 ], [ -128.24949, 52.60095 ], [ -128.28645, 52.58715 ], [ -128.2922, 52.6187 ], [ -128.27112, 52.67404 ], [ -128.29811, 52.69663 ], [ -128.3094, 52.71459 ], [ -128.33399, 52.73494 ], [ -128.32932, 52.76444 ], [ -128.34378, 52.78431 ], [ -128.30423, 52.77911 ], [ -128.28328, 52.78371 ], [ -128.27988, 52.77863 ], [ -128.23846, 52.78674 ], [ -128.22936, 52.77812 ], [ -128.20334, 52.7753 ] ] ], [ [ [ -128.48044, 52.7868 ], [ -128.48827, 52.78165 ], [ -128.47558, 52.70546 ], [ -128.50584, 52.64197 ], [ -128.52487, 52.64363 ], [ -128.55313, 52.70899 ], [ -128.54447, 52.71035 ], [ -128.5103, 52.88335 ], [ -128.4949, 52.86277 ], [ -128.46603, 52.84367 ], [ -128.46941, 52.82484 ], [ -128.45288, 52.80812 ], [ -128.47706, 52.76559 ], [ -128.48044, 52.7868 ] ] ], [ [ [ -128.66385, 52.95951 ], [ -128.66271, 52.92908 ], [ -128.67577, 52.95219 ], [ -128.67112, 52.96373 ], [ -128.66385, 52.95951 ] ] ], [ [ [ -128.87011, 53.25884 ], [ -128.69442, 53.15911 ], [ -128.68599, 53.16304 ], [ -128.63401, 53.1549 ], [ -128.57582, 53.09398 ], [ -128.53704, 53.02169 ], [ -128.52213, 52.94325 ], [ -128.52214, 52.90011 ], [ -128.5305, 52.88363 ], [ -128.54114, 52.88353 ], [ -128.54539, 52.80082 ], [ -128.57177, 52.72978 ], [ -128.58818, 52.75156 ], [ -128.5939, 52.7476 ], [ -128.57995, 52.71983 ], [ -128.56983, 52.68601 ], [ -128.5823, 52.68909 ], [ -128.57833, 52.67835 ], [ -128.6273, 52.65839 ], [ -128.62743, 52.64496 ], [ -128.63334, 52.6391 ], [ -128.6507, 52.63288 ], [ -128.67606, 52.64346 ], [ -128.68026, 52.63926 ], [ -128.64418, 52.62809 ], [ -128.62002, 52.64543 ], [ -128.62444, 52.65242 ], [ -128.60692, 52.6587 ], [ -128.60481, 52.66669 ], [ -128.57641, 52.66902 ], [ -128.59656, 52.60544 ], [ -128.63275, 52.61254 ], [ -128.70143, 52.60663 ], [ -128.71286, 52.61731 ], [ -128.72174, 52.60555 ], [ -128.75505, 52.60035 ], [ -128.75984, 52.60544 ], [ -128.75425, 52.65398 ], [ -128.73481, 52.65448 ], [ -128.74646, 52.6615 ], [ -128.73801, 52.66935 ], [ -128.74244, 52.70306 ], [ -128.76135, 52.7487 ], [ -128.7377, 52.74452 ], [ -128.72457, 52.74478 ], [ -128.75399, 52.74969 ], [ -128.75949, 52.75722 ], [ -128.74377, 52.77207 ], [ -128.74766, 52.78123 ], [ -128.73582, 52.78364 ], [ -128.73144, 52.82284 ], [ -128.71364, 52.85476 ], [ -128.69655, 52.86902 ], [ -128.67789, 52.85893 ], [ -128.68579, 52.87833 ], [ -128.66412, 52.88597 ], [ -128.65584, 52.9004 ], [ -128.64972, 52.93693 ], [ -128.6586, 52.97088 ], [ -128.66955, 52.96549 ], [ -128.67354, 52.96653 ], [ -128.67223, 52.9704 ], [ -128.67661, 52.97213 ], [ -128.6895, 52.96147 ], [ -128.6743, 52.92439 ], [ -128.67735, 52.90832 ], [ -128.69818, 52.89341 ], [ -128.71799, 52.894 ], [ -128.74382, 52.92332 ], [ -128.72076, 52.88359 ], [ -128.74653, 52.83752 ], [ -128.78143, 52.84756 ], [ -128.81307, 52.84862 ], [ -128.81108, 52.84724 ], [ -128.80856, 52.84734 ], [ -128.80449, 52.8465 ], [ -128.79714, 52.84624 ], [ -128.79479, 52.84438 ], [ -128.77707, 52.84258 ], [ -128.75334, 52.82782 ], [ -128.754, 52.81706 ], [ -128.76348, 52.82151 ], [ -128.76594, 52.8197 ], [ -128.7511, 52.80519 ], [ -128.75917, 52.80415 ], [ -128.76808, 52.82032 ], [ -128.77611, 52.77338 ], [ -128.79425, 52.75242 ], [ -128.78986, 52.72252 ], [ -128.78792, 52.72277 ], [ -128.78471, 52.72506 ], [ -128.78296, 52.72782 ], [ -128.76442, 52.70337 ], [ -128.76296, 52.66873 ], [ -128.7908, 52.66426 ], [ -128.78223, 52.67552 ], [ -128.79789, 52.68608 ], [ -128.79383, 52.70596 ], [ -128.79944, 52.69534 ], [ -128.80443, 52.6962 ], [ -128.80646, 52.71431 ], [ -128.81644, 52.67194 ], [ -128.82586, 52.68004 ], [ -128.84699, 52.67621 ], [ -128.83725, 52.66972 ], [ -128.86641, 52.6716 ], [ -128.86851, 52.66798 ], [ -128.85274, 52.66511 ], [ -128.84415, 52.66536 ], [ -128.84198, 52.66479 ], [ -128.83644, 52.66113 ], [ -128.84752, 52.66362 ], [ -128.84485, 52.65796 ], [ -128.8586, 52.65525 ], [ -128.86653, 52.66239 ], [ -128.8826, 52.6613 ], [ -128.87652, 52.65776 ], [ -128.87886, 52.65817 ], [ -128.88554, 52.65681 ], [ -128.89015, 52.65761 ], [ -128.87993, 52.64892 ], [ -128.89275, 52.64893 ], [ -128.89711, 52.65653 ], [ -128.92882, 52.66388 ], [ -128.94497, 52.68054 ], [ -129.00651, 52.70216 ], [ -129.00145, 52.71644 ], [ -128.97277, 52.72608 ], [ -128.97596, 52.74311 ], [ -128.9848, 52.74001 ], [ -128.98259, 52.72344 ], [ -128.9959, 52.72497 ], [ -129.0098, 52.70826 ], [ -129.04039, 52.72232 ], [ -129.07487, 52.75139 ], [ -128.98713, 52.77563 ], [ -129.00784, 52.77888 ], [ -129.01217, 52.77107 ], [ -129.04551, 52.76238 ], [ -129.07867, 52.76521 ], [ -129.09567, 52.78282 ], [ -129.1034, 52.78494 ], [ -129.06216, 52.78061 ], [ -129.0539, 52.78637 ], [ -129.06759, 52.7828 ], [ -129.06564, 52.7854 ], [ -129.10298, 52.78599 ], [ -129.07538, 52.80063 ], [ -129.07575, 52.80601 ], [ -129.10339, 52.79149 ], [ -129.11325, 52.79721 ], [ -129.13713, 52.8478 ], [ -129.12678, 52.85743 ], [ -129.13301, 52.87441 ], [ -129.12444, 52.88226 ], [ -129.08622, 52.87465 ], [ -129.06646, 52.86218 ], [ -129.04209, 52.85803 ], [ -129.02585, 52.84296 ], [ -129.00205, 52.83841 ], [ -129.03153, 52.85308 ], [ -129.03057, 52.86619 ], [ -129.06304, 52.87 ], [ -129.09567, 52.88766 ], [ -129.0503, 52.90486 ], [ -129.02997, 52.90484 ], [ -129.01119, 52.9253 ], [ -128.9809, 52.93177 ], [ -128.9771, 52.94005 ], [ -128.98824, 52.94302 ], [ -128.97304, 52.96331 ], [ -128.94478, 52.97477 ], [ -128.95517, 52.97633 ], [ -128.97521, 52.96786 ], [ -128.97279, 52.98242 ], [ -128.92814, 53.02094 ], [ -128.89864, 53.02665 ], [ -128.92064, 53.03271 ], [ -128.95435, 53.01168 ], [ -128.98645, 52.97676 ], [ -128.98666, 52.95905 ], [ -129.03165, 52.92389 ], [ -129.09235, 52.90128 ], [ -129.12644, 52.89954 ], [ -129.13783, 52.95708 ], [ -129.13128, 52.98024 ], [ -129.14026, 52.96294 ], [ -129.14868, 52.96944 ], [ -129.15266, 52.96218 ], [ -129.13737, 52.92599 ], [ -129.1488, 52.9276 ], [ -129.14808, 52.93616 ], [ -129.15175, 52.94126 ], [ -129.14909, 52.9232 ], [ -129.15522, 52.92528 ], [ -129.16344, 52.92212 ], [ -129.15695, 52.91668 ], [ -129.17075, 52.92137 ], [ -129.16922, 52.92865 ], [ -129.17683, 52.93713 ], [ -129.18345, 52.93366 ], [ -129.1841, 52.95448 ], [ -129.19812, 52.9516 ], [ -129.2002, 52.96329 ], [ -129.19656, 52.97163 ], [ -129.17987, 52.9645 ], [ -129.20088, 52.98075 ], [ -129.19662, 53.02105 ], [ -129.17261, 53.05135 ], [ -129.16082, 53.05387 ], [ -129.18346, 53.06722 ], [ -129.12499, 53.07818 ], [ -129.11774, 53.05295 ], [ -129.11201, 53.06905 ], [ -129.09637, 53.06797 ], [ -129.11135, 53.08095 ], [ -129.09732, 53.08213 ], [ -129.0822, 53.09703 ], [ -129.08928, 53.11469 ], [ -129.0806, 53.13849 ], [ -129.09684, 53.18559 ], [ -129.06193, 53.19769 ], [ -129.05593, 53.21236 ], [ -129.03708, 53.1987 ], [ -129.01702, 53.19725 ], [ -129.00121, 53.18013 ], [ -128.99018, 53.17942 ], [ -128.995, 53.17309 ], [ -128.98072, 53.13833 ], [ -128.9737, 53.14335 ], [ -128.98983, 53.17369 ], [ -128.96935, 53.17183 ], [ -128.94573, 53.15828 ], [ -128.91861, 53.16607 ], [ -128.89392, 53.15768 ], [ -128.89006, 53.16305 ], [ -128.91445, 53.1698 ], [ -128.94845, 53.16458 ], [ -128.99882, 53.19565 ], [ -129.04126, 53.20395 ], [ -129.085, 53.25915 ], [ -129.08886, 53.27047 ], [ -129.0737, 53.27174 ], [ -129.09397, 53.28279 ], [ -129.08607, 53.29293 ], [ -129.03659, 53.30802 ], [ -128.96736, 53.28445 ], [ -128.92223, 53.28895 ], [ -128.90832, 53.299 ], [ -128.87011, 53.25884 ] ] ], [ [ [ -128.65366, 53.17523 ], [ -128.64111, 53.16937 ], [ -128.6861, 53.17449 ], [ -128.69293, 53.17951 ], [ -128.65366, 53.17523 ] ] ], [ [ [ -128.95745, 53.31284 ], [ -128.98871, 53.32542 ], [ -128.99198, 53.33597 ], [ -129.03257, 53.33693 ], [ -129.12342, 53.31196 ], [ -129.15007, 53.33076 ], [ -129.1505, 53.34709 ], [ -129.11143, 53.4039 ], [ -129.06012, 53.43726 ], [ -129.05335, 53.4505 ], [ -129.0656, 53.49204 ], [ -129.02296, 53.53022 ], [ -129.00484, 53.52972 ], [ -128.98276, 53.45789 ], [ -128.94164, 53.4273 ], [ -128.92002, 53.39669 ], [ -128.92799, 53.3278 ], [ -128.95745, 53.31284 ] ] ], [ [ [ -128.72153, 53.50175 ], [ -128.74689, 53.51046 ], [ -128.74847, 53.5244 ], [ -128.73727, 53.52599 ], [ -128.72153, 53.50175 ] ] ], [ [ [ -128.9044, 53.70902 ], [ -128.88929, 53.70584 ], [ -128.87296, 53.71741 ], [ -128.82803, 53.7063 ], [ -128.83643, 53.68817 ], [ -128.88844, 53.65666 ], [ -128.87168, 53.63474 ], [ -128.88739, 53.61806 ], [ -128.87839, 53.61025 ], [ -128.89182, 53.59539 ], [ -128.89022, 53.55915 ], [ -128.93209, 53.56448 ], [ -128.95606, 53.58442 ], [ -128.96815, 53.57375 ], [ -128.99755, 53.56838 ], [ -129.01589, 53.54888 ], [ -129.02447, 53.55717 ], [ -129.10317, 53.49236 ], [ -129.08292, 53.44799 ], [ -129.14853, 53.41566 ], [ -129.15003, 53.39693 ], [ -129.16585, 53.38172 ], [ -129.1826, 53.43064 ], [ -129.17242, 53.44716 ], [ -129.1789, 53.50235 ], [ -129.16828, 53.55162 ], [ -129.18183, 53.58198 ], [ -129.18102, 53.61897 ], [ -129.08798, 53.67302 ], [ -129.05778, 53.67158 ], [ -128.97203, 53.70679 ], [ -128.93727, 53.69395 ], [ -128.90853, 53.69848 ], [ -128.9044, 53.70902 ] ] ], [ [ [ -128.87348, 53.62464 ], [ -128.85787, 53.60681 ], [ -128.88103, 53.57866 ], [ -128.89025, 53.59434 ], [ -128.8758, 53.60219 ], [ -128.87348, 53.62464 ] ] ], [ [ [ -128.93871, 53.71025 ], [ -128.98506, 53.71691 ], [ -129.05567, 53.68016 ], [ -129.08183, 53.68659 ], [ -129.08117, 53.69885 ], [ -129.06003, 53.71026 ], [ -128.9424, 53.74958 ], [ -128.89202, 53.77495 ], [ -128.85984, 53.77462 ], [ -128.90889, 53.75065 ], [ -128.89801, 53.73416 ], [ -128.91025, 53.72269 ], [ -128.93871, 53.71025 ] ] ], [ [ [ -128.88436, 53.72972 ], [ -128.88801, 53.74479 ], [ -128.86503, 53.76144 ], [ -128.84689, 53.75978 ], [ -128.83195, 53.72246 ], [ -128.84932, 53.72147 ], [ -128.84543, 53.73594 ], [ -128.89878, 53.71539 ], [ -128.88436, 53.72972 ] ] ], [ [ [ -128.76419, 53.81926 ], [ -128.77275, 53.8412 ], [ -128.73494, 53.87165 ], [ -128.7243, 53.84545 ], [ -128.76419, 53.81926 ] ] ] ] } },
{ "type": "Feature", "properties": { "cduid": "5951", "cd_name": "Bulkley-Nechako", "hazard_score": 0.017904268586781964, "annual_burn_share": 0.0052217845538946716, "owner_households": 11525.0 }, "geometry": { "type": "Polygon", "coordinates": [ [ [ -128.24957, 56.00224 ], [ -127.91557, 55.99756 ], [ -127.91822, 56.00281 ], [ -126.5002, 55.99997 ], [ -124.44005, 55.99893 ], [ -124.43158, 55.95482 ], [ -124.39913, 55.95055 ], [ -124.37925, 55.88612 ], [ -124.33464, 55.83876 ], [ -124.35727, 55.78671 ], [ -124.32778, 55.75375 ], [ -124.33486, 55.7404 ], [ -124.30833, 55.70586 ], [ -124.26715, 55.68661 ], [ -124.19229, 55.68315 ], [ -124.16743, 55.66898 ], [ -124.15308, 55.64911 ], [ -124.12301, 55.63972 ], [ -124.09995, 55.57791 ], [ -124.05035, 55.54132 ], [ -124.01854, 55.53604 ], [ -124.00119, 55.54856 ], [ -123.92838, 55.55438 ], [ -123.88451, 55.50372 ], [ -123.90102, 55.48326 ], [ -123.89498, 55.46478 ], [ -123.90807, 55.43437 ], [ -123.87497, 55.40024 ], [ -123.85632, 55.3422 ], [ -123.79717, 55.32446 ], [ -123.77302, 55.29939 ], [ -123.74208, 55.28751 ], [ -123.64589, 55.30653 ], [ -123.56851, 55.31276 ], [ -123.53456, 55.32746 ], [ -123.49421, 55.31397 ], [ -123.46157, 55.28668 ], [ -123.43857, 55.24798 ], [ -123.41333, 55.23493 ], [ -123.41804, 55.21251 ], [ -123.39226, 55.17109 ], [ -123.41866, 55.14803 ], [ -123.417, 55.12194 ], [ -123.39627, 55.10298 ], [ -123.41581, 55.08057 ], [ -123.41077, 55.04102 ], [ -123.44657, 55.01541 ], [ -123.4675, 55.02123 ], [ -123.51538, 55.01714 ], [ -123.56122, 54.95192 ], [ -123.59009, 54.9464 ], [ -123.62667, 54.95512 ], [ -123.63301, 54.93566 ], [ -123.65834, 54.92031 ], [ -123.69061, 54.92313 ], [ -123.79421, 54.99542 ], [ -123.81643, 54.99786 ], [ -123.81055, 55.03761 ], [ -123.82826, 55.03452 ], [ -123.83004, 55.04466 ], [ -123.84905, 55.04814 ], [ -123.88839, 55.03783 ], [ -123.90446, 55.01963 ], [ -123.94588, 55.0115 ], [ -123.98008, 55.01221 ], [ -123.99908, 55.02517 ], [ -123.99912, 54.9866 ], [ -124.01202, 54.98163 ], [ -124.01328, 54.95991 ], [ -124.02149, 54.95305 ], [ -124.05127, 54.95078 ], [ -124.05191, 54.93046 ], [ -124.02911, 54.89923 ], [ -123.99504, 54.89302 ], [ -123.99451, 54.88228 ], [ -124.01419, 54.8821 ], [ -124.0192, 54.86494 ], [ -123.90444, 54.86481 ], [ -123.89581, 54.85372 ], [ -123.91956, 54.83174 ], [ -123.91493, 54.81618 ], [ -123.94816, 54.7675 ], [ -123.88052, 54.7382 ], [ -123.88039, 54.71966 ], [ -123.85937, 54.7042 ], [ -123.86326, 54.68706 ], [ -123.84224, 54.69615 ], [ -123.79595, 54.69266 ], [ -123.7785, 54.65913 ], [ -123.77865, 54.61323 ], [ -123.80824, 54.60518 ], [ -123.78006, 54.59262 ], [ -123.79629, 54.57715 ], [ -123.81968, 54.58081 ], [ -123.81973, 54.56196 ], [ -123.83334, 54.55428 ], [ -123.82172, 54.5442 ], [ -123.86505, 54.51742 ], [ -123.84804, 54.51249 ], [ -123.95245, 54.45876 ], [ -123.95129, 54.44947 ], [ -123.98648, 54.42951 ], [ -123.96935, 54.42419 ], [ -123.9694, 54.41134 ], [ -123.93818, 54.38634 ], [ -123.92828, 54.36145 ], [ -123.90561, 54.37468 ], [ -123.86381, 54.37802 ], [ -123.84738, 54.37131 ], [ -123.81941, 54.33653 ], [ -123.7827, 54.33633 ], [ -123.74117, 54.32179 ], [ -123.64426, 54.33012 ], [ -123.55439, 54.30624 ], [ -123.53243, 54.2896 ], [ -123.55269, 54.2702 ], [ -123.51885, 54.25473 ], [ -123.51778, 54.15078 ], [ -123.53301, 54.14388 ], [ -123.53286, 54.12693 ], [ -123.55551, 54.1206 ], [ -123.56631, 54.10676 ], [ -123.50524, 54.09214 ], [ -123.48184, 54.07685 ], [ -123.49637, 54.06548 ], [ -123.52266, 54.06887 ], [ -123.5432, 54.0608 ], [ -123.55332, 54.0766 ], [ -123.56709, 54.07921 ], [ -123.58225, 54.0602 ], [ -123.60598, 54.05844 ], [ -123.61797, 54.0429 ], [ -123.57553, 54.03756 ], [ -123.58452, 54.02379 ], [ -123.54182, 53.98766 ], [ -123.52339, 53.9936 ], [ -123.52125, 54.00486 ], [ -123.50681, 53.99848 ], [ -123.4878, 54.00269 ], [ -123.4224, 53.97459 ], [ -123.42525, 53.79263 ], [ -123.50071, 53.78746 ], [ -123.51813, 53.75898 ], [ -123.49937, 53.7285 ], [ -123.46507, 53.70843 ], [ -123.44734, 53.70883 ], [ -123.42032, 53.67804 ], [ -123.37643, 53.66546 ], [ -123.37548, 53.6486 ], [ -123.35113, 53.64706 ], [ -123.30472, 53.62759 ], [ -123.30318, 53.49912 ], [ -123.28056, 53.49927 ], [ -123.27775, 53.47059 ], [ -123.41896, 53.47018 ], [ -123.41988, 53.48351 ], [ -123.99763, 53.48431 ], [ -123.99756, 53.444 ], [ -124.04656, 53.43218 ], [ -124.1046, 53.43114 ], [ -124.10863, 53.41203 ], [ -124.14476, 53.40824 ], [ -124.21538, 53.42065 ], [ -124.21566, 53.44369 ], [ -124.24624, 53.45289 ], [ -124.25385, 53.46652 ], [ -124.28082, 53.48044 ], [ -124.27971, 53.46097 ], [ -124.29469, 53.45552 ], [ -124.33767, 53.46104 ], [ -124.38098, 53.45482 ], [ -124.38616, 53.48526 ], [ -124.40433, 53.49515 ], [ -124.38127, 53.49687 ], [ -124.3813, 53.50186 ], [ -124.52804, 53.53111 ], [ -124.53684, 53.52481 ], [ -124.5092, 53.50144 ], [ -124.51848, 53.47697 ], [ -124.56115, 53.46747 ], [ -124.52092, 53.4504 ], [ -124.53745, 53.43621 ], [ -124.51576, 53.39465 ], [ -124.62885, 53.38603 ], [ -124.64734, 53.40755 ], [ -124.66124, 53.40871 ], [ -124.68752, 53.39954 ], [ -124.68117, 53.38413 ], [ -124.73662, 53.35462 ], [ -124.80589, 53.3691 ], [ -124.85508, 53.39646 ], [ -124.89882, 53.43531 ], [ -124.93416, 53.43887 ], [ -124.98383, 53.43153 ], [ -125.00172, 53.44684 ], [ -125.00033, 53.00028 ], [ -126.61635, 53.00029 ], [ -126.64974, 53.03234 ], [ -126.70555, 53.00062 ], [ -126.72465, 52.99965 ], [ -126.72394, 52.99256 ], [ -126.75262, 52.99326 ], [ -126.763, 53.00068 ], [ -126.79088, 53.00109 ], [ -126.78949, 53.04968 ], [ -126.80027, 53.07434 ], [ -126.82277, 53.10315 ], [ -126.84116, 53.1104 ], [ -126.86143, 53.10738 ], [ -126.88275, 53.08392 ], [ -126.93047, 53.0856 ], [ -126.94811, 53.09354 ], [ -126.98568, 53.07224 ], [ -127.01295, 53.07514 ], [ -127.00115, 53.0882 ], [ -127.03281, 53.11418 ], [ -127.01415, 53.13003 ], [ -127.00374, 53.15878 ], [ -127.01331, 53.18921 ], [ -127.03039, 53.20373 ], [ -127.05072, 53.20662 ], [ -127.01052, 53.2502 ], [ -126.97889, 53.26309 ], [ -126.99992, 53.29596 ], [ -127.01553, 53.30903 ], [ -127.0506, 53.2987 ], [ -127.06978, 53.28424 ], [ -127.07449, 53.25081 ], [ -127.09928, 53.23338 ], [ -127.12101, 53.23968 ], [ -127.15092, 53.28123 ], [ -127.19497, 53.26487 ], [ -127.20147, 53.24941 ], [ -127.22487, 53.25028 ], [ -127.26686, 53.27753 ], [ -127.25869, 53.30215 ], [ -127.3009, 53.31762 ], [ -127.31918, 53.3372 ], [ -127.31978, 53.35738 ], [ -127.35501, 53.37292 ], [ -127.37049, 53.42783 ], [ -127.39275, 53.4266 ], [ -127.43498, 53.49089 ], [ -127.47918, 53.48802 ], [ -127.5067, 53.45805 ], [ -127.56537, 53.49294 ], [ -127.55431, 53.52511 ], [ -127.57123, 53.54152 ], [ -127.60348, 53.54836 ], [ -127.61442, 53.56821 ], [ -127.64929, 53.53359 ], [ -127.66685, 53.53611 ], [ -127.67747, 53.54945 ], [ -127.76941, 53.5576 ], [ -127.74147, 53.58088 ], [ -127.76395, 53.59212 ], [ -127.74928, 53.60807 ], [ -127.76297, 53.63293 ], [ -127.78538, 53.63911 ], [ -127.7859, 53.66189 ], [ -127.81413, 53.66234 ], [ -127.81235, 53.68127 ], [ -127.83637, 53.70043 ], [ -127.81685, 53.71349 ], [ -127.82012, 53.72766 ], [ -127.85167, 53.72909 ], [ -127.90107, 53.74508 ], [ -127.91125, 53.77182 ], [ -127.89923, 53.7779 ], [ -127.94441, 53.81289 ], [ -127.93668, 53.82621 ], [ -127.99814, 53.85636 ], [ -128.01272, 53.87504 ], [ -127.99936, 53.88053 ], [ -128.00024, 53.995 ], [ -127.97824, 53.99418 ], [ -127.94471, 54.00516 ], [ -127.93492, 54.02036 ], [ -127.89254, 54.02209 ], [ -127.82602, 54.10195 ], [ -127.72168, 54.12402 ], [ -127.72484, 54.14401 ], [ -127.75993, 54.17778 ], [ -127.75, 54.20412 ], [ -127.73899, 54.21155 ], [ -127.72648, 54.20466 ], [ -127.70559, 54.20645 ], [ -127.66598, 54.23001 ], [ -127.65517, 54.24588 ], [ -127.67487, 54.26124 ], [ -127.66553, 54.27731 ], [ -127.6532, 54.28 ], [ -127.64116, 54.30448 ], [ -127.59381, 54.313 ], [ -127.56852, 54.34233 ], [ -127.56801, 54.35957 ], [ -127.53231, 54.38341 ], [ -127.5618, 54.39783 ], [ -127.53776, 54.43519 ], [ -127.55464, 54.44644 ], [ -127.58043, 54.45146 ], [ -127.6214, 54.44459 ], [ -127.64183, 54.45937 ], [ -127.69391, 54.46361 ], [ -127.75771, 54.44307 ], [ -127.77957, 54.46736 ], [ -127.7678, 54.49067 ], [ -127.77121, 54.52592 ], [ -127.72939, 54.54692 ], [ -127.70026, 54.54723 ], [ -127.68735, 54.5784 ], [ -127.71555, 54.59262 ], [ -127.77766, 54.60444 ], [ -127.80398, 54.59924 ], [ -127.81014, 54.60666 ], [ -127.7967, 54.62726 ], [ -127.80105, 54.99947 ], [ -127.36707, 55.00026 ], [ -127.36709, 54.99384 ], [ -127.34348, 54.99382 ], [ -127.344, 55.00004 ], [ -127.27252, 55.00028 ], [ -127.27163, 55.00795 ], [ -127.24152, 55.00688 ], [ -127.24011, 55.00022 ], [ -126.9372, 55.00004 ], [ -126.94296, 55.00707 ], [ -126.93007, 55.01589 ], [ -126.87347, 55.03497 ], [ -126.88, 55.05985 ], [ -126.83396, 55.07601 ], [ -126.71615, 55.0641 ], [ -126.64762, 55.10078 ], [ -126.6447, 55.12449 ], [ -126.6856, 55.12475 ], [ -126.73494, 55.1603 ], [ -126.73857, 55.2039 ], [ -126.76579, 55.22016 ], [ -126.80805, 55.22932 ], [ -126.83808, 55.22193 ], [ -126.84534, 55.24028 ], [ -126.87997, 55.26898 ], [ -126.92834, 55.26826 ], [ -126.95399, 55.28202 ], [ -126.95365, 55.28854 ], [ -126.86777, 55.30279 ], [ -126.87431, 55.34696 ], [ -126.85339, 55.3608 ], [ -126.89136, 55.36952 ], [ -126.89378, 55.38132 ], [ -126.9058, 55.3774 ], [ -126.93119, 55.38613 ], [ -126.96109, 55.37837 ], [ -127.03184, 55.38587 ], [ -127.04663, 55.3755 ], [ -127.06338, 55.38306 ], [ -127.06301, 55.39605 ], [ -127.08975, 55.40533 ], [ -127.1726, 55.46259 ], [ -127.21843, 55.47507 ], [ -127.25723, 55.47392 ], [ -127.30017, 55.51212 ], [ -127.33356, 55.51621 ], [ -127.35615, 55.50951 ], [ -127.39504, 55.51091 ], [ -127.41558, 55.49401 ], [ -127.4489, 55.49973 ], [ -127.4577, 55.53756 ], [ -127.53337, 55.55003 ], [ -127.59087, 55.60157 ], [ -127.65279, 55.63849 ], [ -127.6641, 55.68545 ], [ -127.71332, 55.71082 ], [ -127.78539, 55.705 ], [ -127.85367, 55.70839 ], [ -127.90244, 55.72004 ], [ -127.91507, 55.71703 ], [ -127.93679, 55.68762 ], [ -127.94916, 55.68612 ], [ -127.9763, 55.69981 ], [ -128.00445, 55.75208 ], [ -128.04268, 55.74895 ], [ -128.08776, 55.77018 ], [ -128.09951, 55.76447 ], [ -128.09458, 55.74969 ], [ -128.11512, 55.72141 ], [ -128.18017, 55.72774 ], [ -128.21385, 55.74085 ], [ -128.24061, 55.76797 ], [ -128.18949, 55.82239 ], [ -128.14287, 55.84649 ], [ -128.156, 55.86302 ], [ -128.18848, 55.87092 ], [ -128.18904, 55.91079 ], [ -128.22426, 55.93245 ], [ -128.27537, 55.93605 ], [ -128.33094, 55.91416 ], [ -128.3869, 55.9143 ], [ -128.45517, 55.92882 ], [ -128.48555, 55.94484 ], [ -128.43928, 56.00295 ], [ -128.24957, 56.00224 ] ] ] } },
{ "type": "Feature", "properties": { "cduid": "5953", "cd_name": "Fraser-Fort George", "hazard_score": 0.0020676926143212947, "annual_burn_share": 0.00060304308457682964, "owner_households": 28890.0 }, "geometry": { "type": "Polygon", "coordinates": [ [ [ -123.77346, 55.95748 ], [ -123.75153, 55.93389 ], [ -123.68144, 55.94012 ], [ -123.68429, 55.91368 ], [ -123.60804, 55.88315 ], [ -123.57897, 55.88088 ], [ -123.5762, 55.87054 ], [ -123.52366, 55.86317 ], [ -123.43083, 55.88214 ], [ -123.41813, 55.8715 ], [ -123.36773, 55.86108 ], [ -123.3816, 55.83413 ], [ -123.35134, 55.83045 ], [ -123.33986, 55.80891 ], [ -123.31796, 55.80024 ], [ -123.30741, 55.7761 ], [ -123.3414, 55.73126 ], [ -123.30693, 55.70689 ], [ -123.26083, 55.69711 ], [ -123.22841, 55.71181 ], [ -123.18082, 55.71159 ], [ -123.19851, 55.72719 ], [ -123.19117, 55.73322 ], [ -123.16429, 55.7375 ], [ -123.14377, 55.73169 ], [ -123.12038, 55.68879 ], [ -123.14294, 55.64044 ], [ -123.12593, 55.62962 ], [ -123.07816, 55.6255 ], [ -123.07181, 55.58267 ], [ -123.03788, 55.56252 ], [ -122.9969, 55.56342 ], [ -122.96554, 55.58216 ], [ -122.94804, 55.58092 ], [ -122.92116, 55.56402 ], [ -122.94254, 55.55406 ], [ -122.93292, 55.52178 ], [ -122.95666, 55.48829 ], [ -122.92779, 55.46305 ], [ -122.98008, 55.4647 ], [ -123.0023, 55.45826 ], [ -122.98719, 55.40153 ], [ -122.97453, 55.39808 ], [ -122.87441, 55.41902 ], [ -122.86197, 55.41576 ], [ -122.87779, 55.4062 ], [ -122.84604, 55.39892 ], [ -122.83031, 55.38438 ], [ -122.81156, 55.38751 ], [ -122.78915, 55.38112 ], [ -122.74271, 55.36554 ], [ -122.73998, 55.35407 ], [ -122.7199, 55.34398 ], [ -122.6982, 55.34701 ], [ -122.67849, 55.34035 ], [ -122.65494, 55.34243 ], [ -122.6367, 55.35915 ], [ -122.63008, 55.39395 ], [ -122.58996, 55.41449 ], [ -122.49629, 55.36427 ], [ -122.48476, 55.34876 ], [ -122.42923, 55.33077 ], [ -122.38597, 55.33531 ], [ -122.29663, 55.25109 ], [ -122.30235, 55.24366 ], [ -122.23851, 55.22281 ], [ -122.22567, 55.20768 ], [ -122.25591, 55.20326 ], [ -122.27071, 55.1908 ], [ -122.25134, 55.14345 ], [ -122.23084, 55.14111 ], [ -122.20698, 55.15229 ], [ -122.17693, 55.14594 ], [ -122.16114, 55.13415 ], [ -122.1594, 55.10547 ], [ -122.1244, 55.09829 ], [ -122.10021, 55.10515 ], [ -122.05935, 55.07296 ], [ -122.03514, 55.0653 ], [ -122.00878, 55.03375 ], [ -121.97137, 55.02726 ], [ -121.96128, 55.0132 ], [ -121.93489, 55.00361 ], [ -121.93758, 54.99614 ], [ -121.90431, 54.96622 ], [ -121.86853, 54.95572 ], [ -121.84331, 54.92828 ], [ -121.86825, 54.90459 ], [ -121.85992, 54.89971 ], [ -121.83289, 54.90363 ], [ -121.86938, 54.88522 ], [ -121.8651, 54.86914 ], [ -121.80259, 54.85883 ], [ -121.79188, 54.83932 ], [ -121.78202, 54.83921 ], [ -121.72489, 54.88647 ], [ -121.64612, 54.85803 ], [ -121.64309, 54.84527 ], [ -121.55382, 54.82038 ], [ -121.53878, 54.80098 ], [ -121.52206, 54.79819 ], [ -121.52712, 54.77145 ], [ -121.48888, 54.75233 ], [ -121.49371, 54.74527 ], [ -121.47393, 54.72361 ], [ -121.48566, 54.69528 ], [ -121.51869, 54.68497 ], [ -121.52351, 54.65199 ], [ -121.48188, 54.60881 ], [ -121.45181, 54.6076 ], [ -121.43772, 54.58714 ], [ -121.45394, 54.56302 ], [ -121.39737, 54.56896 ], [ -121.39736, 54.53367 ], [ -121.35545, 54.53574 ], [ -121.31328, 54.51836 ], [ -121.3168, 54.51289 ], [ -121.27207, 54.51724 ], [ -121.24817, 54.54657 ], [ -121.12453, 54.54896 ], [ -121.13427, 54.5136 ], [ -121.11714, 54.50078 ], [ -121.12619, 54.48387 ], [ -121.07416, 54.45119 ], [ -121.06302, 54.4673 ], [ -121.0378, 54.45385 ], [ -121.00468, 54.4637 ], [ -120.94752, 54.46211 ], [ -120.93418, 54.45197 ], [ -120.92263, 54.45331 ], [ -120.87948, 54.46261 ], [ -120.87086, 54.49051 ], [ -120.8164, 54.49077 ], [ -120.79083, 54.47314 ], [ -120.80356, 54.45356 ], [ -120.80207, 54.42799 ], [ -120.78455, 54.40338 ], [ -120.76073, 54.39639 ], [ -120.7322, 54.40861 ], [ -120.71164, 54.40249 ], [ -120.68196, 54.38644 ], [ -120.66096, 54.36066 ], [ -120.66532, 54.35234 ], [ -120.69902, 54.34637 ], [ -120.68312, 54.32296 ], [ -120.72747, 54.29721 ], [ -120.67664, 54.2823 ], [ -120.65287, 54.28874 ], [ -120.63116, 54.28115 ], [ -120.62406, 54.29218 ], [ -120.59855, 54.28371 ], [ -120.57674, 54.24563 ], [ -120.58406, 54.22784 ], [ -120.56625, 54.21882 ], [ -120.56408, 54.20676 ], [ -120.58147, 54.17384 ], [ -120.53181, 54.13602 ], [ -120.50627, 54.12937 ], [ -120.47923, 54.13508 ], [ -120.44025, 54.11842 ], [ -120.39322, 54.12175 ], [ -120.329, 54.10436 ], [ -120.2884, 54.11417 ], [ -120.23141, 54.11134 ], [ -120.1673, 54.12152 ], [ -120.14358, 54.0646 ], [ -120.15509, 54.05452 ], [ -120.17415, 54.0549 ], [ -120.17827, 54.04212 ], [ -120.19363, 54.04433 ], [ -120.19655, 54.02981 ], [ -120.22963, 54.04155 ], [ -120.2629, 53.99963 ], [ -120.26, 53.97663 ], [ -120.20958, 53.97282 ], [ -120.19182, 53.94 ], [ -120.16133, 53.9375 ], [ -120.1058, 53.98303 ], [ -120.07449, 53.9778 ], [ -120.05545, 53.92085 ], [ -120.0659, 53.90262 ], [ -120.05282, 53.88325 ], [ -120.01743, 53.8642 ], [ -120.01598, 53.85174 ], [ -120.04296, 53.8459 ], [ -120.04979, 53.82901 ], [ -120.03709, 53.80465 ], [ -120.0085, 53.79535 ], [ -119.99999, 53.80623 ], [ -119.97745, 53.80538 ], [ -119.97129, 53.80162 ], [ -119.98305, 53.79716 ], [ -119.94234, 53.77586 ], [ -119.88824, 53.77948 ], [ -119.88743, 53.75002 ], [ -119.90213, 53.73842 ], [ -119.90082, 53.72302 ], [ -119.91567, 53.71728 ], [ -119.90798, 53.7106 ], [ -119.84433, 53.71474 ], [ -119.83434, 53.69714 ], [ -119.79738, 53.70777 ], [ -119.75562, 53.66492 ], [ -119.73453, 53.66319 ], [ -119.73721, 53.63683 ], [ -119.71341, 53.61458 ], [ -119.74873, 53.59337 ], [ -119.77624, 53.59116 ], [ -119.79306, 53.60238 ], [ -119.85407, 53.60771 ], [ -119.89386, 53.61953 ], [ -119.92589, 53.61454 ], [ -119.93038, 53.6104 ], [ -119.86103, 53.55653 ], [ -119.86226, 53.54851 ], [ -119.90034, 53.53297 ], [ -119.89948, 53.51913 ], [ -119.87022, 53.49996 ], [ -119.85386, 53.49993 ], [ -119.83292, 53.5193 ], [ -119.81252, 53.49995 ], [ -119.78035, 53.4918 ], [ -119.79064, 53.47537 ], [ -119.72542, 53.38875 ], [ -119.69545, 53.39061 ], [ -119.6689, 53.36783 ], [ -119.63754, 53.36906 ], [ -119.62413, 53.35961 ], [ -119.59834, 53.36572 ], [ -119.59838, 53.38353 ], [ -119.54848, 53.36749 ], [ -119.51753, 53.37007 ], [ -119.45924, 53.35722 ], [ -119.40608, 53.36809 ], [ -119.39074, 53.3608 ], [ -119.35588, 53.3401 ], [ -119.34691, 53.32633 ], [ -119.35598, 53.31233 ], [ -119.32965, 53.29661 ], [ -119.3405, 53.28708 ], [ -119.30144, 53.24983 ], [ -119.29136, 53.25003 ], [ -119.25146, 53.19897 ], [ -119.25712, 53.17662 ], [ -119.23272, 53.18177 ], [ -119.23313, 53.19353 ], [ -119.17561, 53.18463 ], [ -119.14601, 53.19118 ], [ -119.11952, 53.16177 ], [ -119.0885, 53.16553 ], [ -119.04688, 53.14491 ], [ -119.04797, 53.12682 ], [ -119.02456, 53.12671 ], [ -119.02509, 53.13457 ], [ -118.99987, 53.14858 ], [ -119.02877, 53.16419 ], [ -118.99942, 53.19276 ], [ -118.99939, 53.21273 ], [ -119.01829, 53.21943 ], [ -119.02383, 53.23195 ], [ -118.97519, 53.24166 ], [ -118.94744, 53.23894 ], [ -118.91596, 53.21184 ], [ -118.8796, 53.20593 ], [ -118.86207, 53.19094 ], [ -118.78652, 53.15922 ], [ -118.77249, 53.13304 ], [ -118.72952, 53.11548 ], [ -118.76983, 53.07449 ], [ -118.75906, 53.06578 ], [ -118.7762, 53.04535 ], [ -118.75894, 53.03801 ], [ -118.72644, 53.06022 ], [ -118.69588, 53.03281 ], [ -118.66876, 53.0425 ], [ -118.65535, 53.0348 ], [ -118.64077, 52.99933 ], [ -118.67119, 52.9783 ], [ -118.65134, 52.9555 ], [ -118.61342, 52.93601 ], [ -118.61383, 52.88372 ], [ -118.57544, 52.88524 ], [ -118.54379, 52.90845 ], [ -118.52224, 52.89822 ], [ -118.50014, 52.90638 ], [ -118.44828, 52.88529 ], [ -118.4612, 52.86935 ], [ -118.45252, 52.85538 ], [ -118.38698, 52.84712 ], [ -118.40232, 52.84253 ], [ -118.39963, 52.82446 ], [ -118.42241, 52.77579 ], [ -118.34282, 52.73856 ], [ -118.34329, 52.70889 ], [ -118.29014, 52.67769 ], [ -118.30104, 52.65408 ], [ -118.35449, 52.63368 ], [ -118.3525, 52.61065 ], [ -118.3336, 52.6062 ], [ -118.33257, 52.58017 ], [ -118.27278, 52.56596 ], [ -118.28915, 52.53849 ], [ -118.23553, 52.49018 ], [ -118.19335, 52.47782 ], [ -118.25534, 52.44954 ], [ -118.2398, 52.42702 ], [ -118.24445, 52.40802 ], [ -118.21979, 52.39179 ], [ -118.2542, 52.34797 ], [ -118.28976, 52.33895 ], [ -118.31711, 52.36778 ], [ -118.35365, 52.36605 ], [ -118.39524, 52.33485 ], [ -118.42596, 52.33613 ], [ -118.44035, 52.32467 ], [ -118.49312, 52.3125 ], [ -118.48916, 52.29913 ], [ -118.50157, 52.28167 ], [ -118.54079, 52.27293 ], [ -118.56352, 52.25838 ], [ -118.55577, 52.233 ], [ -118.58241, 52.193 ], [ -118.62863, 52.18269 ], [ -118.67629, 52.15146 ], [ -118.69415, 52.16666 ], [ -118.72424, 52.16163 ], [ -118.75198, 52.18515 ], [ -118.8032, 52.17722 ], [ -118.84958, 52.20947 ], [ -118.8512, 52.21529 ], [ -118.8329, 52.22165 ], [ -118.83784, 52.23216 ], [ -118.90018, 52.23834 ], [ -118.88212, 52.26409 ], [ -118.78649, 52.30826 ], [ -118.79214, 52.31742 ], [ -118.85515, 52.34142 ], [ -118.90938, 52.34544 ], [ -118.92638, 52.3536 ], [ -118.94793, 52.39121 ], [ -118.92632, 52.40432 ], [ -118.92163, 52.42212 ], [ -118.9417, 52.43971 ], [ -118.93579, 52.45208 ], [ -118.88505, 52.47836 ], [ -118.90733, 52.50206 ], [ -118.90527, 52.52628 ], [ -118.93636, 52.55142 ], [ -118.92756, 52.56879 ], [ -118.98819, 52.58761 ], [ -119.00434, 52.60111 ], [ -119.01821, 52.59307 ], [ -119.03779, 52.59638 ], [ -119.05609, 52.6333 ], [ -119.3644, 52.63251 ], [ -119.36565, 52.65617 ], [ -119.43172, 52.63793 ], [ -119.46491, 52.64921 ], [ -119.52376, 52.6277 ], [ -119.54441, 52.66279 ], [ -119.57795, 52.64799 ], [ -119.61299, 52.68222 ], [ -119.6179, 52.70604 ], [ -119.66803, 52.69933 ], [ -119.708, 52.67817 ], [ -119.74691, 52.68098 ], [ -119.76833, 52.66029 ], [ -119.81248, 52.67239 ], [ -119.84366, 52.69042 ], [ -119.85911, 52.6898 ], [ -119.86643, 52.68039 ], [ -119.89035, 52.70669 ], [ -119.9203, 52.7192 ], [ -119.95116, 52.71008 ], [ -119.96988, 52.73546 ], [ -120.02475, 52.75758 ], [ -120.06175, 52.81094 ], [ -120.05935, 52.82321 ], [ -120.11148, 52.84314 ], [ -120.1156, 52.86175 ], [ -120.16195, 52.89302 ], [ -120.15913, 52.92134 ], [ -120.20833, 52.93284 ], [ -120.22713, 52.91832 ], [ -120.26935, 52.92887 ], [ -120.30084, 52.9212 ], [ -120.32703, 52.92478 ], [ -120.37676, 52.96477 ], [ -120.41124, 52.9643 ], [ -120.4342, 52.97263 ], [ -120.48842, 53.05455 ], [ -120.47424, 53.06554 ], [ -120.42529, 53.06784 ], [ -120.41505, 53.09181 ], [ -120.42268, 53.10657 ], [ -120.46114, 53.12178 ], [ -120.47061, 53.15341 ], [ -120.5754, 53.1926 ], [ -120.59846, 53.1886 ], [ -120.70899, 53.26383 ], [ -120.78748, 53.25664 ], [ -120.81116, 53.28785 ], [ -120.85298, 53.28164 ], [ -120.92281, 53.30707 ], [ -120.93754, 53.30058 ], [ -120.94144, 53.28311 ], [ -120.97606, 53.28088 ], [ -120.98022, 53.31359 ], [ -121.01819, 53.32977 ], [ -120.99828, 53.38304 ], [ -121.00829, 53.4304 ], [ -121.02441, 53.42771 ], [ -121.07348, 53.39316 ], [ -121.12722, 53.39797 ], [ -121.14249, 53.37977 ], [ -121.15998, 53.38128 ], [ -121.17402, 53.39643 ], [ -121.19194, 53.40058 ], [ -121.1872, 53.38934 ], [ -121.19769, 53.37906 ], [ -121.22816, 53.38473 ], [ -121.26405, 53.40322 ], [ -121.2883, 53.44571 ], [ -121.55543, 53.43939 ], [ -121.57134, 53.45255 ], [ -122.27543, 53.45601 ], [ -122.28707, 53.45002 ], [ -122.33627, 53.45013 ], [ -122.34811, 53.44008 ], [ -122.32642, 53.41166 ], [ -122.34505, 53.39942 ], [ -122.34862, 53.37349 ], [ -122.61246, 53.37243 ], [ -122.63594, 53.37592 ], [ -122.63653, 53.3865 ], [ -122.66921, 53.37939 ], [ -122.6916, 53.39176 ], [ -122.73446, 53.38253 ], [ -122.76843, 53.38595 ], [ -122.83495, 53.37473 ], [ -122.85133, 53.34976 ], [ -122.88483, 53.32524 ], [ -122.87295, 53.31177 ], [ -122.88925, 53.30396 ], [ -122.89784, 53.31483 ], [ -122.91224, 53.29965 ], [ -122.94705, 53.29355 ], [ -122.96598, 53.30093 ], [ -122.96886, 53.28133 ], [ -122.99182, 53.28463 ], [ -123.01285, 53.27626 ], [ -123.02336, 53.29021 ], [ -123.05593, 53.3004 ], [ -123.06052, 53.29062 ], [ -123.07669, 53.2877 ], [ -123.09846, 53.29397 ], [ -123.14332, 53.28732 ], [ -123.16745, 53.29185 ], [ -123.16722, 53.29942 ], [ -123.19037, 53.29555 ], [ -123.21469, 53.30155 ], [ -123.26573, 53.29448 ], [ -123.29216, 53.28114 ], [ -123.30512, 53.28364 ], [ -123.30171, 53.47048 ], [ -123.27775, 53.47059 ], [ -123.28056, 53.49927 ], [ -123.30318, 53.49912 ], [ -123.30472, 53.62759 ], [ -123.35113, 53.64706 ], [ -123.37548, 53.6486 ], [ -123.37643, 53.66546 ], [ -123.42032, 53.67804 ], [ -123.44734, 53.70883 ], [ -123.46507, 53.70843 ], [ -123.49937, 53.7285 ], [ -123.51813, 53.75898 ], [ -123.50071, 53.78746 ], [ -123.42525, 53.79263 ], [ -123.4224, 53.97459 ], [ -123.4878, 54.00269 ], [ -123.50681, 53.99848 ], [ -123.52125, 54.00486 ], [ -123.52339, 53.9936 ], [ -123.54182, 53.98766 ], [ -123.58452, 54.02379 ], [ -123.57553, 54.03756 ], [ -123.61797, 54.0429 ], [ -123.60598, 54.05844 ], [ -123.58225, 54.0602 ], [ -123.56709, 54.07921 ], [ -123.55332, 54.0766 ], [ -123.5432, 54.0608 ], [ -123.52266, 54.06887 ], [ -123.49637, 54.06548 ], [ -123.48184, 54.07685 ], [ -123.50524, 54.09214 ], [ -123.56631, 54.10676 ], [ -123.55551, 54.1206 ], [ -123.53286, 54.12693 ], [ -123.53301, 54.14388 ], [ -123.51778, 54.15078 ], [ -123.51885, 54.25473 ], [ -123.55269, 54.2702 ], [ -123.53243, 54.2896 ], [ -123.55439, 54.30624 ], [ -123.64426, 54.33012 ], [ -123.74117, 54.32179 ], [ -123.7827, 54.33633 ], [ -123.81941, 54.33653 ], [ -123.84738, 54.37131 ], [ -123.86381, 54.37802 ], [ -123.90561, 54.37468 ], [ -123.92828, 54.36145 ], [ -123.93818, 54.38634 ], [ -123.9694, 54.41134 ], [ -123.96935, 54.42419 ], [ -123.98648, 54.42951 ], [ -123.95129, 54.44947 ], [ -123.95245, 54.45876 ], [ -123.84804, 54.51249 ], [ -123.86505, 54.51742 ], [ -123.86136, 54.52512 ], [ -123.82172, 54.5442 ], [ -123.83334, 54.55428 ], [ -123.81973, 54.56196 ], [ -123.81968, 54.58081 ], [ -123.79629, 54.57715 ], [ -123.78006, 54.59262 ], [ -123.80824, 54.60518 ], [ -123.77775, 54.61848 ], [ -123.78634, 54.62723 ], [ -123.7785, 54.65913 ], [ -123.79595, 54.69266 ], [ -123.84224, 54.69615 ], [ -123.86326, 54.68706 ], [ -123.85937, 54.7042 ], [ -123.88039, 54.71966 ], [ -123.88052, 54.7382 ], [ -123.94816, 54.7675 ], [ -123.91493, 54.81618 ], [ -123.91956, 54.83174 ], [ -123.89581, 54.85372 ], [ -123.90444, 54.86481 ], [ -124.00518, 54.86255 ], [ -124.02312, 54.86794 ], [ -124.01419, 54.8821 ], [ -123.99451, 54.88228 ], [ -123.99504, 54.89302 ], [ -124.03411, 54.90299 ], [ -124.05326, 54.94479 ], [ -124.01328, 54.95991 ], [ -124.01202, 54.98163 ], [ -123.99912, 54.9866 ], [ -123.99908, 55.02517 ], [ -123.98008, 55.01221 ], [ -123.94588, 55.0115 ], [ -123.90446, 55.01963 ], [ -123.88839, 55.03783 ], [ -123.86298, 55.04705 ], [ -123.83004, 55.04466 ], [ -123.82826, 55.03452 ], [ -123.81381, 55.04028 ], [ -123.81643, 54.99786 ], [ -123.79421, 54.99542 ], [ -123.69061, 54.92313 ], [ -123.65834, 54.92031 ], [ -123.63301, 54.93566 ], [ -123.62667, 54.95512 ], [ -123.59009, 54.9464 ], [ -123.55047, 54.95824 ], [ -123.51538, 55.01714 ], [ -123.4675, 55.02123 ], [ -123.45419, 55.01441 ], [ -123.42115, 55.02807 ], [ -123.40669, 55.05735 ], [ -123.41581, 55.08057 ], [ -123.39627, 55.10298 ], [ -123.42006, 55.13684 ], [ -123.39226, 55.17109 ], [ -123.41804, 55.21251 ], [ -123.41333, 55.23493 ], [ -123.43857, 55.24798 ], [ -123.46157, 55.28668 ], [ -123.49421, 55.31397 ], [ -123.53456, 55.32746 ], [ -123.56851, 55.31276 ], [ -123.64589, 55.30653 ], [ -123.74208, 55.28751 ], [ -123.77302, 55.29939 ], [ -123.79717, 55.32446 ], [ -123.85632, 55.3422 ], [ -123.87497, 55.40024 ], [ -123.90676, 55.42908 ], [ -123.89498, 55.46478 ], [ -123.90102, 55.48326 ], [ -123.88451, 55.50372 ], [ -123.91082, 55.52773 ], [ -123.95346, 55.60273 ], [ -123.97506, 55.60945 ], [ -123.93294, 55.64801 ], [ -123.84614, 55.6824 ], [ -123.81321, 55.72279 ], [ -123.78431, 55.73486 ], [ -123.7568, 55.73595 ], [ -123.76178, 55.74558 ], [ -123.816, 55.766 ], [ -123.82417, 55.80004 ], [ -123.86656, 55.81047 ], [ -123.93761, 55.90013 ], [ -123.92484, 55.91401 ], [ -123.87467, 55.92698 ], [ -123.85712, 55.97204 ], [ -123.84227, 55.9828 ], [ -123.80994, 55.97909 ], [ -123.77346, 55.95748 ] ] ] } },
{ "type": "Feature", "properties": { "cduid": "5955", "cd_name": "Peace River", "hazard_score": 0.012756338386925539, "annual_burn_share": 0.0037203893825787271, "owner_households": 16570.0 }, "geometry": { "type": "Polygon", "coordinates": [ [ [ -126.43476, 57.93452 ], [ -126.42218, 57.92362 ], [ -126.37799, 57.92326 ], [ -126.31593, 57.86192 ], [ -126.26871, 57.8557 ], [ -126.21418, 57.94349 ], [ -126.18291, 57.94456 ], [ -126.14009, 57.92237 ], [ -126.07794, 57.91367 ], [ -126.05396, 57.93021 ], [ -126.06477, 57.95911 ], [ -126.04409, 57.96694 ], [ -125.97474, 57.96703 ], [ -125.9164, 57.98068 ], [ -125.87591, 57.97386 ], [ -125.83746, 57.97939 ], [ -125.79736, 57.96605 ], [ -125.78965, 57.9226 ], [ -125.76677, 57.90816 ], [ -125.75627, 57.87447 ], [ -125.73615, 57.86204 ], [ -125.6996, 57.86827 ], [ -125.66137, 57.89045 ], [ -125.65344, 57.92222 ], [ -125.61997, 57.93705 ], [ -125.59383, 57.91425 ], [ -125.56353, 57.91822 ], [ -125.49599, 57.93513 ], [ -125.4916, 57.94892 ], [ -125.42498, 57.97986 ], [ -125.25083, 58.00542 ], [ -125.21683, 58.01944 ], [ -125.17224, 58.02375 ], [ -125.0947, 58.0191 ], [ -124.98235, 57.98142 ], [ -124.91899, 57.98624 ], [ -124.94836, 57.99987 ], [ -122.7577, 57.99757 ], [ -122.75556, 58.00275 ], [ -121.75329, 57.99912 ], [ -120.00002, 58.0 ], [ -120.00301, 53.79678 ], [ -120.03709, 53.80465 ], [ -120.04724, 53.8224 ], [ -120.04296, 53.8459 ], [ -120.01598, 53.85174 ], [ -120.01743, 53.8642 ], [ -120.05282, 53.88325 ], [ -120.0659, 53.90262 ], [ -120.05545, 53.92085 ], [ -120.07449, 53.9778 ], [ -120.1058, 53.98303 ], [ -120.16133, 53.9375 ], [ -120.19182, 53.94 ], [ -120.20958, 53.97282 ], [ -120.26, 53.97663 ], [ -120.2629, 53.99963 ], [ -120.22963, 54.04155 ], [ -120.19655, 54.02981 ], [ -120.19363, 54.04433 ], [ -120.17827, 54.04212 ], [ -120.17415, 54.0549 ], [ -120.15509, 54.05452 ], [ -120.14358, 54.0646 ], [ -120.1673, 54.12152 ], [ -120.23141, 54.11134 ], [ -120.2884, 54.11417 ], [ -120.329, 54.10436 ], [ -120.39322, 54.12175 ], [ -120.44025, 54.11842 ], [ -120.47923, 54.13508 ], [ -120.50627, 54.12937 ], [ -120.53181, 54.13602 ], [ -120.58147, 54.17384 ], [ -120.56408, 54.20676 ], [ -120.56625, 54.21882 ], [ -120.58406, 54.22784 ], [ -120.57674, 54.24563 ], [ -120.59855, 54.28371 ], [ -120.62406, 54.29218 ], [ -120.63116, 54.28115 ], [ -120.65287, 54.28874 ], [ -120.67664, 54.2823 ], [ -120.72747, 54.29721 ], [ -120.68312, 54.32296 ], [ -120.69902, 54.34637 ], [ -120.66532, 54.35234 ], [ -120.66096, 54.36066 ], [ -120.68196, 54.38644 ], [ -120.71164, 54.40249 ], [ -120.7322, 54.40861 ], [ -120.76073, 54.39639 ], [ -120.78455, 54.40338 ], [ -120.80207, 54.42799 ], [ -120.80356, 54.45356 ], [ -120.79083, 54.47314 ], [ -120.8164, 54.49077 ], [ -120.87086, 54.49051 ], [ -120.87948, 54.46261 ], [ -120.92263, 54.45331 ], [ -120.93418, 54.45197 ], [ -120.94752, 54.46211 ], [ -121.00468, 54.4637 ], [ -121.0378, 54.45385 ], [ -121.06302, 54.4673 ], [ -121.07416, 54.45119 ], [ -121.12619, 54.48387 ], [ -121.11714, 54.50078 ], [ -121.13427, 54.5136 ], [ -121.12453, 54.54896 ], [ -121.24817, 54.54657 ], [ -121.27207, 54.51724 ], [ -121.3168, 54.51289 ], [ -121.31328, 54.51836 ], [ -121.35545, 54.53574 ], [ -121.39736, 54.53367 ], [ -121.39737, 54.56896 ], [ -121.45394, 54.56302 ], [ -121.43772, 54.58714 ], [ -121.45181, 54.6076 ], [ -121.48188, 54.60881 ], [ -121.52351, 54.65199 ], [ -121.51869, 54.68497 ], [ -121.48566, 54.69528 ], [ -121.47393, 54.72361 ], [ -121.49371, 54.74527 ], [ -121.48888, 54.75233 ], [ -121.52712, 54.77145 ], [ -121.52206, 54.79819 ], [ -121.53878, 54.80098 ], [ -121.55382, 54.82038 ], [ -121.64309, 54.84527 ], [ -121.64612, 54.85803 ], [ -121.72489, 54.88647 ], [ -121.78202, 54.83921 ], [ -121.79188, 54.83932 ], [ -121.80259, 54.85883 ], [ -121.8651, 54.86914 ], [ -121.86938, 54.88522 ], [ -121.83289, 54.90363 ], [ -121.85992, 54.89971 ], [ -121.86825, 54.90459 ], [ -121.84331, 54.92828 ], [ -121.86853, 54.95572 ], [ -121.90431, 54.96622 ], [ -121.93758, 54.99614 ], [ -121.93489, 55.00361 ], [ -121.96128, 55.0132 ], [ -121.97137, 55.02726 ], [ -122.00878, 55.03375 ], [ -122.03514, 55.0653 ], [ -122.05935, 55.07296 ], [ -122.10021, 55.10515 ], [ -122.1244, 55.09829 ], [ -122.1594, 55.10547 ], [ -122.16114, 55.13415 ], [ -122.17693, 55.14594 ], [ -122.20698, 55.15229 ], [ -122.23084, 55.14111 ], [ -122.25134, 55.14345 ], [ -122.27071, 55.1908 ], [ -122.25591, 55.20326 ], [ -122.22567, 55.20768 ], [ -122.23851, 55.22281 ], [ -122.30235, 55.24366 ], [ -122.29663, 55.25109 ], [ -122.38597, 55.33531 ], [ -122.42923, 55.33077 ], [ -122.48476, 55.34876 ], [ -122.49629, 55.36427 ], [ -122.58996, 55.41449 ], [ -122.63008, 55.39395 ], [ -122.6367, 55.35915 ], [ -122.65494, 55.34243 ], [ -122.67849, 55.34035 ], [ -122.6982, 55.34701 ], [ -122.7199, 55.34398 ], [ -122.73998, 55.35407 ], [ -122.74271, 55.36554 ], [ -122.78915, 55.38112 ], [ -122.81156, 55.38751 ], [ -122.83031, 55.38438 ], [ -122.84604, 55.39892 ], [ -122.87779, 55.4062 ], [ -122.86197, 55.41576 ], [ -122.87441, 55.41902 ], [ -122.97453, 55.39808 ], [ -122.98719, 55.40153 ], [ -123.0023, 55.45826 ], [ -122.98008, 55.4647 ], [ -122.92779, 55.46305 ], [ -122.95666, 55.48829 ], [ -122.93292, 55.52178 ], [ -122.94254, 55.55406 ], [ -122.92116, 55.56402 ], [ -122.94804, 55.58092 ], [ -122.96554, 55.58216 ], [ -122.9969, 55.56342 ], [ -123.03788, 55.56252 ], [ -123.07181, 55.58267 ], [ -123.07816, 55.6255 ], [ -123.12593, 55.62962 ], [ -123.14294, 55.64044 ], [ -123.12038, 55.68879 ], [ -123.14377, 55.73169 ], [ -123.16429, 55.7375 ], [ -123.19117, 55.73322 ], [ -123.19851, 55.72719 ], [ -123.18082, 55.71159 ], [ -123.22841, 55.71181 ], [ -123.26083, 55.69711 ], [ -123.32666, 55.71537 ], [ -123.3414, 55.73126 ], [ -123.30741, 55.7761 ], [ -123.31796, 55.80024 ], [ -123.33986, 55.80891 ], [ -123.35134, 55.83045 ], [ -123.3816, 55.83413 ], [ -123.36773, 55.86108 ], [ -123.41813, 55.8715 ], [ -123.43083, 55.88214 ], [ -123.52366, 55.86317 ], [ -123.5762, 55.87054 ], [ -123.57897, 55.88088 ], [ -123.60804, 55.88315 ], [ -123.68429, 55.91368 ], [ -123.68144, 55.94012 ], [ -123.75153, 55.93389 ], [ -123.80994, 55.97909 ], [ -123.84227, 55.9828 ], [ -123.85712, 55.97204 ], [ -123.87467, 55.92698 ], [ -123.92484, 55.91401 ], [ -123.93676, 55.89481 ], [ -123.86656, 55.81047 ], [ -123.82417, 55.80004 ], [ -123.816, 55.766 ], [ -123.76178, 55.74558 ], [ -123.7568, 55.73595 ], [ -123.80326, 55.72836 ], [ -123.84614, 55.6824 ], [ -123.91644, 55.65677 ], [ -123.962, 55.62443 ], [ -123.97506, 55.60945 ], [ -123.95346, 55.60273 ], [ -123.92838, 55.55438 ], [ -123.99361, 55.54989 ], [ -124.01854, 55.53604 ], [ -124.03748, 55.53762 ], [ -124.09263, 55.56881 ], [ -124.12301, 55.63972 ], [ -124.15308, 55.64911 ], [ -124.19229, 55.68315 ], [ -124.26715, 55.68661 ], [ -124.29693, 55.69564 ], [ -124.33486, 55.7404 ], [ -124.32778, 55.75375 ], [ -124.35735, 55.79088 ], [ -124.33464, 55.83876 ], [ -124.37925, 55.88612 ], [ -124.39913, 55.95055 ], [ -124.43158, 55.95482 ], [ -124.44005, 55.99893 ], [ -124.49763, 56.06725 ], [ -124.47542, 56.11888 ], [ -124.484, 56.13 ], [ -124.66102, 56.11612 ], [ -124.71546, 56.1338 ], [ -124.83285, 56.22354 ], [ -124.89464, 56.24223 ], [ -124.94671, 56.24008 ], [ -124.98018, 56.22941 ], [ -124.99869, 56.21039 ], [ -125.05471, 56.20353 ], [ -125.06366, 56.26307 ], [ -125.1191, 56.3036 ], [ -125.18903, 56.29474 ], [ -125.24546, 56.25056 ], [ -125.31645, 56.25011 ], [ -125.32463, 56.24399 ], [ -125.40377, 56.25295 ], [ -125.45769, 56.23335 ], [ -125.60849, 56.15329 ], [ -125.63518, 56.15126 ], [ -125.64992, 56.1573 ], [ -125.64552, 56.22601 ], [ -125.65663, 56.22859 ], [ -125.73762, 56.19058 ], [ -125.86564, 56.1452 ], [ -125.9555, 56.14293 ], [ -125.97173, 56.16634 ], [ -125.98062, 56.24563 ], [ -126.11632, 56.27192 ], [ -126.19475, 56.34238 ], [ -126.19584, 56.35036 ], [ -126.10036, 56.39262 ], [ -126.09105, 56.40403 ], [ -126.10187, 56.42544 ], [ -126.19649, 56.47353 ], [ -126.14193, 56.5295 ], [ -126.16081, 56.56317 ], [ -126.14256, 56.58378 ], [ -126.15964, 56.5916 ], [ -126.17041, 56.61216 ], [ -126.23127, 56.6473 ], [ -126.33151, 56.67737 ], [ -126.37834, 56.67123 ], [ -126.41767, 56.65478 ], [ -126.48831, 56.66469 ], [ -126.65341, 56.7606 ], [ -126.69269, 56.77495 ], [ -126.71722, 56.76634 ], [ -126.81149, 56.68032 ], [ -126.85668, 56.67733 ], [ -126.90227, 56.69248 ], [ -126.91705, 56.69074 ], [ -126.93749, 56.66155 ], [ -126.96783, 56.64519 ], [ -127.06589, 56.61318 ], [ -127.10108, 56.61354 ], [ -127.12886, 56.6264 ], [ -127.22229, 56.7459 ], [ -127.40538, 56.67646 ], [ -127.45417, 56.69317 ], [ -127.53274, 56.74067 ], [ -127.51313, 56.75009 ], [ -127.52331, 56.77305 ], [ -127.56659, 56.80402 ], [ -127.57455, 56.82154 ], [ -127.61775, 56.84647 ], [ -127.61082, 56.85328 ], [ -127.56542, 56.85787 ], [ -127.60503, 56.89444 ], [ -127.54479, 56.93135 ], [ -127.54108, 56.969 ], [ -127.57876, 56.97855 ], [ -127.6771, 56.97678 ], [ -127.70643, 56.99077 ], [ -127.73287, 57.01963 ], [ -127.73841, 57.06166 ], [ -127.71651, 57.13259 ], [ -127.69696, 57.1409 ], [ -127.55828, 57.15998 ], [ -127.47646, 57.19608 ], [ -127.46727, 57.21003 ], [ -127.4891, 57.32266 ], [ -127.37427, 57.41819 ], [ -127.3029, 57.44667 ], [ -127.32509, 57.48225 ], [ -127.2934, 57.4982 ], [ -127.32937, 57.5093 ], [ -127.34189, 57.54905 ], [ -127.31286, 57.57767 ], [ -127.28342, 57.5756 ], [ -127.27191, 57.60319 ], [ -127.1814, 57.59766 ], [ -127.14525, 57.57755 ], [ -127.13821, 57.56251 ], [ -127.15015, 57.5359 ], [ -127.09308, 57.52813 ], [ -127.05705, 57.50727 ], [ -126.98797, 57.52996 ], [ -126.78757, 57.57078 ], [ -126.8023, 57.59271 ], [ -126.86831, 57.63337 ], [ -126.83666, 57.66822 ], [ -126.83959, 57.67944 ], [ -126.85251, 57.68817 ], [ -126.93809, 57.70712 ], [ -126.95398, 57.74413 ], [ -126.98127, 57.76081 ], [ -126.97972, 57.77796 ], [ -126.95909, 57.79708 ], [ -126.86915, 57.78533 ], [ -126.85142, 57.7917 ], [ -126.8786, 57.82983 ], [ -126.88796, 57.86732 ], [ -126.97059, 57.93312 ], [ -126.98003, 57.96122 ], [ -126.95394, 57.97568 ], [ -126.95094, 57.98945 ], [ -126.77302, 58.01107 ], [ -126.70306, 58.0271 ], [ -126.66291, 57.99082 ], [ -126.60412, 57.96021 ], [ -126.51803, 57.94095 ], [ -126.43476, 57.93452 ] ] ] } },
{ "type": "Feature", "properties": { "cduid": "5957", "cd_name": "Stikine", "hazard_score": 0.0071025181573967843, "annual_burn_share": 0.0020714512535536631, "owner_households": 200.0 }, "geometry": { "type": "Polygon", "coordinates": [ [ [ -135.4, 60.00006 ], [ -133.5, 60.0 ], [ -131.5, 60.0 ], [ -129.5, 60.0 ], [ -127.725, 60.00002 ], [ -127.72861, 59.89571 ], [ -127.67754, 59.89322 ], [ -127.6555, 59.88014 ], [ -127.65629, 59.86427 ], [ -127.67264, 59.85064 ], [ -127.76749, 59.83783 ], [ -127.76164, 59.7997 ], [ -127.80273, 59.78545 ], [ -127.7868, 59.77211 ], [ -127.81059, 59.75934 ], [ -127.79407, 59.72765 ], [ -127.79971, 59.71132 ], [ -127.78568, 59.70152 ], [ -127.79785, 59.69513 ], [ -127.75261, 59.66665 ], [ -127.72767, 59.62998 ], [ -127.59267, 59.59704 ], [ -127.53268, 59.53442 ], [ -127.48484, 59.52371 ], [ -127.44618, 59.48895 ], [ -127.42771, 59.45525 ], [ -127.34265, 59.37866 ], [ -127.33312, 59.34658 ], [ -127.27971, 59.28217 ], [ -127.23586, 59.25306 ], [ -127.22305, 59.21721 ], [ -127.19835, 59.19617 ], [ -127.18696, 59.14889 ], [ -127.1132, 59.12046 ], [ -127.04591, 59.13607 ], [ -126.97627, 59.1114 ], [ -126.96656, 59.07504 ], [ -126.97856, 59.04981 ], [ -126.95139, 59.02469 ], [ -126.94346, 58.97177 ], [ -126.9924, 58.90934 ], [ -127.05942, 58.8506 ], [ -127.02138, 58.80663 ], [ -127.00422, 58.80431 ], [ -126.97085, 58.81421 ], [ -126.94868, 58.80897 ], [ -126.89535, 58.77813 ], [ -126.8344, 58.72211 ], [ -126.8511, 58.69768 ], [ -126.90668, 58.66117 ], [ -126.91435, 58.6388 ], [ -126.89714, 58.63079 ], [ -126.87352, 58.63674 ], [ -126.83557, 58.66311 ], [ -126.74387, 58.66726 ], [ -126.58552, 58.58041 ], [ -126.55199, 58.57913 ], [ -126.48677, 58.60504 ], [ -126.40327, 58.5969 ], [ -126.31987, 58.60843 ], [ -126.3029, 58.59835 ], [ -126.30299, 58.57225 ], [ -126.28483, 58.54932 ], [ -126.20759, 58.49342 ], [ -126.13812, 58.46506 ], [ -126.07055, 58.44942 ], [ -126.0601, 58.42048 ], [ -126.01456, 58.40655 ], [ -125.93089, 58.39529 ], [ -125.89459, 58.41229 ], [ -125.85745, 58.41266 ], [ -125.82297, 58.3694 ], [ -125.83337, 58.35617 ], [ -125.78463, 58.34601 ], [ -125.7749, 58.32162 ], [ -125.75034, 58.32356 ], [ -125.71739, 58.30728 ], [ -125.65019, 58.30391 ], [ -125.55184, 58.31955 ], [ -125.51746, 58.30866 ], [ -125.4805, 58.30865 ], [ -125.46239, 58.33523 ], [ -125.43935, 58.34113 ], [ -125.35406, 58.28978 ], [ -125.3564, 58.27947 ], [ -125.32853, 58.27777 ], [ -125.28046, 58.30364 ], [ -125.26418, 58.28196 ], [ -125.2013, 58.23926 ], [ -125.16011, 58.24384 ], [ -125.14151, 58.23631 ], [ -125.05696, 58.23539 ], [ -125.02859, 58.2414 ], [ -124.95187, 58.23084 ], [ -124.91669, 58.2561 ], [ -124.87985, 58.22344 ], [ -124.84892, 58.22135 ], [ -124.8297, 58.20706 ], [ -124.88396, 58.16432 ], [ -124.86096, 58.12489 ], [ -124.92636, 58.06489 ], [ -124.91939, 58.02542 ], [ -124.96631, 58.02192 ], [ -124.96213, 58.00685 ], [ -124.91899, 57.98624 ], [ -124.98235, 57.98142 ], [ -125.0947, 58.0191 ], [ -125.20391, 58.02236 ], [ -125.25083, 58.00542 ], [ -125.42498, 57.97986 ], [ -125.4916, 57.94892 ], [ -125.49599, 57.93513 ], [ -125.56353, 57.91822 ], [ -125.59383, 57.91425 ], [ -125.61997, 57.93705 ], [ -125.65344, 57.92222 ], [ -125.66137, 57.89045 ], [ -125.6996, 57.86827 ], [ -125.73615, 57.86204 ], [ -125.75627, 57.87447 ], [ -125.76677, 57.90816 ], [ -125.78965, 57.9226 ], [ -125.79736, 57.96605 ], [ -125.83746, 57.97939 ], [ -125.87591, 57.97386 ], [ -125.9164, 57.98068 ], [ -125.97474, 57.96703 ], [ -126.04409, 57.96694 ], [ -126.06477, 57.95911 ], [ -126.05396, 57.93021 ], [ -126.07794, 57.91367 ], [ -126.14009, 57.92237 ], [ -126.18291, 57.94456 ], [ -126.21418, 57.94349 ], [ -126.22875, 57.93374 ], [ -126.22968, 57.9117 ], [ -126.26314, 57.85968 ], [ -126.28895, 57.85452 ], [ -126.31593, 57.86192 ], [ -126.37799, 57.92326 ], [ -126.42218, 57.92362 ], [ -126.45237, 57.9384 ], [ -126.51803, 57.94095 ], [ -126.60412, 57.96021 ], [ -126.66291, 57.99082 ], [ -126.69669, 58.02583 ], [ -126.95094, 57.98945 ], [ -126.95394, 57.97568 ], [ -126.98003, 57.96122 ], [ -126.97059, 57.93312 ], [ -126.88796, 57.86732 ], [ -126.8786, 57.82983 ], [ -126.85142, 57.7917 ], [ -126.86915, 57.78533 ], [ -126.95909, 57.79708 ], [ -126.97972, 57.77796 ], [ -126.98127, 57.76081 ], [ -126.95398, 57.74413 ], [ -126.93809, 57.70712 ], [ -126.85251, 57.68817 ], [ -126.83959, 57.67944 ], [ -126.83666, 57.66822 ], [ -126.86831, 57.63337 ], [ -126.8023, 57.59271 ], [ -126.78757, 57.57078 ], [ -126.98797, 57.52996 ], [ -127.05705, 57.50727 ], [ -127.09308, 57.52813 ], [ -127.15015, 57.5359 ], [ -127.13821, 57.56251 ], [ -127.14525, 57.57755 ], [ -127.1814, 57.59766 ], [ -127.27191, 57.60319 ], [ -127.28342, 57.5756 ], [ -127.31286, 57.57767 ], [ -127.34189, 57.54905 ], [ -127.32937, 57.5093 ], [ -127.2934, 57.4982 ], [ -127.32509, 57.48225 ], [ -127.3029, 57.44667 ], [ -127.37427, 57.41819 ], [ -127.4891, 57.32266 ], [ -127.46727, 57.21003 ], [ -127.47646, 57.19608 ], [ -127.55828, 57.15998 ], [ -127.69696, 57.1409 ], [ -127.71651, 57.13259 ], [ -127.73035, 57.10997 ], [ -127.7382, 57.03553 ], [ -127.70643, 56.99077 ], [ -127.6771, 56.97678 ], [ -127.57876, 56.97855 ], [ -127.54108, 56.969 ], [ -127.54479, 56.93135 ], [ -127.60503, 56.89444 ], [ -127.56542, 56.85787 ], [ -127.61082, 56.85328 ], [ -127.61775, 56.84647 ], [ -127.57455, 56.82154 ], [ -127.56659, 56.80402 ], [ -127.52331, 56.77305 ], [ -127.51313, 56.75009 ], [ -127.53274, 56.74067 ], [ -127.45417, 56.69317 ], [ -127.40538, 56.67646 ], [ -127.22229, 56.7459 ], [ -127.12886, 56.6264 ], [ -127.10108, 56.61354 ], [ -127.03791, 56.61797 ], [ -126.99288, 56.63222 ], [ -126.93749, 56.66155 ], [ -126.91705, 56.69074 ], [ -126.90227, 56.69248 ], [ -126.85668, 56.67733 ], [ -126.81149, 56.68032 ], [ -126.71722, 56.76634 ], [ -126.69269, 56.77495 ], [ -126.65341, 56.7606 ], [ -126.48831, 56.66469 ], [ -126.41767, 56.65478 ], [ -126.37834, 56.67123 ], [ -126.33151, 56.67737 ], [ -126.23127, 56.6473 ], [ -126.17041, 56.61216 ], [ -126.15964, 56.5916 ], [ -126.14256, 56.58378 ], [ -126.16081, 56.56317 ], [ -126.14193, 56.5295 ], [ -126.19649, 56.47353 ], [ -126.10187, 56.42544 ], [ -126.09105, 56.40403 ], [ -126.10036, 56.39262 ], [ -126.19584, 56.35036 ], [ -126.19475, 56.34238 ], [ -126.11632, 56.27192 ], [ -125.98062, 56.24563 ], [ -125.97173, 56.16634 ], [ -125.9555, 56.14293 ], [ -125.86564, 56.1452 ], [ -125.73762, 56.19058 ], [ -125.65663, 56.22859 ], [ -125.64552, 56.22601 ], [ -125.64992, 56.1573 ], [ -125.63518, 56.15126 ], [ -125.60849, 56.15329 ], [ -125.45769, 56.23335 ], [ -125.40377, 56.25295 ], [ -125.32463, 56.24399 ], [ -125.31645, 56.25011 ], [ -125.24546, 56.25056 ], [ -125.18903, 56.29474 ], [ -125.1191, 56.3036 ], [ -125.06366, 56.26307 ], [ -125.05471, 56.20353 ], [ -124.99869, 56.21039 ], [ -124.98018, 56.22941 ], [ -124.94671, 56.24008 ], [ -124.89464, 56.24223 ], [ -124.83285, 56.22354 ], [ -124.71546, 56.1338 ], [ -124.66102, 56.11612 ], [ -124.484, 56.13 ], [ -124.47542, 56.11888 ], [ -124.49763, 56.06725 ], [ -124.44069, 55.99893 ], [ -126.00105, 55.99954 ], [ -127.02532, 56.0001 ], [ -127.91822, 56.00281 ], [ -127.91557, 55.99756 ], [ -128.36463, 56.00318 ], [ -128.40574, 56.03527 ], [ -128.52262, 56.08376 ], [ -128.47379, 56.10578 ], [ -128.4093, 56.10915 ], [ -128.32162, 56.09209 ], [ -128.27871, 56.11028 ], [ -128.29843, 56.18096 ], [ -128.27549, 56.2142 ], [ -128.28409, 56.24657 ], [ -128.23091, 56.27125 ], [ -128.20206, 56.30092 ], [ -128.10581, 56.30943 ], [ -128.08797, 56.32122 ], [ -128.10934, 56.34818 ], [ -128.27318, 56.38342 ], [ -128.28019, 56.40945 ], [ -128.16352, 56.45348 ], [ -128.13651, 56.42761 ], [ -128.0801, 56.41412 ], [ -127.99896, 56.42835 ], [ -127.96379, 56.45115 ], [ -127.99002, 56.50345 ], [ -127.97749, 56.52072 ], [ -127.94599, 56.53349 ], [ -127.84369, 56.54883 ], [ -127.8476, 56.55916 ], [ -127.90524, 56.59147 ], [ -127.91622, 56.61507 ], [ -127.94498, 56.62156 ], [ -127.98948, 56.61132 ], [ -128.07112, 56.66664 ], [ -128.09779, 56.666 ], [ -128.11059, 56.63938 ], [ -128.17652, 56.64345 ], [ -128.18391, 56.65761 ], [ -128.16198, 56.70647 ], [ -128.18868, 56.73785 ], [ -128.20642, 56.7302 ], [ -128.25927, 56.74823 ], [ -128.29062, 56.74506 ], [ -128.35852, 56.75298 ], [ -128.4183, 56.77185 ], [ -128.44902, 56.79474 ], [ -128.486, 56.80373 ], [ -128.61888, 56.87786 ], [ -128.63447, 56.88364 ], [ -128.69334, 56.87843 ], [ -128.6489, 56.91975 ], [ -128.66769, 56.93594 ], [ -128.66152, 56.97227 ], [ -128.69913, 56.99682 ], [ -128.72627, 57.04215 ], [ -128.78066, 57.05289 ], [ -128.78612, 57.07567 ], [ -128.81797, 57.08756 ], [ -128.85004, 57.11666 ], [ -128.93062, 57.14763 ], [ -128.97769, 57.14394 ], [ -129.00205, 57.16439 ], [ -129.00225, 57.99876 ], [ -128.94319, 59.00225 ], [ -129.79776, 59.00059 ], [ -131.00979, 59.0021 ], [ -131.00167, 58.00055 ], [ -133.06954, 58.00005 ], [ -133.1724, 58.15164 ], [ -133.35407, 58.2834 ], [ -133.46127, 58.38987 ], [ -133.3818, 58.43255 ], [ -133.69947, 58.60911 ], [ -133.84133, 58.73015 ], [ -134.00259, 58.77409 ], [ -134.25643, 58.85907 ], [ -134.33738, 58.92034 ], [ -134.31228, 58.96139 ], [ -134.40761, 58.97845 ], [ -134.38537, 59.0414 ], [ -134.44492, 59.08647 ], [ -134.48478, 59.13339 ], [ -134.5698, 59.1335 ], [ -134.67795, 59.1928 ], [ -134.6993, 59.24839 ], [ -134.95894, 59.28109 ], [ -135.0302, 59.34835 ], [ -134.98925, 59.38788 ], [ -135.09753, 59.427 ], [ -135.02799, 59.4763 ], [ -135.02771, 59.56392 ], [ -135.11755, 59.62338 ], [ -135.15445, 59.62648 ], [ -135.22181, 59.66415 ], [ -135.23471, 59.69595 ], [ -135.37702, 59.74293 ], [ -135.47901, 59.79861 ], [ -135.94569, 59.66362 ], [ -136.19525, 59.63881 ], [ -136.35571, 59.60067 ], [ -136.24141, 59.5591 ], [ -136.23629, 59.52671 ], [ -136.30144, 59.46584 ], [ -136.33149, 59.45599 ], [ -136.39774, 59.44718 ], [ -136.47625, 59.46419 ], [ -136.46749, 59.28456 ], [ -136.49513, 59.27513 ], [ -136.48877, 59.25801 ], [ -136.58199, 59.16554 ], [ -136.82467, 59.1598 ], [ -137.09775, 59.05652 ], [ -137.28841, 58.99948 ], [ -137.44656, 58.90866 ], [ -137.52673, 58.9066 ], [ -137.49931, 58.98314 ], [ -137.60207, 59.24073 ], [ -138.60543, 59.75769 ], [ -138.6563, 59.79922 ], [ -138.70579, 59.90624 ], [ -138.79082, 59.92299 ], [ -139.04213, 59.99157 ], [ -139.0522, 60.00004 ], [ -137.25, 60.0 ], [ -135.4, 60.00006 ] ] ] } },
{ "type": "Feature", "properties": { "cduid": "5959", "cd_name": "Northern Rockies", "hazard_score": 0.029763265897211909, "annual_burn_share": 0.008680464179936391, "owner_households": 1260.0 }, "geometry": { "type": "Polygon", "coordinates": [ [ [ -127.7125, 60.00003 ], [ -125.75, 60.0 ], [ -123.75, 60.0 ], [ -121.75, 60.0 ], [ -120.0, 60.0 ], [ -120.00002, 58.0 ], [ -121.75329, 57.99912 ], [ -122.75556, 58.00275 ], [ -122.7577, 57.99757 ], [ -124.94836, 57.99987 ], [ -124.96631, 58.02192 ], [ -124.91939, 58.02542 ], [ -124.92636, 58.06489 ], [ -124.86096, 58.12489 ], [ -124.88396, 58.16432 ], [ -124.8297, 58.20706 ], [ -124.84892, 58.22135 ], [ -124.87985, 58.22344 ], [ -124.91669, 58.2561 ], [ -124.95187, 58.23084 ], [ -125.02859, 58.2414 ], [ -125.05696, 58.23539 ], [ -125.14151, 58.23631 ], [ -125.16011, 58.24384 ], [ -125.2013, 58.23926 ], [ -125.26418, 58.28196 ], [ -125.28046, 58.30364 ], [ -125.32853, 58.27777 ], [ -125.3564, 58.27947 ], [ -125.35406, 58.28978 ], [ -125.43935, 58.34113 ], [ -125.46239, 58.33523 ], [ -125.4805, 58.30865 ], [ -125.51746, 58.30866 ], [ -125.55184, 58.31955 ], [ -125.65019, 58.30391 ], [ -125.71739, 58.30728 ], [ -125.75034, 58.32356 ], [ -125.7749, 58.32162 ], [ -125.78463, 58.34601 ], [ -125.83337, 58.35617 ], [ -125.82297, 58.3694 ], [ -125.85745, 58.41266 ], [ -125.89459, 58.41229 ], [ -125.93089, 58.39529 ], [ -126.01456, 58.40655 ], [ -126.0601, 58.42048 ], [ -126.07055, 58.44942 ], [ -126.13812, 58.46506 ], [ -126.20759, 58.49342 ], [ -126.28483, 58.54932 ], [ -126.30299, 58.57225 ], [ -126.3029, 58.59835 ], [ -126.31987, 58.60843 ], [ -126.40327, 58.5969 ], [ -126.48677, 58.60504 ], [ -126.55199, 58.57913 ], [ -126.58552, 58.58041 ], [ -126.74387, 58.66726 ], [ -126.83557, 58.66311 ], [ -126.87352, 58.63674 ], [ -126.89714, 58.63079 ], [ -126.91435, 58.6388 ], [ -126.90668, 58.66117 ], [ -126.8511, 58.69768 ], [ -126.8344, 58.72211 ], [ -126.89535, 58.77813 ], [ -126.94868, 58.80897 ], [ -126.97085, 58.81421 ], [ -127.00422, 58.80431 ], [ -127.02138, 58.80663 ], [ -127.05942, 58.8506 ], [ -126.9924, 58.90934 ], [ -126.94346, 58.97177 ], [ -126.95139, 59.02469 ], [ -126.97856, 59.04981 ], [ -126.96656, 59.07504 ], [ -126.97627, 59.1114 ], [ -127.04591, 59.13607 ], [ -127.1132, 59.12046 ], [ -127.18696, 59.14889 ], [ -127.19835, 59.19617 ], [ -127.22305, 59.21721 ], [ -127.23586, 59.25306 ], [ -127.27971, 59.28217 ], [ -127.33312, 59.34658 ], [ -127.34265, 59.37866 ], [ -127.42771, 59.45525 ], [ -127.44618, 59.48895 ], [ -127.48484, 59.52371 ], [ -127.53268, 59.53442 ], [ -127.59267, 59.59704 ], [ -127.72767, 59.62998 ], [ -127.75261, 59.66665 ], [ -127.79785, 59.69513 ], [ -127.78568, 59.70152 ], [ -127.79971, 59.71132 ], [ -127.79407, 59.72765 ], [ -127.81059, 59.75934 ], [ -127.7868, 59.77211 ], [ -127.80273, 59.78545 ], [ -127.76164, 59.7997 ], [ -127.76749, 59.83783 ], [ -127.67264, 59.85064 ], [ -127.65629, 59.86427 ], [ -127.6555, 59.88014 ], [ -127.67754, 59.89322 ], [ -127.72861, 59.89571 ], [ -127.73047, 59.99319 ], [ -127.7125, 60.00003 ] ] ] } }
]
}
